<?xml version="1.0" encoding="UTF-8" ?>
<!DOCTYPE html>
<html xmlns='http://www.w3.org/1999/xhtml' xmlns:b='http://www.google.com/2005/gml/b' xmlns:data='http://www.google.com/2005/gml/data' xmlns:expr='http://www.google.com/2005/gml/expr'>
  <head>

    <link href='http://fonts.googleapis.com/css?family=Roboto+Condensed:400,700' rel='stylesheet' type='text/css'/>

    <b:include data='blog' name='all-head-content'/>

    <title>
      <b:if cond='data:blog.pageType == &quot;index&quot;'>
        <data:blog.pageTitle/>
        <b:else/>
        <b:if cond='data:blog.pageType != &quot;error_page&quot;'>
          <data:blog.pageName/> | <data:blog.title/>
          <b:else/>
          Page Not Found | <data:blog.title/> 
        </b:if>
      </b:if>
    </title>
    
    <!-- Meta Tags ~ www.blogtipsntricks.com  -->
    <b:if cond='data:blog.pageType == &quot;archive&quot;'>
      <meta content='noindex,noarchive' name='robots'/>
    </b:if>
    <b:if cond='data:blog.metaDescription != &quot;&quot;'>
      <meta expr:content='data:blog.metaDescription' name='description'/>
    </b:if> 
    <meta charset='UTF-8'/>
    <meta content='width=device-width, initial-scale=1, maximum-scale=1' name='viewport'/>
    <!-- /Meta Tags ~ www.blogtipsntricks.com -->
    <b:skin><![CDATA[/*

/*----------------------------------------/
                                                     
  Blogger Template Style                             
  Name      : Adorable Blogger Theme                 
  Designer  : Templatetrackers                       
  URL       : www.templatetrackers.com               
                                                     
/ ------------------------------------------ */
*/
/*****************************************
reset.css
******************************************/
html, body, div, span, applet, object, iframe,
h1, h2, h3, h4, h5, h6, p, blockquote, pre,
a, abbr, acronym, address, big, cite, code,
del, dfn, em, font, img, ins, kbd, q, s, samp,
small, strike, strong, sub, sup, tt, var,
dl, dt, dd, ol, ul, li,
fieldset, form, label, legend,
table, caption, tbody, tfoot, thead, tr, th, td, figure {    margin: 0;    padding: 0;}
article,aside,details,figcaption,figure,
footer,header,hgroup,menu,nav,section {     display:block;}
table {    border-collapse: separate;    border-spacing: 0;}
caption, th, td {    text-align: left;    font-weight: normal;}
blockquote:before, blockquote:after,
q:before, q:after {    content: "";}
blockquote, q {    quotes: "" "";}
sup{    vertical-align: super;    font-size:smaller;}
code{    font-family: 'Courier New', Courier, monospace;    font-size:12px;    color:#272727;}
::selection {  background: #333;  color: #fff;  }
::-moz-selection {  background: #333;  color: #fff;  }
a img{	border: none;}
ol, ul { padding: 10px 0 20px;  margin: 0 0 0 35px;  text-align: left;  }
ol li { list-style-type: decimal;  padding:0 0 5px;  }
ul li { list-style-type: square;  padding: 0 0 5px;  }
ul ul, ol ol { padding: 0; }
h1, h2, h3, h4, h5, h6 { font-family: 'Bree Serif', serif; font-weight: normal; }
.post-body h1 { line-height: 48px; font-size: 42px; margin: 10px 0; }
.post-body h2 { font-size: 36px; line-height: 44px; border-bottom: 4px solid #4690B3; padding-bottom: 5px; margin: 10px 0; }
.post-body h3 { font-size: 32px; line-height: 40px; border-bottom: 4px solid #EEEEEE; padding-bottom: 5px; margin: 10px 0; }
.post-body h4 { font-size: 28px; line-height: 36px; margin: 10px 0;  }
.post-body h5 { font-size: 24px; line-height: 30px; margin: 10px 0;  }
.post-body h6 { font-size: 18px; line-height: 24px; margin: 10px 0;  }
/*****************************************
Global Links CSS
******************************************/
a{ color: #039091; outline:none; text-decoration: none; }
a:hover { color: #313131; text-decoration:none; }

body{ background: url("http://4.bp.blogspot.com/-pPRrliZI_YI/Ume5_wqcMPI/AAAAAAAAC7Q/6e86NvAsaHE/s1600/pattern37.png") repeat scroll 0 0 transparent; color: #666; height: 100%; padding: 0; font-family: 'Lora',Georgia,Serif; font-size: 16px; line-height: 24px; }

.clr { clear:both; float:none; }
/*****************************************
Wrappers
******************************************/



.ct-wrapper {    padding:0px 20px;    position:relative;    max-width:1020px; min-width:240px;   margin: 0 auto;  }

.outer-wrapper {
background: #FFF;
position: relative;
margin: 0 auto;
-webkit-box-shadow: 0 5px 10px rgba(0, 0, 0, 0.15);
-moz-box-shadow: 0 5px 10px rgba(0, 0, 0, 0.15);
box-shadow: 0 1px 6px rgba(0, 0, 0, 0.15);
}

.header-wrapper {
background: #fff;
border-bottom: 1px solid #ccc;
float: none;
width: 100%;
max-width: 1020px;
min-width: 240px;
margin: 0 auto;
}

.main-wrapper {    width:auto;    margin-left:375px;   }
#content {   position: relative;  width: 100%;  float:right;  }
.sidebar-wrapper {  width:300px;  padding: 25px 20px;  float: right; background: #F8F8F8; border: 1px solid white;  margin: 40px 20px 40px 0;  outline: 1px solid #E4E4E4;  }
/**** Layout Styling CSS *****/
body#layout .header-wrapper { margin-top: 40px; }
body#layout #header, body#layout .header-right { width: 50%; }
body#layout .outer-wrapper, body#layout .sidebar-wrapper, body#layout .ct-wrapper { margin: 0; padding: 0; }
/*****************************************
Header CSS
******************************************/
#header{ float:left; width: auto; }
#header-inner{ margin: 50px 20px 40px; padding: 0; }
#header h1 { color: #4690B3;  font-size: 70px; text-transform: capitalize;  line-height: 50px;  text-shadow: 1px 1px 1px #000000;  }
#header h1 a, #header h1 a:hover {  color: #4690B3;  }
#header p.description{  color: #333;  font-size: 12px;  font-style: italic;  margin: 0 0 0 35px;  padding: 0;  text-transform:capitalize;  }
#header img{   border:0 none; background:none; width:auto; height:auto; margin:0 auto;  }
/***** Header Right CSS *****/
.header-right { float: right; }
.header-right .widget-content { margin-top: 40px; }
/*****************************************
Main Menu CSS
******************************************/


.main-navigation {
background: #039091;
display: inline-block;
margin: 0% -2%;
max-width: 1060px;
width: 105%;
float:left;
position: relative;
background-image: url(http://3.bp.blogspot.com/-reRS6-j3gYQ/Ume_JP3HKqI/AAAAAAAAC7k/ytUDDVMPzVM/s1600/navbg.png);
}

.main-navigation:before, .main-navigation:after {
    content: '';
    position: absolute;
    border-style: solid;
    border-color: transparent;
    top: -20px;
}
.main-navigation:before {
    border-width: 20px 20px 0;
    border-right-color: #026e6f;
    left: -20px;
}
.main-navigation:after {
    border-width: 20px 20px 0;
    border-left-color: #026e6f;
    right: -20px;
}
.main-navigation ul li {padding:0;
display:inline-block;}

.main-navigation .sfHover { background: #414141 }

.main-navigation a {
    font-size: .85rem;
    color: #fff;
    font-weight: 600;
    text-align: left;
    text-decoration: none;
    text-transform: uppercase;
    padding: 1.2em 1em;
    text-shadow: 1px 1px #383838;
}
.main-navigation a .sub {
    font-size: 11px;
    font-weight: normal;
    font-family: arial;
    color: #9B9B9B;
}
.main-navigation li a:hover {
    background: #414141;
    color: #fff;
}
.main-navigation ul li ul li a:hover {
    background: #E13939;
    color: #fff;
}
.sf-js-enabled li a.sf-with-ul { /* padding-right: 0 */  }
.sf-js-enabled li  ul.sf-with-ul { padding-right: 20px }
.main-navigation .sf-sub-indicator, .secondary-navigation .sf-sub-indicator {
    display: block;
    width: 11px;
    overflow: hidden;
    position: absolute;
}
.main-navigation .sf-sub-indicator {
    right: 7px;
    top: 28%;
}
.secondary-navigation .sf-sub-indicator {
    right: 4px;
    top: 27%;
}
#navigation {
    margin: 0 auto 0 auto;
    font-size: 13px;
    width: 100%;
}

#navigation ul {
    width: 980px;
    margin: 0 auto;
padding:0;

}
#navigation .menu { }
#navigation ul li {
    float: left;
    position: relative;
padding:1.2% 0;
list-style:none
}
#navigation ul .header-search { float: right }
#navigation > ul > li:last-child { border-right: none }
#navigation ul li a, #navigation ul li a:link, #navigation ul li a:visited {
    overflow: hidden;
    color: white;
}
#navigation > ul > .current a {
    background: transparent;
    color: #5a5a5a !important;
}
#navigation ul li li {
    background: #414141;
    border-bottom: 1px solid #5f5f5f;
    border-bottom: 0;
}
#navigation ul ul {
    position: absolute;
    width: 190px;
    padding: 0;
    z-index: 400;
    font-size: 12px;
    color: #fff;
}
#navigation ul ul li { padding: 0 }
#navigation ul ul a, #navigation ul ul a:link, #navigation ul ul a:visited {
    padding: 12px 20px;
    position: relative;
    width: 150px;
    border-left: 0;
    border-right: 0;
    -moz-border-radius: 0;
    -webkit-border-radius: 0;
    border-radius: 0;
    border-bottom: 1px solid   rgba(255, 255, 255, 0.05);
    margin: 0;
}
#navigation ul ul li:first-child a { }
#navigation ul ul li:last-child a { border-bottom: none }
#navigation ul ul {
    opacity: 0;
    left: -999em;
}
#navigation ul li:hover ul {
    left: auto;
    opacity: 1;
}
#navigation ul ul ul { top: -10px }
#navigation li:hover ul ul, #navigation li:hover ul ul ul, #navigation li:hover ul ul ul ul {
    left: -999em;
    opacity: 0;
}
#navigation li:hover ul, #navigation li li:hover ul, #navigation li li li:hover ul, #navigation li li li li:hover ul {
    opacity: 1;
    left: 195px;
}
#page-header:after, #navigation ul ul:after {
    content: "";
    display: block;
    height: 0;
    position: absolute;
    width: 0;
}
#navigation ul ul:after {
    left: 10px;
    top: -5px;
}
#navigation ul ul ul:after {
    border-color: transparent #282E33 transparent transparent;
    border-color: transparent rgba(14,19,22,0.92) transparent transparent;
    left: -12px;
    top: 3px;
}

/*****************************************
Blog Post CSS
******************************************/
.post{padding: 10px 3%;  margin: 3% 3% 0 0;  }

h1.post-title.entry-title {
font-size: 1.8rem;
line-height: 1.35em;
text-decoration: none;
border-bottom: 0px dashed #ccc;
margin: 0 0 0px;
padding: 5px 0 10px;
color:#039091;
}

.post-title {   font-size: 1.3rem;  line-height: 30px;  text-decoration:none;  border-bottom: 0px dashed #ccc;  margin: 0 0 0px;  padding: 5px 0 10px;  }
.post-title a{  color:#666;  }
.post-title a:hover{ color: white; }
.post-body {  font-size:.99rem;  font-weight: normal;  padding: 0;    margin:0;    text-transform:auto;    line-height:1.6rem;    word-wrap:break-word;  }
.post-header {  color:#039091;  
font-family: Verdana,Arial,Tahoma,sans-serif;  
font-size: 12px;
margin:0 0 25px;
 }

.post-header a {  
font-style: italic;
border-bottom:1px solid #039091;
color:#039091 }

.post-header a:hover{border-bottom:1px dashed #026e6f;
color:#026e6f}


.rmlink {  float: right;  line-height: normal;  }
.home-link { display:none;}

#blog-pager-newer-link {display: block;  float: left;  padding: 5px 5px 5px 20px;  text-align: left;}

#blog-pager-newer-link:before {content:"<<" ;font-size: 20px; letter-spacing: 2px;}

#blog-pager-older-link {display: block;  float:right;  padding: 5px 5px 5px 5px;  text-align: left;}

#blog-pager-older-link:after { content:">>"; font-size: 20px; letter-spacing: 2px;}

#blog-pager {width:100%; padding: 2em 0; margin: 0; font-size: 14px; line-height: normal;display:table;clear:both }

.showpageOf {  display:none;  }
.showpageNum a, .showpage a { margin:0 4px; }
.showpagePoint { margin: 0 2px 0 0; }
/*****************************************
Post Highlighter CSS
******************************************/
blockquote {   background: url("http://3.bp.blogspot.com/-wkm2RmV1TH4/Ud0G27MPsiI/AAAAAAAACfI/xaL0uFOJUI8/s1600/quote.png") no-repeat 5.4% center;  border-color: #CCCCCC;  border-style: dashed;  border-width: 2px 0;  color: #888;  font-style: italic;  margin: 10px 0 20px -3%;  padding: 1.5em 38px 10px 114px;  }
/*****************************************
Custom Widget CSS
******************************************/
/***** Optin Form CSS *****/
.opt-in .inner {  background: url("http://3.bp.blogspot.com/-YfUnP1wOFzQ/Ud0G21XXRWI/AAAAAAAACfQ/Hg5Gakd69tQ/s1600/home-bg.png") repeat scroll 0 0 transparent;  padding: 35px 0;  font-style: italic;  color: #ccc;  text-shadow: 0 1px 1px #000000;  }
.opt-in .inner h4 {  font-size: 28px;  margin-bottom: 10px;  font-style: normal;  color: #fff;  line-height: normal;  }
.opt-in .inner a {  border-bottom: 1px solid #DDDDDD;  color: #DDDDDD;  }
.opt-in .inner a:hover {  border-bottom: 1px dashed #DDDDDD;  }
.opt-in .opt-in-wrap {  margin-right: 40%; }
.opt-in .info {  float: left;  width: 100%;  }
.opt-in .signup-form {  background: rgba(0, 0, 0, 0.25);  border: 5px solid rgba(0, 0, 0, 0.25);  float: right;  font-size: 16px;   width: 35%;  text-align: center;  }
.opt-in .signup-form .form-inner {  font-size: 16px;    margin: 35px;  }
/***** Popular Post *****/
.popular-posts ul {  padding-left: 0;  }
.popular-posts ul li {  border-bottom: 1px dashed #ccc;  list-style: none outside none !important;  margin-left: 0 !important;  overflow: hidden;  padding: 10px 0 !important;  transition: all 0.25s linear 0s;  }

.PopularPosts .item-thumbnail img {  display: block;  float: left;  height: 50px;  margin-right: 8px;  width: 50px;  }



/***** Form CSS *****/
input {  color: #333;  font-family: 'Lora', Georgia, "Times New Roman", Times;  margin-top: 10px;  }

input[type=text], select, textarea {  -moz-box-shadow: inset 0 1px 2px 1px #eee;  -webkit-box-shadow: inset 0 1px 2px 1px #eee;  background: #fff;  border: 1px solid #bbb;  box-shadow: inset 0 1px 1px 1px #eee;  color: #bbb;  font-family: Verdana, Arial, Tahoma, sans-serif;  font-size: 9px;  margin: 0 2px 0 0;  padding: 12px 15px;  text-transform: uppercase;  vertical-align: middle;  }
textarea {  color: #333;  font-family: 'Lora', Georgia, "Times New Roman", Times;  font-size: 12px;  text-transform: none;  }
#subbox {
background: url("http://3.bp.blogspot.com/-B39xC4Ufk5g/Ud0G2vNjdiI/AAAAAAAACfE/2BVYbTyCUzk/s1600/email-icon.png") no-repeat scroll 16px 15px #FFFFFF;
border: none;
box-shadow: 0 1px 1px 1px #EEEEEE inset;
color: #BBBBBB;
font-family: Verdana,Arial,Tahoma,sans-serif;
font-size: 9px;
padding: 14px 15px 14px 45px;
text-transform: uppercase;
width: 160px;
}
/***** Button CSS *****/
input[type="button"],
input[type="submit"], .rmlink a, .showpageNum a, .showpage a, .showpagePoint {
background: #00A894;
background: -moz-linear-gradient(top, #00A7A8 0%, #00A3A5  100%);
background: -webkit-gradient(linear, left top, left bottom, color-stop(0%,#00A7A8), color-stop(100%,#00A3A5 ));
background: -webkit-linear-gradient(top, #00A7A8 0%,#00A3A5  100%);
background: -o-linear-gradient(top, #00A7A8 0%,#00A3A5  100%);
background: -ms-linear-gradient(top, #00A7A8 0%,#00A3A5  100%);
background: linear-gradient(top, #00A7A8 0%,#00A3A5  100%);
text-shadow: 0 1px 0 #1d4a5f;
-moz-border-radius: 3px;
-webkit-border-radius: 3px;
border-radius: 3px;
color: #fff;
cursor: pointer;
font-family: Verdana, Arial, Tahoma, sans-serif;
font-size: 11px;
font-weight: bold;
padding: 12px 15px;
text-decoration: none;
text-transform: uppercase;
display: inline-block;
 }


/***** Profile Widget CSS *****/
.Profile img { border:1px solid #cecece; background:#fff; float:left; margin:5px 10px 5px 0; padding:5px;  -webkit-border-radius: 50px;	-moz-border-radius: 50px;	border-radius: 50px; }
.profile-data { color:#999999; font:bold 20px/1.6em Arial,Helvetica,Tahoma,sans-serif; font-variant:small-caps; margin:0; text-transform:capitalize;}
.profile-datablock { margin:0.5em 0;}
.profile-textblock { line-height:1.6em; margin:0.5em 0;}
a.profile-link { clear:both; display:block; font:80% monospace; padding:10px 0; text-align:center; text-transform:capitalize;}
/*****************************************
Sidebar CSS
******************************************/
.sidebar{  margin: 0;  padding: 0;  display: block;  }
.sidebar h2 {  font-size: 19px;  font-weight: normal;  margin-bottom: 12px;  text-transform: none;  }
.sidebar .widget{  clear: both;  font-size: 16px;  line-height: 26px;  margin-bottom: 25px;  }
.sidebar ul{ margin:0; padding:0; list-style:none; }
.sidebar li{  margin: 0 0 0 15px;  padding: 0 0 5px;  text-transform: capitalize;  }
/*****************************************
Footer CSS
******************************************/
#footer {  background: #444444; 
border-bottom: 1px solid #222222;  
-webkit-box-shadow: 0 1px 4px #222222 inset;  
-moz-box-shadow: 0 1px 4px #222222 inset;  
box-shadow: 0 1px 4px #222222 inset;  
text-shadow: 1px 1px #000000;  
max-width: 980px; color: #bdbdbd;
margin:20px auto 0; 
}
.footer {  float: left;  width: 33%;  }
.footer h2 {  color: #ddd;  font-size: 19px;  font-weight: normal;  margin-bottom: 12px;  text-transform: none;  }
.footer .widget{  clear: both;  font-size: 16px;  line-height: 26px;  margin: 15px 25px 25px;  }
.footer ul{ margin:0; padding:0; list-style:none; }
.footer li{  margin: 0 0 0 15px;  padding: 0 0 5px;  text-transform: capitalize;  }

.footer-credits {  border-top:1px solid #555;
   padding: 15px;
   background: #333;
  text-shadow: 1px 1px #000000;
  color: #999;
  font-size: 80%;
 max-width:990px;
margin:auto }

.footer-credits .attribution{  float:right;  }
.footer-credits .attribution a { font-style: italic; }
#footer a, .footer-credits a {  color: #BBBBBB;  }
#footer a:hover, .footer-credits a:hover {  color: #D4D4D4;  }
/*****************************************
Comments CSS
******************************************/
.comments {  padding-top: 30px;  clear:both;  margin: 0 0 0 20px;  }
.comments h4 {  font-size: 25px;  line-height: 30px;  padding: 0;  text-transform: capitalize;  }
#comments-block .avatar-image-container.avatar-stock img{  border-width:0;  padding:1px;  }
#comments-block .avatar-image-container{    height:37px;    left:-45px;    position:absolute;    width:37px;  }
#comments-block.avatar-comment-indent{  margin-left:45px;  position:relative;  }
#comments-block.avatar-comment-indent dd{  margin-left:0;  }
iframe.avatar-hovercard-iframe{  border:0 none;  padding:0;  width:25em;  height:9.4em;  margin:.5em;  }
.comments .comments-content{  margin-bottom:16px;  }
.comments .continue, .comments .comment .comment-actions {  display: block;  text-align: right;  }
.comments .continue a, .comments .comment .comment-actions a{  padding: 0 7px;  font-family: 'Bree Serif', serif; }
.comments .continue a:hover, .comments .comment .comment-actions a:hover{  text-decoration: none;  }
.comments .comments-content .comment-thread ol{  margin:20px 0 0 -10px;  overflow:hidden;}
.comments .comments-content .inline-thread{    padding:0;}
.comments .comments-content .comment-thread:empty{    display:none}
.comments .comments-content .comment-replies{    margin-left:0px;margin-top:0px;}
.comments .comments-content .comment:first-child{padding-top:4px}
.comments .comments-content .comment:last-child {border-bottom: 1px solid #DDDDDD;  padding-bottom:0;  }
.comments .comments-content .comment-body{position:relative}
.comments .comments-content .user a {   font-style: normal;  font-weight: bold;  text-transform: capitalize; }
.comments .comments-content .icon.blog-author {display:inline-block;height:18px;margin:0 0 -4px 6px;width:18px}
.comments .comments-content .datetime {  display: block;  line-height: 21px; margin-left: 0px;  }
.comments .comments-content .datetime a {  color: #333;  font-size: 14px;  }
.comments .comments-content .datetime a:hover {  text-decoration:none; }
.comments .comments-content .comment-header {  margin: 0;  min-height: 40px;  padding: 10px;   position: relative;  }
.comments .comments-content .comment-content{  margin: 0;  padding: 0 10px 10px 10px;  position: relative;  }
.comments .comments-content .owner-actions {position:absolute;right:0;top:0}
.comments .comments-replybox { border:none;height:250px;width:100%}
.comments .comment-replybox-single { margin-left:4px;margin-top:5px}
.comments .comment-replybox-thread {  margin: 5px 0 5px 15px;  }
.comments .comments-content .loadmore a { display:block;padding:10px 16px;text-align:center}
.comments .thread-toggle { cursor:pointer;display:none;}
.comments .continue{   float: right;  cursor:pointer;  display:inline-block;  }
.comments .continue a{  display:block;  font-weight: normal;  margin: 0 15px 0 0;  }
.comments .comments-content .loadmore{cursor:pointer;margin-top:3em;max-height:3em}
.comments .comments-content .loadmore.loaded{max-height:0;opacity:0;overflow:hidden}
.comments .thread-chrome.thread-collapsed{display:none}
.comments .thread-toggle .thread-arrow{display:inline-block;height:6px;margin:.3em;overflow:visible;padding-right:4px;width:7px}
.comments .thread-expanded .thread-arrow{background:url("data:image/png;base64,iVBORw0KGgoAAAANSUhEUgAAAAcAAAAHCAYAAADEUlfTAAAAG0lEQVR42mNgwAfKy8v/48I4FeA0AacVDFQBAP9wJkE/KhUMAAAAAElFTkSuQmCC") no-repeat scroll 0 0 transparent}
.comments .thread-collapsed .thread-arrow{background:url("data:image/png;base64,iVBORw0KGgoAAAANSUhEUgAAAAcAAAAHCAYAAADEUlfTAAAAJUlEQVR42mNgAILy8vL/DLgASBKnApgkVgXIkhgKiNKJ005s4gDLbCZBiSxfygAAAABJRU5ErkJggg==") no-repeat scroll 0 0 transparent}
.comments .avatar-image-container {  float: right;  padding: 0;  margin: 0;  max-height:55px;  width:55px;  }
.comments .avatar-image-container img {  display: block;  max-width: 55px;  width: 55px;  border-radius: 27.5px;  -moz-border-radius: 27.5px;  -o-border-radius: 27.5px;  -webkit-border-radius: 27.5px;  }
.comments .comment-block {  margin-left: 0px;  position: relative;  }
.comments .comments-content .comment {  background: #fff;  border: 1px solid #DDDDDD;  list-style: none outside none;  margin: 0 25px 15px 10px;  padding: 10px !important; }
.comments .comments-content .comment:nth-child(even) {  background: #F9F9F9;  }
/*****************************************
Responsive styles
******************************************/
@media screen and (max-width: 1024px) {
#header, .header-right { float: none; text-align: center; width: 100%; }
.header-right .widget-content { margin: 0; }
.treehouse{display:none}
}
@media screen and (max-width: 960px) {
.ct-wrapper{    padding:0 15px;  }
.main-wrapper, .opt-in .opt-in-wrap{    margin-right:0;    width:100%;  }
.sidebar-wrapper{  float: left; width: auto;  margin-left: 20px;  }
#navigation ul {width:80%; text-align: center; }
#navigation ul li { float: none; }
.opt-in .inner .ct-wrapper {  padding: 0 48px; }
.opt-in .info {  text-align: center;   }
.opt-in .signup-form {  margin-top: 30px;  width: 95%;  float: left;  }
#subbox {  width: 60%;  }
.treehouse{display:none}
}
@media screen and (max-width: 768px){
#header p.description { margin: 0; }
.header-right { display: none; }
#comment-editor { margin:10px; }
.footer { width: 50%; }
}
@media screen and (max-width: 500px){
#header img { width:100%; }
.opt-in .inner .ct-wrapper {  padding: 0 10px; }
}
@media screen and (max-width: 420px){
.comments .comments-content .datetime{    display:block;    float:none;    }
.comments .comments-content .comment-header {    height:70px;    }
}
@media screen and (max-width: 320px){
.footer { width: 100%; }
.ct-wrapper{ padding:0; }
.post-body img{  max-width: 230px; }
.comments .comments-content .comment-replies {    margin-left: 0;    }
}
/*****************************************
Hiding Header Date and Feed Links
******************************************/
h2.date-header{display:none;}
a.quickedit{display:none!important}

.Welcome {
padding: 30px;
color: white;
line-height: 3.5rem;
background:#10c0c0;
font-family:roboto condensed, sans-serif;
}


/*********** Labels 
***********************/

.sidebar .Label li{font-size:1rem;
display:inline-block;
overflow:hidden;
background:#039091;
padding: .15rem .71rem;
margin: 0 0px 0 .1rem;
}

.sidebar .Label li a{color:white}

.sidebar .Label li a:hover{color:white}

/*** Search Form 
************************/

#searchform {
margin:0;
padding:20px 0;
display:inline;
overflow: hidden;
width:100%
}



#sbox {
float: left;
font-size: 12px;
height: 20px;
width:65%;
color:#556d70;
font-weight:400;
margin:0;
padding: 5px;
border:1px solid #d7d7d9;
display:inline;
border-radius:0px;
}



#sbutton{
cursor:pointer;
text-transform:none;
color:white;
font-size:12px;
margin:-1px 0 0 10px;
padding:8px 15px;
background:#039091;
border:0;
border-radius:0;
text-shadow:0 0 0  transparent;
}

#sbutton:hover{background:#313131}

#mic{border:0;
margin-left:-25px;
margin-top:4px;
cursor:pointer;
background:transparent;
}



]]></b:skin>
<b:if cond='data:blog.pageType == &quot;item&quot;'>
</b:if>
<b:if cond='data:blog.pageType != &quot;item&quot;'>
<style type='text/css'>
.sidebar #HTML1 {   display: none;  }
</style>
</b:if>

    <b:if cond='data:blog.pageType == &quot;index&quot;'>
<style>
   
.main-wrapper {
width: auto;
margin: 0px;
}
   .sidebar-wrapper{display:none!important}
  
 

.post{width:25%;
    float:left;
    border:1px solid #ddd;
    margin:3% 0 0 1.6%;
    box-shadow:3px 3px 3px rgba(0, 0, 0, .1);
  }
.post img {
max-width: 100%;
width: 100%;
padding: 10px;
border: 1px solid #ddd;
}

.summ {
font-size: 0.95rem;
line-height: 1.4rem;
}

  #blog-pager{display:block}

.post-header {
background: #039091;
display: block;
float: left;
padding:0px 10px; 
margin: 0 -20px -10px;
width: 112%;
max-height:100px;
min-height:100px;
z-index:10000;
position: relative;
background-image: url(http://demo.mythemeshop.com/adorable/wp-content/themes/adorable/images/navbg.png);
}

  .post-header a, .post-header a:hover{color:white}

.post-header:before {
    content: &#39;&#39;;
    position: absolute;
    border-style: solid;
    border-color: transparent;
    bottom: -20px;
}
.post-header:before {
    border-width: 0px 20px 20px;
    border-right-color: #026e6f;
    left: -20px;
}


  .post-header-line-1{display:none}

  .post-header a{color:white;
    border:none}
  .post-header a:hover{border:none}

      </style>    
      </b:if>

<b:if cond='data:blog.url != data:blog.homepageUrl'>
<!--[if !IE]><!-->
<style type='text/css'>
.post-body img{ height:auto; max-width:100%; }
</style>
 <!--<![endif]-->
</b:if>

<link href='http://fonts.googleapis.com/css?family=Lora:400,400italic|Bree+Serif' rel='stylesheet' type='text/css'/>

<script src='http://ajax.googleapis.com/ajax/libs/jquery/1.7.1/jquery.min.js' type='text/javascript'/>

<script type='text/javascript'>
/*<![CDATA[*/
// JavaScript Document

//Automatic read more
var thumbnail_mode = "yes";; //yes -with thumbnail, no -no thumbnail
summary_noimg = 230; //summary length when no image
summary_img = 140; //summary length when with image
img_thumb_height = 250;
img_thumb_width = 250;

function removeHtmlTag(strx,chop){ 
	if(strx.indexOf("<")!=-1)
	{
		var s = strx.split("<"); 
		for(var i=0;i<s.length;i++){ 
			if(s[i].indexOf(">")!=-1){ 
				s[i] = s[i].substring(s[i].indexOf(">")+1,s[i].length); 
			} 
		} 
		strx =  s.join(""); 
	}
	chop = (chop < strx.length-1) ? chop : strx.length-2; 
	while(strx.charAt(chop-1)!=' ' && strx.indexOf(' ',chop)!=-1) chop++; 
	strx = strx.substring(0,chop-1); 
	return strx+'...'; 
}

function createSummaryAndThumb(pID){
	var div = document.getElementById(pID);
	var imgtag = "";
	var img = div.getElementsByTagName("img");
	var summ = summary_noimg;
        if(thumbnail_mode == "yes") {
	if(img.length>=1) {	
		imgtag = '<span style="position: relative; float:left; margin: 5px 15px 10px 0;"><img src="'+img[0].src+'" width="'+img_thumb_width+'px" height="'+img_thumb_height+'px" /></span>';
		summ = summary_img;
	}
	}
	var summary = imgtag + '<div class="summ">' + removeHtmlTag(div.innerHTML,summ) + '</div>';
	div.innerHTML = summary;
}
/*]]>*/</script>


<script type='text/javascript'>
/*<![CDATA[*/
//next post navigation links
var urlToNavTitle = {};
function getTitlesForNav(json) {
for(var i=0 ; i < json.feed.entry.length ; i++) {
var entry = json.feed.entry[i];
var href = "";
for (var k=0; k<entry.link.length; k++) {
if (entry.link[k].rel == 'alternate') {
href = entry.link[k].href;
break;
}
}
if(href!="") urlToNavTitle[href]=entry.title.$t;
}
}
document.write('<script type="text/javascript" src="http://'+window.location.hostname+'/feeds/posts/summary?redirect=false&max-results=500&alt=json-in-script&callback=getTitlesForNav"></'+'script>');
function urlToPseudoTitle(href) {
var title=href.match(/\/([^\/_]+)(_.*)?\.html/);
if(title) {
title=title[1].replace(/-/g," ");
title=title[0].toUpperCase() + title.slice(1);
if(title.length > 200) title=title.replace(/ [^ ]+$/, "...")
}
return title;
}
$(window).load(function() {
window.setTimeout(function() {
var href = $("a.blog-pager-newer-link").attr("href");
if(href) {
var title=urlToNavTitle[href];
if(!title) title=urlToPseudoTitle(href);
if(title) $("a.blog-pager-newer-link").html("" + title);
}
href = $("a.blog-pager-older-link").attr("href");
if(href) {
var title=urlToNavTitle[href];
if(!title) title=urlToPseudoTitle(href);
if(title) $("a.blog-pager-older-link").html("" + title);
}
}, 500);
});
/*]]>*/</script>

</head>
<!--<body>-->
<body>
                <div class='header-wrapper'>
        <div class='ct-wrapper'>
        <div class='header-inner-wrap'>
                <b:section class='header' id='header' maxwidgets='1' showaddelement='yes'>
                  <b:widget id='Header1' locked='true' title='Adorable (Header)' type='Header'>
                    <b:includable id='main'>
  <b:if cond='data:useImage'>
    <b:if cond='data:imagePlacement == &quot;BEHIND&quot;'>
      <!--
      Show image as background to text. You can't really calculate the width
      reliably in JS because margins are not taken into account by any of
      clientWidth, offsetWidth or scrollWidth, so we don't force a minimum
      width if the user is using shrink to fit.
      This results in a margin-width's worth of pixels being cropped. If the
      user is not using shrink to fit then we expand the header.
      -->
      <b:if cond='data:mobile'>
          <div id='header-inner'>
            <div class='titlewrapper' style='background: transparent'>
              <h1 class='title' style='background: transparent; border-width: 0px'>
                <b:include name='title'/>
              </h1>
            </div>
            <b:include name='description'/>
          </div>
        <b:else/>
          <div expr:style='&quot;background-image: url(\&quot;&quot; + data:sourceUrl + &quot;\&quot;); &quot;                        + &quot;background-position: &quot;                        + data:backgroundPositionStyleStr + &quot;; &quot;                        + data:widthStyleStr                        + &quot;min-height: &quot; + data:height                        + &quot;_height: &quot; + data:height                        + &quot;background-repeat: no-repeat; &quot;' id='header-inner'>
            <div class='titlewrapper' style='background: transparent'>
              <h1 class='title' style='background: transparent; border-width: 0px'>
                <b:include name='title'/>
              </h1>
            </div>
            <b:include name='description'/>
          </div>
        </b:if>
    <b:else/>
      <!--Show the image only-->
      <div id='header-inner'>
        <a expr:href='data:blog.homepageUrl' style='display: block'>
          <img expr:alt='data:title' expr:id='data:widget.instanceId + &quot;_headerimg&quot;' expr:src='data:sourceUrl' style='display: block'/>
        </a>
        <!--Show the description-->
        <b:if cond='data:imagePlacement == &quot;BEFORE_DESCRIPTION&quot;'>
          <b:include name='description'/>
        </b:if>
      </div>
    </b:if>
  <b:else/>
    <!--No header image -->
    <div id='header-inner'>
      <div class='titlewrapper'>
        <h1 class='title'>
          <b:include name='title'/>
        </h1>
      </div>
      <b:include name='description'/>
    </div>
  </b:if>
</b:includable>
                    <b:includable id='description'>
  <div class='descriptionwrapper'>
    <p class='description'><span><data:description/></span></p>
  </div>
</b:includable>
                    <b:includable id='title'>
  <b:if cond='data:blog.url == data:blog.homepageUrl'>
    <data:title/>
  <b:else/>
    <a expr:href='data:blog.homepageUrl'><data:title/></a>
  </b:if>
</b:includable>
                  </b:widget>
                </b:section>
        </div><!-- /header-inner-wrap -->
        <b:section class='header-right' id='header-right' maxwidgets='1' showaddelement='yes'>
          <b:widget id='HTML100' locked='false' title='' type='HTML'>
            <b:includable id='main'>
  <!-- only display title if it's non-empty -->
  <b:if cond='data:title != &quot;&quot;'>
    <h2 class='title'><data:title/></h2>
  </b:if>
  <div class='widget-content'>
<div class='treehouse' style='text-align: center;'>
<a href='http://www.trackmyblog.com' imageanchor='1' style='margin-left: 1em; margin-right: 1em;'><img border='0' height='90px' src='http://1.bp.blogspot.com/-YU5E7vDVxYQ/UmgJRQt_CoI/AAAAAAAAC74/R1r5AOICxSc/s1600/103642-1335226181.png' width='620px'/></a></div>
  </div>

  <b:include name='quickedit'/>
</b:includable>
          </b:widget>
        </b:section>
        <div class='clr'/>
</div>
      </div>
          <div class='clr'/>
<div class='ct-wrapper'>
<div class='main-navigation'> 
  <nav id='navigation'>
    <ul class='menu sf-js-enabled' id='menu-header'>
      <li class='menu-item menu-item-type-custom menu-item-object-custom current-menu-item current_page_item menu-item-home menu-item-1276' id='menu-item-1276'><a href='#'>Home</a></li>
      
      <li class='menu-item menu-item-type-post_type menu-item-object-page menu-item-1215' id='menu-item-1215'><a href='#'>Shortcodes</a></li>
      
      <li class='menu-item menu-item-type-post_type menu-item-object-page menu-item-1216' id='menu-item-1216'><a href='#'>Widgets</a></li>
      
      <li class='menu-item menu-item-type-post_type menu-item-object-page menu-item-1214' id='menu-item-1214'><a href='#'>Full Width</a></li>
      
      <li class='menu-item menu-item-type-custom menu-item-object-custom menu-item-1179' id='menu-item-1179'><a href='#'>Responsive Test</a></li>
    
    </ul> 
    </nav>
  </div></div>          <div class='clr'/>

  <div class='ct-wrapper'>
  <b:if cond='data:blog.url == data:blog.homepageUrl'>
    <div class='Welcome'>
      <span style='font-size: 65px;font-weight: bold;'>Welcome</span> <br/><span style='font-size: 46px;font-weight: bold;'>To The Trackers</span><br/></div>
    </b:if>
</div>                
  <div class='clr'/>
        <div class='ct-wrapper'>
           <div class='outer-wrapper'>

                      <div class='main-wrapper'>

                    <b:section class='content' id='content' showaddelement='no'>
                      <b:widget id='Blog1' locked='true' title='Blog Posts' type='Blog'>
                        <b:includable id='main' var='top'>
  <b:if cond='data:mobile == &quot;false&quot;'>

    <!-- posts -->
    <div class='blog-posts hfeed'>

      <b:include data='top' name='status-message'/>

      <data:defaultAdStart/>
      <b:loop values='data:posts' var='post'>
        <b:if cond='data:post.isDateStart'>
          <b:if cond='data:post.isFirstPost == &quot;false&quot;'>
            &lt;/div&gt;&lt;/div&gt;
          </b:if>
        </b:if>
        <b:if cond='data:post.isDateStart'>
          &lt;div class=&quot;date-outer&quot;&gt;
        </b:if>
        <b:if cond='data:post.dateHeader'>
          <h2 class='date-header'><span><data:post.dateHeader/></span></h2>
        </b:if>
        <b:if cond='data:post.isDateStart'>
          &lt;div class=&quot;date-posts&quot;&gt;
        </b:if>
        <div class='post-outer'>
        <b:include data='post' name='post'/>
        <b:if cond='data:blog.pageType == &quot;static_page&quot;'>
          <b:include data='post' name='comment_picker'/>
        </b:if>
        <b:if cond='data:blog.pageType == &quot;item&quot;'>
          <b:include data='post' name='comment_picker'/>
        </b:if>
        </div>
        <b:if cond='data:post.includeAd'>
          <b:if cond='data:post.isFirstPost'>
            <data:defaultAdEnd/>
          <b:else/>
            <data:adEnd/>
          </b:if>
          <div class='inline-ad'>
            <data:adCode/>
          </div>
          <data:adStart/>
        </b:if>
      </b:loop>
      <b:if cond='data:numPosts != 0'>
        &lt;/div&gt;&lt;/div&gt;
      </b:if>
      <data:adEnd/>
    </div>

    <!-- navigation -->
    <b:include name='nextprev'/>


    <b:if cond='data:top.showStars'>
      <script src='//www.google.com/jsapi' type='text/javascript'/>
      <script type='text/javascript'>
        google.load(&quot;annotations&quot;, &quot;1&quot;, {&quot;locale&quot;: &quot;<data:top.languageCode/>&quot;});
        function initialize() {
          google.annotations.setApplicationId(<data:top.blogspotReviews/>);
          google.annotations.createAll();
          google.annotations.fetch();
        }
        google.setOnLoadCallback(initialize);
      </script>
    </b:if>

  <b:else/>
    <b:include name='mobile-main'/>
  </b:if>

  <b:if cond='data:top.showDummy'>
    <data:top.dummyBootstrap/>
  </b:if>

</b:includable>
                        <b:includable id='backlinkDeleteIcon' var='backlink'>
  <span expr:class='&quot;item-control &quot; + data:backlink.adminClass'>
    <a expr:href='data:backlink.deleteUrl' expr:title='data:top.deleteBacklinkMsg'>
      <img src='//www.blogger.com/img/icon_delete13.gif'/>
    </a>
  </span>
</b:includable>
                        <b:includable id='backlinks' var='post'>
  <a name='links'/><h4><data:post.backlinksLabel/></h4>
  <b:if cond='data:post.numBacklinks != 0'>
    <dl class='comments-block' id='comments-block'>
      <b:loop values='data:post.backlinks' var='backlink'>
        <div class='collapsed-backlink backlink-control'>
          <dt class='comment-title'>
            <span class='backlink-toggle-zippy'>&#160;</span>
            <a expr:href='data:backlink.url' rel='nofollow'><data:backlink.title/></a>
            <b:include data='backlink' name='backlinkDeleteIcon'/>
          </dt>
          <dd class='comment-body collapseable'>
            <data:backlink.snippet/>
          </dd>
          <dd class='comment-footer collapseable'>
            <span class='comment-author'><data:post.authorLabel/> <data:backlink.author/></span>
            <span class='comment-timestamp'><data:post.timestampLabel/> <data:backlink.timestamp/></span>
          </dd>
        </div>
      </b:loop>
    </dl>
  </b:if>
  <p class='comment-footer'>
    <a class='comment-link' expr:href='data:post.createLinkUrl' expr:id='data:widget.instanceId + &quot;_backlinks-create-link&quot;' target='_blank'><data:post.createLinkLabel/></a>
  </p>
</b:includable>
                        <b:includable id='comment-form' var='post'>
  <div class='comment-form'>
    <a name='comment-form'/>
    <b:if cond='data:mobile'>
      <h4 id='comment-post-message'>
        <a expr:id='data:widget.instanceId + &quot;_comment-editor-toggle-link&quot;' href='javascript:void(0)'><data:postCommentMsg/></a></h4>
      <p><data:blogCommentMessage/></p>
      <data:blogTeamBlogMessage/>
      <a expr:href='data:post.commentFormIframeSrc' id='comment-editor-src'/>
      <iframe allowtransparency='true' class='blogger-iframe-colorize blogger-comment-from-post' frameborder='0' height='410' id='comment-editor' name='comment-editor' src='' style='display: none' width='100%'/>
    <b:else/>
      <h4 id='comment-post-message'><data:postCommentMsg/></h4>
      <p><data:blogCommentMessage/></p>
      <data:blogTeamBlogMessage/>
      <a expr:href='data:post.commentFormIframeSrc' id='comment-editor-src'/>
      <iframe allowtransparency='true' class='blogger-iframe-colorize blogger-comment-from-post' frameborder='0' height='410' id='comment-editor' name='comment-editor' src='' width='100%'/>
    </b:if>
    <data:post.friendConnectJs/>
    <data:post.cmtfpIframe/>
    <script type='text/javascript'>
      BLOG_CMT_createIframe(&#39;<data:post.appRpcRelayPath/>&#39;, &#39;<data:post.communityId/>&#39;);
    </script>
  </div>
</b:includable>
                        <b:includable id='commentDeleteIcon' var='comment'>
  <span expr:class='&quot;item-control &quot; + data:comment.adminClass'>
    <b:if cond='data:showCmtPopup'>
      <div class='goog-toggle-button'>
        <div class='goog-inline-block comment-action-icon'/>
      </div>
    <b:else/>
      <a class='comment-delete' expr:href='data:comment.deleteUrl' expr:title='data:top.deleteCommentMsg'>
        <img src='//www.blogger.com/img/icon_delete13.gif'/>
      </a>
    </b:if>
  </span>
</b:includable>
                        <b:includable id='comment_count_picker' var='post'>
  <b:if cond='data:post.commentSource == 1'>
    <span class='cmt_count_iframe_holder' expr:data-count='data:post.numComments' expr:data-onclick='data:post.addCommentOnclick' expr:data-post-url='data:post.url' expr:data-url='data:post.canonicalUrl'>
    </span>
  <b:else/>
    <a class='comment-link' expr:href='data:post.addCommentUrl' expr:onclick='data:post.addCommentOnclick'>
      <data:post.commentLabelFull/>:
    </a>
  </b:if>
</b:includable>
                        <b:includable id='comment_picker' var='post'>
  <b:if cond='data:post.commentSource == 1'>
    <b:include data='post' name='iframe_comments'/>
  <b:else/>
    <b:if cond='data:post.showThreadedComments'>
      <b:include data='post' name='threaded_comments'/>
    <b:else/>
      <b:include data='post' name='comments'/>
    </b:if>
  </b:if>
</b:includable>
                        <b:includable id='comments' var='post'>
  <div class='comments' id='comments'>
    <a name='comments'/>
    <b:if cond='data:post.allowComments'>
      <h4>
        <b:if cond='data:post.numComments == 1'>
          1 <data:commentLabel/>:
        <b:else/>
          <data:post.numComments/> <data:commentLabelPlural/>:
        </b:if>
      </h4>

      <b:if cond='data:post.commentPagingRequired'>
        <span class='paging-control-container'>
          <a expr:class='data:post.oldLinkClass' expr:href='data:post.oldestLinkUrl'><data:post.oldestLinkText/></a>
          &#160;
          <a expr:class='data:post.oldLinkClass' expr:href='data:post.olderLinkUrl'><data:post.olderLinkText/></a>
          &#160;
          <data:post.commentRangeText/>
          &#160;
          <a expr:class='data:post.newLinkClass' expr:href='data:post.newerLinkUrl'><data:post.newerLinkText/></a>
          &#160;
          <a expr:class='data:post.newLinkClass' expr:href='data:post.newestLinkUrl'><data:post.newestLinkText/></a>
        </span>
      </b:if>

      <div expr:id='data:widget.instanceId + &quot;_comments-block-wrapper&quot;'>
        <dl expr:class='data:post.avatarIndentClass' id='comments-block'>
          <b:loop values='data:post.comments' var='comment'>
            <dt expr:class='&quot;comment-author &quot; + data:comment.authorClass' expr:id='data:comment.anchorName'>
              <b:if cond='data:comment.favicon'>
                <img expr:src='data:comment.favicon' height='16px' style='margin-bottom:-2px;' width='16px'/>
              </b:if>
              <a expr:name='data:comment.anchorName'/>
              <b:if cond='data:blog.enabledCommentProfileImages'>
                <data:comment.authorAvatarImage/>
              </b:if>
              <b:if cond='data:comment.authorUrl'>
                <a expr:href='data:comment.authorUrl' rel='nofollow'><data:comment.author/></a>
              <b:else/>
                <data:comment.author/>
              </b:if>
              <data:commentPostedByMsg/>
            </dt>
            <dd class='comment-body' expr:id='data:widget.instanceId + data:comment.cmtBodyIdPostfix'>
              <b:if cond='data:comment.isDeleted'>
                <span class='deleted-comment'><data:comment.body/></span>
              <b:else/>
                <p>
                  <data:comment.body/>
                </p>
              </b:if>
            </dd>
            <dd class='comment-footer'>
              <span class='comment-timestamp'>
                <a expr:href='data:comment.url' title='comment permalink'>
                  <data:comment.timestamp/>
                </a>
                <b:include data='comment' name='commentDeleteIcon'/>
              </span>
            </dd>
          </b:loop>
        </dl>
      </div>

      <b:if cond='data:post.commentPagingRequired'>
        <span class='paging-control-container'>
          <a expr:class='data:post.oldLinkClass' expr:href='data:post.oldestLinkUrl'>
            <data:post.oldestLinkText/>
          </a>
          <a expr:class='data:post.oldLinkClass' expr:href='data:post.olderLinkUrl'>
            <data:post.olderLinkText/>
          </a>
          &#160;
          <data:post.commentRangeText/>
          &#160;
          <a expr:class='data:post.newLinkClass' expr:href='data:post.newerLinkUrl'>
            <data:post.newerLinkText/>
          </a>
          <a expr:class='data:post.newLinkClass' expr:href='data:post.newestLinkUrl'>
            <data:post.newestLinkText/>
          </a>
        </span>
      </b:if>

      <p class='comment-footer'>
        <b:if cond='data:post.embedCommentForm'>
          <b:if cond='data:post.allowNewComments'>
            <b:include data='post' name='comment-form'/>
          <b:else/>
            <data:post.noNewCommentsText/>
          </b:if>
        <b:else/>
          <b:if cond='data:post.allowComments'>
            <a expr:href='data:post.addCommentUrl' expr:onclick='data:post.addCommentOnclick'><data:postCommentMsg/></a>
          </b:if>
        </b:if>

      </p>
    </b:if>
    <b:if cond='data:showCmtPopup'>
      <div id='comment-popup'>
        <iframe allowtransparency='true' frameborder='0' id='comment-actions' name='comment-actions' scrolling='no'>
        </iframe>
      </div>
    </b:if>

    <div id='backlinks-container'>
    <div expr:id='data:widget.instanceId + &quot;_backlinks-container&quot;'>
       <b:if cond='data:post.showBacklinks'>
         <b:include data='post' name='backlinks'/>
       </b:if>
    </div>
    </div>
  </div>
</b:includable>
                        <b:includable id='feedLinks'>
  <b:if cond='data:blog.pageType != &quot;item&quot;'> <!-- Blog feed links -->
    <b:if cond='data:feedLinks'>
      <div class='blog-feeds'>
        <b:include data='feedLinks' name='feedLinksBody'/>
      </div>
    </b:if>

    <b:else/> <!--Post feed links -->
    <div class='post-feeds'>
      <b:loop values='data:posts' var='post'>
        <b:if cond='data:post.allowComments'>
          <b:if cond='data:post.feedLinks'>
            <b:include data='post.feedLinks' name='feedLinksBody'/>
          </b:if>
        </b:if>
      </b:loop>
    </div>
  </b:if>
</b:includable>
                        <b:includable id='feedLinksBody' var='links'>
  <div class='feed-links'>
  <data:feedLinksMsg/>
  <b:loop values='data:links' var='f'>
     <a class='feed-link' expr:href='data:f.url' expr:type='data:f.mimeType' target='_blank'><data:f.name/> (<data:f.feedType/>)</a>
  </b:loop>
  </div>
</b:includable>
                        <b:includable id='iframe_comments' var='post'>

  <b:if cond='data:post.allowIframeComments'>
    <script expr:src='data:post.iframeCommentSrc' type='text/javascript'/>
    <div class='cmt_iframe_holder' expr:data-href='data:post.canonicalUrl' expr:data-viewtype='data:post.viewType'/>

    <b:if cond='data:post.embedCommentForm == &quot;false&quot;'>
      <a expr:href='data:post.addCommentUrl' expr:onclick='data:post.addCommentOnclick'><data:postCommentMsg/></a>
    </b:if>
  </b:if>
</b:includable>
                        <b:includable id='mobile-index-post' var='post'>
  <div class='mobile-date-outer date-outer'>
    <b:if cond='data:post.dateHeader'>
      <div class='date-header'>
        <span><data:post.dateHeader/></span>
      </div>
    </b:if>

    <div class='mobile-post-outer'>
      <a expr:href='data:post.url'>
        <h3 class='mobile-index-title entry-title' itemprop='name'>
          <data:post.title/>
        </h3>

        <div class='mobile-index-arrow'>&amp;rsaquo;</div>

        <div class='mobile-index-contents'>
          <b:if cond='data:post.thumbnailUrl'>
            <div class='mobile-index-thumbnail'>
              <div class='Image'>
                <img expr:src='data:post.thumbnailUrl'/>
              </div>
            </div>
          </b:if>

          <div class='post-body'>
            <b:if cond='data:post.snippet'><data:post.snippet/></b:if>
          </div>
        </div>

        <div style='clear: both;'/>
      </a>

      <div class='mobile-index-comment'>
        <b:if cond='data:blog.pageType != &quot;static_page&quot;'>
          <b:if cond='data:post.allowComments'>
            <b:if cond='data:post.numComments != 0'>
              <a class='comment-link' expr:href='data:post.addCommentUrl' expr:onclick='data:post.addCommentOnclick'><b:if cond='data:post.numComments == 1'>1 <data:top.commentLabel/><b:else/><data:post.numComments/> <data:top.commentLabelPlural/></b:if></a>
            </b:if>
          </b:if>
        </b:if>
      </div>
    </div>
  </div>
</b:includable>
                        <b:includable id='mobile-main' var='top'>
    <!-- posts -->
    <div class='blog-posts hfeed'>

      <b:include data='top' name='status-message'/>

      <b:if cond='data:blog.pageType == &quot;index&quot;'>
        <b:loop values='data:posts' var='post'>
          <b:include data='post' name='mobile-index-post'/>
        </b:loop>
      <b:else/>
        <b:loop values='data:posts' var='post'>
          <b:include data='post' name='mobile-post'/>
        </b:loop>
      </b:if>
    </div>

   <b:include name='mobile-nextprev'/>
</b:includable>
                        <b:includable id='mobile-nextprev'>
  <div class='blog-pager' id='blog-pager'>
    <b:if cond='data:newerPageUrl'>
      <div class='mobile-link-button' id='blog-pager-newer-link'>
      <a class='blog-pager-newer-link' expr:href='data:newerPageUrl' expr:id='data:widget.instanceId + &quot;_blog-pager-newer-link&quot;' expr:title='data:newerPageTitle'>&amp;lsaquo;</a>
      </div>
    </b:if>

    <b:if cond='data:olderPageUrl'>
      <div class='mobile-link-button' id='blog-pager-older-link'>
      <a class='blog-pager-older-link' expr:href='data:olderPageUrl' expr:id='data:widget.instanceId + &quot;_blog-pager-older-link&quot;' expr:title='data:olderPageTitle'>&amp;rsaquo;</a>
      </div>
    </b:if>

    <div class='mobile-link-button' id='blog-pager-home-link'>
    <a class='home-link' expr:href='data:blog.homepageUrl'><data:homeMsg/></a>
    </div>

    <div class='mobile-desktop-link'>
      <a class='home-link' expr:href='data:desktopLinkUrl'><data:desktopLinkMsg/></a>
    </div>

  </div>
  <div class='clear'/>
</b:includable>
                        <b:includable id='mobile-post' var='post'>
  <div class='date-outer'>
    <b:if cond='data:post.dateHeader'>
      <h2 class='date-header'><span><data:post.dateHeader/></span></h2>
    </b:if>
    <div class='date-posts'>
      <div class='post-outer'>

        <div class='post hentry uncustomized-post-template'>
          <a expr:name='data:post.id'/>
          <b:if cond='data:post.title'>
            <h1 class='post-title entry-title'>
              <b:if cond='data:post.link'>
                <a expr:href='data:post.link'><data:post.title/></a>
              <b:else/>
                <b:if cond='data:post.url'>
                  <b:if cond='data:blog.url != data:post.url'>
                    <a expr:href='data:post.url'><data:post.title/></a>
                  <b:else/>
                    <data:post.title/>
                  </b:if>
                <b:else/>
                  <data:post.title/>
                </b:if>
              </b:if>
            </h1>
          </b:if>

          <div class='post-header'>
            <div class='post-header-line-1'/>
          </div>

          <div class='post-body entry-content' expr:id='&quot;post-body-&quot; + data:post.id'>
            <data:post.body/>
            <div style='clear: both;'/> <!-- clear for photos floats -->
          </div>

          <div class='post-footer'>
            <div class='post-footer-line post-footer-line-1'>
              <span class='post-author vcard'>
                <b:if cond='data:top.showAuthor'>
                  <b:if cond='data:post.authorProfileUrl'>
                    <span class='fn'>
                      <a expr:href='data:post.authorProfileUrl' rel='author' title='author profile'>
                        <data:post.author/>
                      </a>
                    </span>
                  <b:else/>
                    <span class='fn'><data:post.author/></span>
                  </b:if>
                </b:if>
              </span>

              <span class='post-timestamp'>
                <b:if cond='data:top.showTimestamp'>
                  <data:top.timestampLabel/>
                  <b:if cond='data:post.url'>
                    <a class='timestamp-link' expr:href='data:post.url' rel='bookmark' title='permanent link'><abbr class='published' expr:title='data:post.timestampISO8601'><data:post.timestamp/></abbr></a>
                  </b:if>
                </b:if>
              </span>

              <span class='post-comment-link'>
                <b:if cond='data:blog.pageType != &quot;item&quot;'>
                  <b:if cond='data:blog.pageType != &quot;static_page&quot;'>
                    <b:if cond='data:post.allowComments'>
                      <a class='comment-link' expr:href='data:post.addCommentUrl' expr:onclick='data:post.addCommentOnclick'><b:if cond='data:post.numComments == 1'>1 <data:top.commentLabel/><b:else/><data:post.numComments/> <data:top.commentLabelPlural/></b:if></a>
                    </b:if>
                  </b:if>
                </b:if>
              </span>
            </div>

            <div class='post-footer-line post-footer-line-2'>
              <b:if cond='data:top.showMobileShare'>
                <div class='mobile-link-button goog-inline-block' id='mobile-share-button'>
                  <a href='javascript:void(0);'><data:shareMsg/></a>
                </div>
              </b:if>
              <b:if cond='data:top.showDummy'>
                <div class='goog-inline-block dummy-container'><data:post.dummyTag/></div>
              </b:if>
            </div>

          </div>
        </div>
        <b:if cond='data:blog.pageType == &quot;static_page&quot;'>
          <b:include data='post' name='comment_picker'/>
        </b:if>
        <b:if cond='data:blog.pageType == &quot;item&quot;'>
          <b:include data='post' name='comment_picker'/>
        </b:if>
      </div>
    </div>
  </div>
</b:includable>
                        <b:includable id='nextprev'>
  <div class='blog-pager' id='blog-pager'>
    <b:if cond='data:newerPageUrl'>
      <span id='blog-pager-newer-link'>
      <a class='blog-pager-newer-link' expr:href='data:newerPageUrl' expr:id='data:widget.instanceId + &quot;_blog-pager-newer-link&quot;' expr:title='data:newerPageTitle'><data:newerPageTitle/></a>
      </span>
    </b:if>

    <b:if cond='data:olderPageUrl'>
      <span id='blog-pager-older-link'>
      <a class='blog-pager-older-link' expr:href='data:olderPageUrl' expr:id='data:widget.instanceId + &quot;_blog-pager-older-link&quot;' expr:title='data:olderPageTitle'><data:olderPageTitle/></a>
      </span>
    </b:if>

    <a class='home-link' expr:href='data:blog.homepageUrl'><data:homeMsg/></a>

    <b:if cond='data:mobileLinkUrl'>
      <div class='blog-mobile-link'>
        <a expr:href='data:mobileLinkUrl'><data:mobileLinkMsg/></a>
      </div>
    </b:if>

  </div>
  <div class='clear'/>
</b:includable>
                        <b:includable id='post' var='post'>
  <div class='post hentry'>

<div class='post-header'>
<b:if cond='data:blog.pageType == &quot;item&quot;'>
<b:if cond='data:post.title'>
<h1 class='post-title entry-title'>
<b:if cond='data:post.link'>       
<a expr:href='data:post.link'><data:post.title/></a>    
<b:else/>
<b:if cond='data:post.url'>
<b:if cond='data:blog.url != data:post.url'>
<a expr:href='data:post.url'><data:post.title/></a>
<b:else/>
<data:post.title/>
</b:if>
<b:else/>
<data:post.title/>
</b:if>
</b:if>
</h1>
</b:if>
<b:else/>
<b:if cond='data:post.title'>
                            <h2 class='post-title entry-title'>
                              <b:if cond='data:post.link'>
                                <a expr:href='data:post.link'><data:post.title/></a>  
                                <b:else/>
                                <b:if cond='data:post.url'>
                                  <b:if cond='data:blog.url != data:post.url'>
                                    <a expr:href='data:post.url'><data:post.title/></a>
                                    <b:else/>
                                    <data:post.title/>
                                  </b:if>
                                  <b:else/>
                                  <data:post.title/>
                                </b:if>
                              </b:if>
                            </h2>
                          </b:if>
                        </b:if>

<div class='post-header-line-1'>
      <span class='post-labels'>
       In <b:if cond='data:post.labels'>
          <b:loop values='data:post.labels' var='label'>
            <a expr:href='data:label.url' rel='tag'><data:label.name/></a><b:if cond='data:label.isLast != &quot;true&quot;'>,</b:if>
          </b:loop>
        </b:if>
      </span>
<span class='post-author vcard'>
        <b:if cond='data:top.showAuthor'>
          <span class='fn'>by <a expr:href='data:userUrl' rel='author'><data:post.author/></a> </span>
        </b:if>
      </span> 
//
<span class='post-timestamp'>
        <b:if cond='data:top.showTimestamp'>
        <b:if cond='data:post.url'>
          <data:post.timestamp/>
        </b:if>
        </b:if>
      </span>
//
            <b:if cond='data:post.allowComments'>
<span class='post-comment-link'>
              <a expr:href='data:post.addCommentUrl' expr:onclick='data:post.addCommentOnclick'><b:if cond='data:post.numComments == 0'>Leave a Comment</b:if><b:if cond='data:post.numComments == 1'>1 comment</b:if><b:if cond='data:post.numComments &gt;= 2'><data:post.numComments/> comments</b:if></a>
      </span>
        </b:if>
</div>
    </div>
    <div class='post-body entry-content' expr:id='&quot;post-body-&quot; + data:post.id'>
      <b:if cond='data:blog.pageType == &quot;item&quot;'>
<data:post.body/>
<b:else/>
<b:if cond='data:blog.pageType == &quot;static_page&quot;'>

<data:post.body/>
<b:else/>
<div expr:id='&quot;summary&quot; + data:post.id'>
<data:post.body/>
</div>

<script type='text/javascript'>
createSummaryAndThumb(&quot;summary<data:post.id/>&quot;);
</script>
<span class='rmlink'><a expr:href='data:post.url'>Read More</a></span>
</b:if>
</b:if>
      <div style='clear: both;'/> <!-- clear for photos floats -->
    </div>

    <div class='post-footer'>
    <div class='post-footer-line post-footer-line-1'>
<b:if cond='data:blog.pageType == &quot;item&quot;'>
</b:if>
</div>

      <div class='post-footer-line post-footer-line-2'>

 </div>

      <div class='post-footer-line post-footer-line-3'><span class='post-location'>
        <b:if cond='data:top.showLocation'>
          <b:if cond='data:post.location'>
            <data:postLocationLabel/>
            <a expr:href='data:post.location.mapsUrl' target='_blank'><data:post.location.name/></a>
          </b:if>
        </b:if>
      </span> </div>
    </div>
  </div>
</b:includable>
                        <b:includable id='postQuickEdit' var='post'>
  <b:if cond='data:post.editUrl'>
    <span expr:class='&quot;item-control &quot; + data:post.adminClass'>
      <a expr:href='data:post.editUrl' expr:title='data:top.editPostMsg'>
        <img alt='' class='icon-action' height='18' src='http://img2.blogblog.com/img/icon18_edit_allbkg.gif' width='18'/>
      </a>
    </span>
  </b:if>
</b:includable>
                        <b:includable id='shareButtons' var='post'>
  <b:if cond='data:top.showEmailButton'><a class='goog-inline-block share-button sb-email' expr:href='data:post.sharePostUrl + &quot;&amp;target=email&quot;' expr:title='data:top.emailThisMsg' target='_blank'><span class='share-button-link-text'><data:top.emailThisMsg/></span></a></b:if><b:if cond='data:top.showBlogThisButton'><a class='goog-inline-block share-button sb-blog' expr:href='data:post.sharePostUrl + &quot;&amp;target=blog&quot;' expr:onclick='&quot;window.open(this.href, \&quot;_blank\&quot;, \&quot;height=270,width=475\&quot;); return false;&quot;' expr:title='data:top.blogThisMsg' target='_blank'><span class='share-button-link-text'><data:top.blogThisMsg/></span></a></b:if><b:if cond='data:top.showTwitterButton'><a class='goog-inline-block share-button sb-twitter' expr:href='data:post.sharePostUrl + &quot;&amp;target=twitter&quot;' expr:title='data:top.shareToTwitterMsg' target='_blank'><span class='share-button-link-text'><data:top.shareToTwitterMsg/></span></a></b:if><b:if cond='data:top.showFacebookButton'><a class='goog-inline-block share-button sb-facebook' expr:href='data:post.sharePostUrl + &quot;&amp;target=facebook&quot;' expr:onclick='&quot;window.open(this.href, \&quot;_blank\&quot;, \&quot;height=430,width=640\&quot;); return false;&quot;' expr:title='data:top.shareToFacebookMsg' target='_blank'><span class='share-button-link-text'><data:top.shareToFacebookMsg/></span></a></b:if><b:if cond='data:top.showOrkutButton'><a class='goog-inline-block share-button sb-orkut' expr:href='data:post.sharePostUrl + &quot;&amp;target=orkut&quot;' expr:title='data:top.shareToOrkutMsg' target='_blank'><span class='share-button-link-text'><data:top.shareToOrkutMsg/></span></a></b:if><b:if cond='data:top.showDummy'><div class='goog-inline-block dummy-container'><data:post.dummyTag/></div></b:if>
</b:includable>
                        <b:includable id='status-message'>
  <b:if cond='data:navMessage'>
  <div class='status-msg-wrap'>
    <div class='status-msg-body'>
      <data:navMessage/>
    </div>
    <div class='status-msg-border'>
      <div class='status-msg-bg'>
        <div class='status-msg-hidden'><data:navMessage/></div>
      </div>
    </div>
  </div>
  <div style='clear: both;'/>
  </b:if>
</b:includable>
                        <b:includable id='threaded-comment-form' var='post'>
  <div class='comment-form'>
    <a name='comment-form'/>
    <b:if cond='data:mobile'>
      <p><data:blogCommentMessage/></p>
      <data:blogTeamBlogMessage/>
      <a expr:href='data:post.commentFormIframeSrc' id='comment-editor-src'/>
      <iframe allowtransparency='true' class='blogger-iframe-colorize blogger-comment-from-post' frameborder='0' height='410' id='comment-editor' name='comment-editor' src='' style='display: none' width='100%'/>
    <b:else/>
      <p><data:blogCommentMessage/></p>
      <data:blogTeamBlogMessage/>
      <a expr:href='data:post.commentFormIframeSrc' id='comment-editor-src'/>
      <iframe allowtransparency='true' class='blogger-iframe-colorize blogger-comment-from-post' frameborder='0' height='410' id='comment-editor' name='comment-editor' src='' width='100%'/>
    </b:if>
    <data:post.friendConnectJs/>
    <data:post.cmtfpIframe/>
    <script type='text/javascript'>
      BLOG_CMT_createIframe(&#39;<data:post.appRpcRelayPath/>&#39;, &#39;<data:post.communityId/>&#39;);
    </script>
  </div>
</b:includable>
                        <b:includable id='threaded_comment_css'>
  <style>

  </style>
</b:includable>
                        <b:includable id='threaded_comment_js' var='post'>
  <script async='async' expr:src='data:post.commentSrc' type='text/javascript'/>

  <script type='text/javascript'>
    (function() {
      var items = <data:post.commentJso/>;
      var msgs = <data:post.commentMsgs/>;
      var config = <data:post.commentConfig/>;

// <![CDATA[
      var cursor = null;
      if (items && items.length > 0) {
        cursor = parseInt(items[items.length - 1].timestamp) + 1;
      }

      var bodyFromEntry = function(entry) {
        if (entry.gd$extendedProperty) {
          for (var k in entry.gd$extendedProperty) {
            if (entry.gd$extendedProperty[k].name == 'blogger.contentRemoved') {
              return '<span class="deleted-comment">' + entry.content.$t + '</span>';
            }
          }
        }
        return entry.content.$t;
      }

      var parse = function(data) {
        cursor = null;
        var comments = [];
        if (data && data.feed && data.feed.entry) {
          for (var i = 0, entry; entry = data.feed.entry[i]; i++) {
            var comment = {};
            // comment ID, parsed out of the original id format
            var id = /blog-(\d+).post-(\d+)/.exec(entry.id.$t);
            comment.id = id ? id[2] : null;
            comment.body = bodyFromEntry(entry);
            comment.timestamp = Date.parse(entry.published.$t) + '';
            if (entry.author && entry.author.constructor === Array) {
              var auth = entry.author[0];
              if (auth) {
                comment.author = {
                  name: (auth.name ? auth.name.$t : undefined),
                  profileUrl: (auth.uri ? auth.uri.$t : undefined),
                  avatarUrl: (auth.gd$image ? auth.gd$image.src : undefined)
                };
              }
            }
            if (entry.link) {
              if (entry.link[2]) {
                comment.link = comment.permalink = entry.link[2].href;
              }
              if (entry.link[3]) {
                var pid = /.*comments\/default\/(\d+)\?.*/.exec(entry.link[3].href);
                if (pid && pid[1]) {
                  comment.parentId = pid[1];
                }
              }
            }
            comment.deleteclass = 'item-control blog-admin';
            if (entry.gd$extendedProperty) {
              for (var k in entry.gd$extendedProperty) {
                if (entry.gd$extendedProperty[k].name == 'blogger.itemClass') {
                  comment.deleteclass += ' ' + entry.gd$extendedProperty[k].value;
                } else if (entry.gd$extendedProperty[k].name == 'blogger.displayTime') {
                  comment.displayTime = entry.gd$extendedProperty[k].value;
                }
              }
            }
            comments.push(comment);
          }
        }
        return comments;
      };

      var paginator = function(callback) {
        if (hasMore()) {
          var url = config.feed + '?alt=json&v=2&orderby=published&reverse=false&max-results=50';
          if (cursor) {
            url += '&published-min=' + new Date(cursor).toISOString();
          }
          window.bloggercomments = function(data) {
            var parsed = parse(data);
            cursor = parsed.length < 50 ? null
                : parseInt(parsed[parsed.length - 1].timestamp) + 1
            callback(parsed);
            window.bloggercomments = null;
          }
          url += '&callback=bloggercomments';
          var script = document.createElement('script');
          script.type = 'text/javascript';
          script.src = url;
          document.getElementsByTagName('head')[0].appendChild(script);
        }
      };
      var hasMore = function() {
        return !!cursor;
      };
      var getMeta = function(key, comment) {
        if ('iswriter' == key) {
          var matches = !!comment.author
              && comment.author.name == config.authorName
              && comment.author.profileUrl == config.authorUrl;
          return matches ? 'true' : '';
        } else if ('deletelink' == key) {
          return config.baseUri + '/delete-comment.g?blogID='
               + config.blogId + '&postID=' + comment.id;
        } else if ('deleteclass' == key) {
          return comment.deleteclass;
        }
        return '';
      };

      var replybox = null;
      var replyUrlParts = null;
      var replyParent = undefined;

      var onReply = function(commentId, domId) {
        if (replybox == null) {
          // lazily cache replybox, and adjust to suit this style:
          replybox = document.getElementById('comment-editor');
          if (replybox != null) {
            replybox.height = '250px';
            replybox.style.display = 'block';
            replyUrlParts = replybox.src.split('#');
          }
        }
        if (replybox && (commentId !== replyParent)) {
          document.getElementById(domId).insertBefore(replybox, null);
          replybox.src = replyUrlParts[0]
              + (commentId ? '&parentID=' + commentId : '')
              + '#' + replyUrlParts[1];
          replyParent = commentId;
        }
      };

      var hash = (window.location.hash || '#').substring(1);
      var startThread, targetComment;
      if (/^comment-form_/.test(hash)) {
        startThread = hash.substring('comment-form_'.length);
      } else if (/^c[0-9]+$/.test(hash)) {
        targetComment = hash.substring(1);
      }

      // Configure commenting API:
      var configJso = {
        'maxDepth': config.maxThreadDepth
      };
      var provider = {
        'id': config.postId,
        'data': items,
        'loadNext': paginator,
        'hasMore': hasMore,
        'getMeta': getMeta,
        'onReply': onReply,
        'rendered': true,
        'initComment': targetComment,
        'initReplyThread': startThread,
        'config': configJso,
        'messages': msgs
      };

      var render = function() {
        if (window.goog && window.goog.comments) {
          var holder = document.getElementById('comment-holder');
          window.goog.comments.render(holder, provider);
        }
      };

      // render now, or queue to render when library loads:
      if (window.goog && window.goog.comments) {
        render();
      } else {
        window.goog = window.goog || {};
        window.goog.comments = window.goog.comments || {};
        window.goog.comments.loadQueue = window.goog.comments.loadQueue || [];
        window.goog.comments.loadQueue.push(render);
      }
    })();
// ]]>
  </script>
</b:includable>
                        <b:includable id='threaded_comments' var='post'>
  <div class='comments' id='comments'>
    <a name='comments'/>
    <h4><data:post.commentLabelFull/>:</h4>

    <div class='comments-content'>
      <b:if cond='data:post.embedCommentForm'>
        <b:include data='post' name='threaded_comment_js'/>
      </b:if>
      <div id='comment-holder'>
         <data:post.commentHtml/>
      </div>
    </div>

    <p class='comment-footer'>
      <b:if cond='data:post.allowNewComments'>
        <b:include data='post' name='threaded-comment-form'/>
      <b:else/>
        <data:post.noNewCommentsText/>
      </b:if>
    </p>

    <b:if cond='data:showCmtPopup'>
      <div id='comment-popup'>
        <iframe allowtransparency='true' frameborder='0' id='comment-actions' name='comment-actions' scrolling='no'>
        </iframe>
      </div>
    </b:if>

    <div id='backlinks-container'>
    <div expr:id='data:widget.instanceId + &quot;_backlinks-container&quot;'>
       <b:if cond='data:post.showBacklinks'>
         <b:include data='post' name='backlinks'/>
       </b:if>
    </div>
    </div>
  </div>
</b:includable>
                      </b:widget>
                    </b:section>

            </div><!-- /main-wrapper -->

                   <div class='sidebar-wrapper'>
                     <b:section class='sidebar' id='sidebar' showaddelement='yes'>
                       <b:widget id='HTML2' locked='false' title='' type='HTML'>
                         <b:includable id='main'>
  <!-- only display title if it's non-empty -->
  <b:if cond='data:title != &quot;&quot;'>
    <h2 class='title'><data:title/></h2>
  </b:if>
  <div class='widget-content'>
    <data:content/>
  </div>

  <b:include name='quickedit'/>
</b:includable>
                       </b:widget>
                       <b:widget id='Label2' locked='false' title='Labels' type='Label'>
                         <b:includable id='main'>
  <b:if cond='data:title'>
    <h2><data:title/></h2>
  </b:if>
  <div expr:class='&quot;widget-content &quot; + data:display + &quot;-label-widget-content&quot;'>
    <b:if cond='data:display == &quot;list&quot;'>
      <ul>
      <b:loop values='data:labels' var='label'>
        <li>
          <b:if cond='data:blog.url == data:label.url'>
            <span expr:dir='data:blog.languageDirection'><data:label.name/></span>
          <b:else/>
            <a expr:dir='data:blog.languageDirection' expr:href='data:label.url'><data:label.name/></a>
          </b:if>
          <b:if cond='data:showFreqNumbers'>
            <span dir='ltr'>(<data:label.count/>)</span>
          </b:if>
        </li>
      </b:loop>
      </ul>
    <b:else/>
      <b:loop values='data:labels' var='label'>
        <span expr:class='&quot;label-size label-size-&quot; + data:label.cssSize'>
          <b:if cond='data:blog.url == data:label.url'>
            <span expr:dir='data:blog.languageDirection'><data:label.name/></span>
          <b:else/>
            <a expr:dir='data:blog.languageDirection' expr:href='data:label.url'><data:label.name/></a>
          </b:if>
          <b:if cond='data:showFreqNumbers'>
            <span class='label-count' dir='ltr'>(<data:label.count/>)</span>
          </b:if>
        </span>
      </b:loop>
    </b:if>
  </div>
</b:includable>
                       </b:widget>
                       <b:widget id='HTML1' locked='false' title='Join The Fan Club' type='HTML'>
                         <b:includable id='main'>
  <!-- only display title if it's non-empty -->
  <b:if cond='data:title != &quot;&quot;'>
    <h2 class='title'><data:title/></h2>
  </b:if>
  <div class='widget-content'>
    <data:content/>
  </div>

  <b:include name='quickedit'/>
</b:includable>
                       </b:widget>
                     </b:section>

                </div><!-- /sidebar-wrapper -->
<div class='clr'/>
            </div><!-- /ct-wrapper -->
            </div><!-- /outer-wrapper -->

<div id='footer'>
    <div class='ct-wrapper'>
<b:section class='footer' id='footer1' preferred='yes'/>

<b:section class='footer' id='footer2' preferred='yes'/>

<b:section class='footer' id='footer3' preferred='yes'/>



    <div class='clr'/>

            </div><!-- /ct-wrapper -->
</div><!-- footer -->

  <div class='footer-credits'>
    <div class='ct-wrapper'>

      <p>&#169; 2012 <a expr:href='data:blog.homepageUrl'><data:blog.title/></a> Published..<a href='http://gooyaabitemplates.com'>Blogger Templates</a> </p>
    </div><!-- /ct-wrapper -->
  </div><!-- footer-credits -->

<script type='text/javascript'>
  /*<![CDATA[*/
    var postperpage=5;
    var numshowpage=2;
    var upPageWord ='Previous Page';
    var downPageWord ='Next Page';
    var urlactivepage=location.href;
    var home_page="/";
  /*]]>*/
</script>
<script src='http://yourjavascript.com/00911305131/pagenavigation.txt.js' type='text/javascript'/>
<b:include data='blog' name='google-analytics'/>
</body>
</html>