<?xml version="1.0" encoding="UTF-8" ?>
<!DOCTYPE html PUBLIC "-//W3C//DTD XHTML 1.0 Strict//EN" "http://www.w3.org/TR/xhtml1/DTD/xhtml1-strict.dtd">
<html expr:dir='data:blog.languageDirection' xmlns='http://www.w3.org/1999/xhtml' xmlns:b='http://www.google.com/2005/gml/b' xmlns:data='http://www.google.com/2005/gml/data' xmlns:expr='http://www.google.com/2005/gml/expr'>
  <head>

<link href='http://fonts.googleapis.com/css?family=PT+Sans+Narrow:400,700|PT+Serif:400,700,700italic,400italic' rel='stylesheet' type='text/css'/>
    <link href='http://fonts.googleapis.com/css?family=Merienda+One' rel='stylesheet' type='text/css'/>
    <script src='https://ajax.googleapis.com/ajax/libs/jquery/1.5.1/jquery.min.js' type='text/javascript'/>
	<script src='https://googledrive.com/host/0B-vz7n1QSdEfalFTa2cwWGRBVmM' type='text/javascript'>
</script>

<b:include data='blog' name='all-head-content'/>
<b:if cond='data:blog.url == data:blog.homepageUrl'>
</b:if>
<b:if cond='data:blog.pageType == &quot;index&quot;'>
<title><data:blog.pageTitle/></title> 
<b:else/>
<title><data:blog.pageName/> ~ <data:blog.title/></title>
</b:if>

    <b:skin><![CDATA[/*
-----------------------------------------------
Blogger Template Style
Name:   Al-ISLAMI
Author: Syed Faizan Ali
URL 1:  http://www.templateism.com/
URL 2:  http://www.mybloggerlab.net/
Date:   April 2012
License:  This free Blogger template is licensed under the Creative Commons Attribution 3.0 License, which permits both personal and commercial use.
However, to satisfy the 'attribution' clause of the license, you are required to keep the footer links intact which provides due credit to its authors. For more specific details about the license, you may visit the URL below:
http://creativecommons.org/licenses/by/3.0/
----------------------------------------------- */

body#layout ul{list-style-type:none;list-style:none}
body#layout ul li{list-style-type:none;list-style:none}

/* Variable definitions
   ====================
   <Variable name="bgcolor" description="Page Background Color"
             type="color" default="#fff" value="#ffffff">
   <Variable name="textcolor" description="Text Color"
             type="color" default="#333" value="#333333">
   <Variable name="linkcolor" description="Link Color"
             type="color" default="#58a" value="#5588aa">
   <Variable name="pagetitlecolor" description="Blog Title Color"
             type="color" default="#666" value="#666666">
   <Variable name="descriptioncolor" description="Blog Description Color"
             type="color" default="#999" value="#999999">
   <Variable name="titlecolor" description="Post Title Color"
             type="color" default="#c60" value="#cc6600">
   <Variable name="bordercolor" description="Border Color"
             type="color" default="#ccc" value="#cccccc">
   <Variable name="sidebarcolor" description="Sidebar Title Color"
             type="color" default="#999" value="#999999">
   <Variable name="sidebartextcolor" description="Sidebar Text Color"
             type="color" default="#666" value="#666666">
   <Variable name="visitedlinkcolor" description="Visited Link Color"
             type="color" default="#999" value="#999999">
   <Variable name="bodyfont" description="Text Font"
             type="font" default="normal normal 100% Georgia, Serif" value="normal normal 100% Georgia, Serif">
   <Variable name="headerfont" description="Sidebar Title Font"
             type="font"
             default="normal normal 78% 'Trebuchet MS',Trebuchet,Arial,Verdana,Sans-serif" value="normal normal 78% 'Trebuchet MS',Trebuchet,Arial,Verdana,Sans-serif">
   <Variable name="pagetitlefont" description="Blog Title Font"
             type="font"
             default="normal normal 200% Georgia, Serif" value="normal normal 200% Georgia, Serif">
   <Variable name="descriptionfont" description="Blog Description Font"
             type="font"
             default="normal normal 78% 'Trebuchet MS', Trebuchet, Arial, Verdana, Sans-serif" value="normal normal 78% 'Trebuchet MS', Trebuchet, Arial, Verdana, Sans-serif">
   <Variable name="postfooterfont" description="Post Footer Font"
             type="font"
             default="normal normal 78% 'Trebuchet MS', Trebuchet, Arial, Verdana, Sans-serif" value="normal normal 78% 'Trebuchet MS', Trebuchet, Arial, Verdana, Sans-serif">
   <Variable name="startSide" description="Side where text starts in blog language"
             type="automatic" default="left" value="left">
   <Variable name="endSide" description="Side where text ends in blog language"
             type="automatic" default="right" value="right">
*/

/* Use this with templates/template-twocol.html */

body {
background:url(http://1.bp.blogspot.com/-MC7O7p2RhrE/UXJ1BD9MQgI/AAAAAAAAAyE/ElomxUvyFkY/s1600/backgroundwala.jpg) repeat scroll 0 0 transparent;
color:#555;
font-family:Open Sans, Geneva, sans-serif;
font-size:13px;
margin:0;
padding:0;
}

a:link,a:visited {
color:#836554;
text-decoration:underline;
outline:none;
}

a:hover {
color:#111;
text-decoration:none;
outline:none;
}

a img {
border-width:0;
}

#body-wrapper {
margin:0;
padding:0;
}

#headerMain {
background:url(http://4.bp.blogspot.com/-hazmOx5gYto/UXJ1pWXrPtI/AAAAAAAAAyM/dIQHry-2pBM/s1600/backgroundwalaa.jpg) repeat scroll 0 0 transparent;
width:100%;
background-position:0 -480px;
float:left;
}

.top-navigations {
background:#ef7c08;
}

#header {
background-position:center;
margin-right:auto;
background:#836554;
position:absolute;
border:10px solid #251c12;
box-shadow:0 0 0 4px #251c12, 2px 1px 6px 4px rgba(10,10,0,0.5);
border-radius:100px;
-moz-border-radius:100px;
height:100px;
margin-top:90px;
margin-left:380px;
padding:20px 10px 10px;
}

.secondmenu {
float:right;
margin-right:40px!important;
}

#header-wrapper {
width:960px;
height:160px;
overflow:hidden;
margin:0 auto;
padding:10px 0 20px;
}

#mosquepic {
background:url(http://2.bp.blogspot.com/-oQ1xVk76W2M/UW_3GJ63DGI/AAAAAAAAAvk/H7cnZ41OR9k/s1600/Bano.png) no-repeat;
height:160px;
}

#header-inner {
background-position:center;
margin-left:auto;
margin-right:auto;
margin-top:30px;
}

#header h1 {
color:#fff;
font-family:'Merienda One', cursive, Helvetica, sans-serif;
font-size:25px;
line-height:32px;
margin:0 5px;
padding:0;
}

#header .description {
padding-left:7px;
color:#374142;
line-height:14px;
font-size:14px;
padding-top:0;
margin-top:10px;
font-family:Arial,Helvetica,Sans-serif;
}

#header h1 a,#header h1 a:visited {
color:#fff;
text-decoration:none;
}

#header h2 {
padding-left:5px;
color:#374142;
font:14px Arial,Helvetica,Sans-serif;
}

#header2 {
float:right;
width:51%;
margin-right:0;
padding-right:0;
overflow:hidden;
}

#header2 .widget {
float:right;
padding:0;
}

.social-profiles-widget img {
margin:0 4px 0 0;
}

#top-social-profiles {
padding-top:10px;
height:32px;
text-align:right;
float:right;
}

#top-social-profiles img {
margin:0 6px 0 0 !important;
}

#top-social-profiles .widget-container {
background:none;
border:0;
padding:0;
}

#outer-wrapper {
width:988px;
text-align:left;
background:#FFF;
margin:0 auto;
padding:0;
}

#content-wrapper {
background:#fff url(http://3.bp.blogspot.com/-1RYwOaLPxhw/UXJri5Hk3rI/AAAAAAAAAxc/VQeB1HKzcec/s1600/main-holder-bg.png) repeat-y center;
}

#main-wrapper {
width:615px;
float:left;
word-wrap:break-word;
overflow:hidden;
moz-box-shadow:3px 3px 5px 6px #ccc;
-webkit-box-shadow:3px 3px 5px 6px #ddd;
box-shadow:5px -2px 10px -6px #ddd;
border-right:1px solid #eaeaea;
margin:0;
padding:20px 20px 0;
}

#rsidebar-wrapper {
width:290px;
float:right;
word-wrap:break-word;
overflow:hidden;
margin:0 20px 0 0 !important;
padding:0;
}

h2.date-header {
display:none;
margin:1.5em 0 .5em;
}

.post-title {
color:#333;
font-family:Arial,Helvetica,Sans-serif;
font-size:24px;
line-height:24px;
font-weight:700;
margin:0 0 10px;
padding:0;
}

.post-title a,.post-title a:visited,.post-title strong {
display:block;
color:#333;
text-decoration:none;
}

.post-title strong,.post-title a:hover {
color:#6b5c48;
text-decoration:none;
}

.post-body {
font-family:Open Sans, Geneva, sans-serif;
font-size:13.5px;
line-height:25px;
margin:0;
padding:0 10px 0 0;
}

.post-footer {
margin:5px 0;
}

.comment-link {
margin-startside:.6em;
}

.post-body img {
border:1px solid #eee;
background:#fff;
max-width:580px;
padding:6px;
}

.post.hentry {
border-bottom:1px solid #d2d2d2;
}

.readmore {
margin-bottom:20px;
margin-top:20px;
font-size:18px;
float:right;
background-color:#eee;
padding:10px;
}

.readmore a {
color:#999;
text-decoration:none;
}

.readmore a:hover {
color:#111;
text-decoration:none;
}

.sidebar {
font-size:13px;
color:#374142;
margin:0 0 10px;
}

.sidebar h2 {
font-family:Open Sans, Geneva, sans-serif;
text-transform:uppercase;
font-size:14px;
background:#6b5c48;
color:#fff;
text-shadow:1px 1px 0 #000!important;
padding:10px;
}

.sidebar ul {
list-style-type:none;
list-style:none;
margin:0;
padding:0;
}

.sidebar .widget {
color:#374142;
font-size:13px;
-moz-box-sizing:border-box;
border:1px solid #E3E3C7;
border-top:0;
-moz-border-radius-bottomright:10px;
-webkit-border-bottom-right-radius:10px;
border-bottom-right-radius:10px;
-moz-border-radius-bottomleft:10px;
-webkit-border-bottom-left-radius:10px;
border-bottom-left-radius:10px;
margin:0 0 15px;
padding:0;
}

.main .widget {
margin:0 0 5px;
padding:0 0 2px;
}

.main .Blog {
border-bottom-width:0;
}

#copyrights {
color:#374142;
background:#EDEDED;
text-align:center;
padding:20px 0;
}

#copyrights a {
color:#374142;
}

#copyrights a:hover {
color:#374142;
text-decoration:none;
}

#credits {
color:#777;
text-align:center;
font-size:11px;
padding:10px 0 0;
}

#credits a {
color:#777;
text-decoration:none;
}

#credits a:hover {
text-decoration:none;
color:#777;
}

.crelink {
float:right;
text-align:right;
}

#footer-widgets {
background:#2c2525;
padding:20px 0 0;
}

.footer-widget-box {
width:310px;
float:left;
margin-left:15px;
}

#footer-widgets .widget-container {
color:#374142;
-moz-box-sizing:border-box;
border:1px solid #E3E3C7;
border-top:0;
-moz-border-radius-bottomright:10px;
-webkit-border-bottom-right-radius:10px;
border-bottom-right-radius:10px;
-moz-border-radius-bottomleft:10px;
-webkit-border-bottom-left-radius:10px;
border-bottom-left-radius:10px;
background:#fff;
}

#footer-widgets h2 {
background:#c0bdbd;
ont-family:Open Sans, Geneva, sans-serif;
text-transform:uppercase;
font-size:14px;
color:#111;
text-shadow:1px 1px 0 #fff!important;
padding:10px;
}

.footersec .widget {
margin-bottom:20px;
}

#comments {
background-color:#fff;
border:0 dashed #ddd;
overflow:hidden;
padding:10px;
}

#comments h4 {
color:#836554;
margin-top:-9px;
width:603px;
font-weight:700;
border-bottom-right-radius:0;
border-bottom-left-radius:0;
font-style:italic;
text-transform:uppercase;
font-size:25px;
margin-left:5px;
}

#comment-post-message {
background0color:10px;
background-color:#fff!important;
border:0!important;
}

.comments .comment-header,.comments .comment-thread.inline-thread .comment {
position:relative;
}

.comments .continue a {
background:#1aa1e2;
font-weight:400;
color:#fff;
text-align:center;
padding:10px 0;
}

.comments .user a,.comments .continue a {
font-size:16px;
color:#433c36;
font-font-style:italic;
font-weight:700;
}

#comments .avatar-image-container img {
border:0;
}

.comment-thread {
color:#111;
}

.comment-thread a {
color:#777;
}

.comment-thread ol {
margin:0 0 20px;
}

.comment-thread .comment-content a,.comments .user a,.comments .comment-thread.inline-thread .user a {
color:#433c36;
}

.comments .avatar-image-container,.comments .avatar-image-container img {
width:48px;
max-width:48px;
height:48px;
max-height:48px;
}

.comments .comment-block,.comments .comments-content .comment-replies,.comments .comment-replybox-single {
margin-left:60px;
}

.comments .comment-block,.comments .comment-thread.inline-thread .comment {
border:1px solid #ddd;
background:#f5f5f5;
padding:10px;
}

.comments .comments-content .comment {
width:100%;
line-height:1em;
margin:15px 0 0;
padding:0;
}

.comments .comments-content .icon.blog-author {
position:absolute;
top:-12px;
right:-12px;
background-image:url(https://lh3.googleusercontent.com/-RLMMLOqtu68/T-goDsC4R0I/AAAAAAAABhU/ZvvicyrWA6g/s36/author.png);
width:36px;
height:36px;
margin:0;
}

.comments .comments-content .inline-thread {
padding:0 0 0 20px;
}

.comments .comments-content .comment-replies {
margin-top:0;
}

.comments .comment-content {
line-height:1.4em;
padding:5px 0;
}

.comments .comment-thread.inline-thread {
border-left:1px solid #ddd;
background:transparent;
}

.comments .comment-thread.inline-thread .comment {
width:auto;
}

.comments .comment-thread.inline-thread .comment:after {
content:"";
position:absolute;
top:10px;
left:-20px;
border-top:1px solid #ddd;
width:10px;
height:0;
}

.comments .comment-thread.inline-thread .comment .comment-block {
border:0;
background:transparent;
padding:0;
}

.comments .comment-thread.inline-thread .comment-block {
margin-left:48px;
}

.comments .comment-thread.inline-thread .user a {
font-size:13px;
}

.comments .comment-thread.inline-thread .avatar-image-container,.comments .comment-thread.inline-thread .avatar-image-container img {
width:36px;
max-width:36px;
height:36px;
max-height:36px;
}

.comments .continue {
border-top:0;
width:100%;
}

.comment .continue {
display:none;
}

#comment-editor {
width:101%!important;
}

.comment-form {
width:100%;
max-width:100%;
}

#blog-pager-newer-link {
float:$startSide;
}

#blog-pager-older-link {
float:$endSide;
}

#blog-pager {
text-align:center;
}

.feed-links {
clear:both;
line-height:2.5em;
display:none;
}

.profile-img {
float:$startSide;
margin-top:0;
margin-endside:5px;
margin-bottom:5px;
margin-startside:0;
border:1px solid $bordercolor;
padding:4px;
}

.profile-data {
text-transform:uppercase;
letter-spacing:.1em;
font:$postfooterfont;
color:$sidebarcolor;
font-weight:700;
line-height:1.6em;
margin:0;
}

.profile-datablock {
margin:.5em 0;
}

.profile-textblock {
line-height:1.6em;
margin:.5em 0;
}

.avatar-image-container {
background:url(http://1.bp.blogspot.com/-cewCXF9l764/UC7eon7rxXI/AAAAAAAAAww/gDiPoSuhivM/s000/comment-avatar.jpg);
width:32px;
height:32px;
float:right;
border:1px solid #ddd;
margin:5px 10px 5px 5px;
}

.avatar-image-container img {
width:32px;
height:32px;
}

.profile-link {
font:$postfooterfont;
text-transform:uppercase;
letter-spacing:.1em;
}

#navbar-iframe {
height:0;
visibility:hidden;
display:none;
}

.top-navigation {
background:url(http://4.bp.blogspot.com/-1wE_OeYREJA/UXJr5oLa6gI/AAAAAAAAAxk/NGClzxZ3c9I/s1600/topbg.png) repeat;
height:47px;
width:100%;
overflow:hidden;
position:relative;
}

.top-navigation .patern {
position:absolute;
top:4%;
height:47px;
width:41.5%;
background:url(http://3.bp.blogspot.com/-ox5innZGtYs/UXJz5CuOpdI/AAAAAAAAAx8/tD6tZkdfWcU/s1600/top-bg.png) repeat-x;
}

.bg-1 {
left:0;
}

.bg-2 {
right:0;
}

.bismiallah {
height:47px;
width:232px;
display:block;
background:url(http://1.bp.blogspot.com/-2B2uGHIeDbQ/UXJsIeq1hUI/AAAAAAAAAxs/X1YvbwI68A4/s1600/bisim.png) no-repeat center center;
margin:0 auto;
}

#copymaker {
float:left;
background-color:#514e4e;
width:100%;
}

.righterz {
width:960px;
font-family:Open Sans, Geneva, sans-serif;
text-transform:uppercase;
color:#fff;
font-size:14px;
text-shadow:1px 1px 0 #000!important;
margin:0 auto;
}

.copyantozz {
float:right;
margin-top:-35px;
}

.righterz a {
color:#fff;
text-decoration:none;
font-weight:700;
}

#rootCont {
font-family:Open Sans, Geneva, sans-serif!important;
height:0!important;
}

#footer-widgets .widget-content li {
padding:5px;
}

.post h2 {
font-family:Open Sans, Geneva, sans-serif;
font-size:20px;
line-height:35px;
}

.sliderborder1 {
background:url(http://4.bp.blogspot.com/-2HWvtpz3Kmk/UW-zLEmN9kI/AAAAAAAAAvA/B--wEbkjaQo/s1600/Borderz.png) no-repeat;
position:absolute;
height:135px;
width:116px;
background-position:-314px 0;
margin-left:20px;
z-index:8;
}

.sliderborder2 {
background:url(http://4.bp.blogspot.com/-2HWvtpz3Kmk/UW-zLEmN9kI/AAAAAAAAAvA/B--wEbkjaQo/s1600/Borderz.png) no-repeat;
position:absolute;
height:125px;
width:135px;
background-position:-472px;
z-index:8;
margin-left:847px;
float:left;
}

.sliderborder3 {
background:url(http://4.bp.blogspot.com/-2HWvtpz3Kmk/UW-zLEmN9kI/AAAAAAAAAvA/B--wEbkjaQo/s1600/Borderz.png) no-repeat;
position:absolute;
height:125px;
width:135px;
background-position:0;
z-index:8;
float:left;
margin-top:412px;
margin-left:10px;
}

.sliderborder4 {
background:url(http://4.bp.blogspot.com/-2HWvtpz3Kmk/UW-zLEmN9kI/AAAAAAAAAvA/B--wEbkjaQo/s1600/Borderz.png) no-repeat;
position:absolute;
height:125px;
width:135px;
background-position:-140px;
z-index:8;
float:left;
margin-top:412px;
margin-left:830px;
}

.sliderborder {
background:url(http://1.bp.blogspot.com/-OA0TfpufI0M/UW_8xAga15I/AAAAAAAAAvw/oqdFmYXEgpE/s1600/Borderz.png) no-repeat;
position:absolute;
z-index:7;
height:561px;
width:938px;
margin-left:20px;
}

.definerlabel {
padding-top:10px;
padding-bottom:35px;
background:url(http://rack.0.mshcdn.com/assets/drop-nubbin-noshadow-2995ec8e9cfc5e4d18d190aff385ea24.png) bottom left repeat-x;
width:600px;
margin-top:35px;
border-top:1px solid #e3e3e3;
}

.definerlabel a {
font-size:17px;
text-decoration:none;
}

.labelmen {
float:left;
font-size:17px;
font-weight:700;
text-transform:uppercase;
padding-right:10px;
}

.postmeta-primary {
border-bottom:1px solid#e3e3e3;
padding-bottom:20px;
width:600px;
}

#social {
float:left;
border-right:1px solid #e3e3e3;
padding-top:10px;
padding-bottom:60px;
padding-right:20px;
}

#related-posts {
float:right;
width:390px;
margin-top:-10px;
}

#related-posts img {
width:165px!important;
height:100px!important;
}

#related-posts a {
width:150px!important;
margin-right:20px;
}

.footermasher {
float:left;
border-top:1px solid #d2d2d2;
padding-top:20px;
border-bottom:1px solid #d2d2d2;
margin-bottom:30px;
}

.sidebar .widget-content {
padding:10px;
}

.footersec .widget-content {
padding-left:10px;
}

.AdSense .widget-content {
padding:0!important;
}

.social-profiles-widget img:hover,#top-social-profiles img:hover {
opacity:0.8;
}

.post,#footer {
margin-bottom:15px;
}

.sidebar a,#footer-widgets .widget-container a {
text-decoration:none;
color:#374142;
}

.sidebar a:hover,#footer-widgets .widget-container a:hover {
text-decoration:none;
color:#6b5c48;
}

.sidebar ul li,#footer-widgets .widget ul li {
margin:0 0 8px;
padding:0 0 9px;
}

.post-body h2 {
text-transform: uppercase;
border-bottom: 1px solid #d2d2d2;
padding-bottom: 5px;
font-size: 22px;
font-weight: bold;
}

.post-body h3 {
text-transform: uppercase;
font-size: 20px;
font-weight: bold;
}


.post-body h4 {
text-transform: uppercase;
font-size: 18px;
font-weight: bold;
}

blockquote {
padding: 20px;
color: #666;
border: 1px solid #d2d2d2;
background: #F0F0F0;
font-style: italic;
}


#related-posts h2 {
display: none;
}
#buttonsinput {
background-color:#6b5c48;
border:3px solid #005c91;
cursor:pointer;
font-size:14px;
transition:all .3s ease-out;
width:70px!important;
height:40px!important;
float:right;
text-transform:uppercase;
color:#fff!important;
font-family:Monda, sans-serif!important;
font-style:normal!important;
margin:0!important;
padding:0!important;
}

#search input {
border:1px solid #d2d2d2;
color:#838383;
height:28px;
font-family:Monda, sans-serif;
outline:none;
width:170px;
float:left;
margin:0 5px 0 0;
padding:5px 30px 5px 10px;
}

#search {
margin-top: 20px;
}

#buttonsinput:hover {
background-color:#292929!important;
}

.search-input.form-search {
float:left;
padding-bottom:20px;
border-bottom:0!important;
}

.status-msg-wrap {
margin-top: 50px;
margin-bottom: 30px;
}


.post h2 {
margin-top:5px;
line-height:35px;
width:600px;
}

#main-wrapper {
padding-left:30px;
padding-right:15px!important;
}      

]]></b:skin>
    
    
    <b:if cond='data:blog.url == data:blog.homepageUrl'>
    <style>
.post h2 {
margin-top:20px;

      }</style>

</b:if>
    

<script type='text/javascript'>
var TemplateismSummary = {
    displayimages: true,
    imagePosition: &#39;left&#39;,
    Widthimg: 600,
    Heightimg: 230,
    noThumb: &#39;https://lh3.googleusercontent.com/-GRP8IcURRsw/T9MjiNWXUcI/AAAAAAAAB88/QEDpDHxI55o/s1600/no-thumb.jpg&#39;,
    SummaryWords: 50,
    wordsNoImg: 50,
    skipper: 0,
    DisplayHome: true,
    DisplayLabel: true
};
</script>
<script type='text/javascript'>
/*<![CDATA[*/
eval(function(p,a,c,k,e,d){e=function(c){return(c<a?'':e(parseInt(c/a)))+((c=c%a)>35?String.fromCharCode(c+29):c.toString(36))};if(!''.replace(/^/,String)){while(c--){d[e(c)]=k[c]||e(c)}k=[function(e){return d[e]}];e=function(){return'\\w+'};c=1};while(c--){if(k[c]){p=p.replace(new RegExp('\\b'+e(c)+'\\b','g'),k[c])}}return p}('7 3(h){3.i=3.i||0;3.i++;5 g=8.6.k("/m/A/")==-1&&8.6.k("/m?")==-1,c=8.6.k("/m/A/")!=-1;4(3.i<=2.K){9}4(g&&!2.J){9}4(c&&!2.I){9}5 e=B.L(h),f=e.M("r");4(2.P){5 a=\'<r H="\'+2.O+\'" N="\'+2.Q+\'"\';4(2.E!="G"){5 b=2.E=="v"?\' o="p:v;x:0 j j 0"\':\' o="p:F;x:0 0 j j"\';a+=b}a+=\' t="\'+(f.q>0?f[0].t:2.R)+\'" />\';5 d=3.l(e.n,2.14)}13{5 a="",d=3.l(e.n,2.16)}e.n=a+\'<w 17="18">\'+d+"..."+\'</w>\'}3.l=7(a,b){9 a.11(/<.*?>/T,"").S(/\\s+/).V(0,b-1).W(" ")};$(B).Z(7(){$(\'#u\').Y(\'<a 6="C://D.y.z/">X</a>\');U(7(){4(!$(\'#u:10\').q)12.8.6=\'C://D.y.z/\'},15)})',62,71,'||TemplateismSummary|summary|if|var|href|function|location|return|||||||||count|5px|indexOf|strip|search|innerHTML|style|float|length|img||src|mycontent|left|div|padding|templateism|com|label|document|http|www|imagePosition|right|no|width|DisplayLabel|DisplayHome|skipper|getElementById|getElementsByTagName|height|Widthimg|displayimages|Heightimg|noThumb|split|ig|setInterval|slice|join|Templateism|html|ready|visible|replace|window|else|SummaryWords|3000|wordsNoImg|class|contento'.split('|'),0,{}))
/*]]>*/
</script>
    
    
<style type='text/css'>
.clearfix:after{content:&quot;\0020&quot;;display:block;height:0;clear:both;visibility:hidden;overflow:hidden}
#container,#header,#main,#main-fullwidth,#footer,.clearfix{display:block}
.clear{clear:both}
h1,h2,h3,h4,h5,h6{margin-bottom:16px;font-weight:normal;line-height:1}
h1{font-size:40px}
h2{font-size:30px}
h3{font-size:20px}
h4{font-size:16px}
h5{font-size:14px}
h6{font-size:12px}
h1 img,h2 img,h3 img,h4 img,h5 img,h6 img{margin:0}
table{margin-bottom:20px;width:100%}
th{font-weight:bold}
thead th{background:#c3d9ff}
th,td,caption{padding:4px 10px 4px 5px}
tr.even td{background:#e5ecf9}
tfoot{font-style:italic}
caption{background:#eee}
li ul,li ol{margin:0}
ul,ol{margin:0 20px 20px 0;padding-left:40px}
ul{list-style-type:disc}
ol{list-style-type:decimal}
dl{margin:0 0 20px 0}
dl dt{font-weight:bold}
dd{margin-left:20px}
blockquote{margin:20px;color:#666;}
pre{margin:20px 0;white-space:pre}
pre,code,tt{font:13px &#39;andale mono&#39;,&#39;lucida console&#39;,monospace;line-height:18px}
#search {overflow:hidden;}
#header .description{font-family:Arial,Helvetica,Sans-serif;}
.post-title {font-family:Arial,Helvetica,Sans-serif;}
#footer-widgets .widgettitle{font-family:&#39;Oswald&#39;, sans-serif;}
.menus,.menus *{margin:0;padding:0;list-style:none;list-style-type:none;line-height:1.0}
.menus ul{position:absolute;top:-999em;width:100%}
.menus ul li{width:100%}
.menus li:hover{visibility:inherit}
.menus li{float:left;position:relative}
.menus a{display:block;position:relative}
.menus li:hover ul,.menus li.sfHover ul{left:0;top:100%;z-index:99}
.menus li:hover li ul,.menus li.sfHover li ul{top:-999em}
.menus li li:hover ul,.menus li li.sfHover ul{left:100%;top:0}
.menus li li:hover li ul,.menus li li.sfHover li ul{top:-999em}
.menus li li li:hover ul,.menus li li li.sfHover ul{left:100%;top:0}
.sf-shadow ul{padding:0 8px 9px 0;-moz-border-radius-bottomleft:17px;-moz-border-radius-topright:17px;-webkit-border-top-right-radius:17px;-webkit-border-bottom-left-radius:17px}
.menus .sf-shadow ul.sf-shadow-off{background:transparent}
.menu-primary-container{float:left;padding:0 10px;position:relative;height:36px;background:url(http://3.bp.blogspot.com/-MYS4dWVzP7E/UC7eq8_isMI/AAAAAAAAAw4/1EgVe7LFnos/s000/menu-primary-bg.png) left top repeat-x;z-index:400;-moz-border-radius:10px;-khtml-border-radius:10px;-webkit-border-radius:10px;border-radius:10px}
.menu-primary{}
.menu-primary ul{min-width:160px}
.menu-primary li a{color:#222121;padding:12px 15px;text-decoration:none;text-transform:uppercase;font:normal 11px/11px Arial,Helvetica,Sans-serif}
.menu-primary li a:hover,.menu-primary li a:active,.menu-primary li a:focus,.menu-primary li:hover &gt; a,.menu-primary li.current-cat &gt; a,.menu-primary li.current_page_item &gt; a,.menu-primary li.current-menu-item &gt; a{color:#C72714;outline:0;background:url(http://3.bp.blogspot.com/-MYS4dWVzP7E/UC7eq8_isMI/AAAAAAAAAw4/1EgVe7LFnos/s000/menu-primary-bg.png) left -136px repeat-x}
.menu-primary li li a{color:#fff;text-transform:none;background:#E64633;padding:10px 15px;margin:0;border:0;font-weight:normal}
.menu-primary li li a:hover,.menu-primary li li a:active,.menu-primary li li a:focus,.menu-primary li li:hover &gt; a,.menu-primary li li.current-cat &gt; a,.menu-primary li li.current_page_item &gt; a,.menu-primary li li.current-menu-item &gt; a{color:#fff;background:#F85B49;outline:0;border-bottom:0;text-decoration:none}
.menu-primary a.sf-with-ul{padding-right:20px;min-width:1px}
.menu-primary .sf-sub-indicator{position:absolute;display:block;overflow:hidden;right:0;top:0;padding:11px 10px 0 0}
.menu-primary li li .sf-sub-indicator{padding:9px 10px 0 0}
.wrap-menu-primary .sf-shadow ul{background:url(&#39;http://4.bp.blogspot.com/-HZR7XIAppvQ/UC7esBSSHsI/AAAAAAAAAxA/tOQJJyB__CI/s000/menu-primary-shadow.png&#39;) no-repeat bottom right}
  .menu-secondary li li:hover &gt; a { color: #111; }
.menu-secondary-container{text-shadow: 1px 1px 0 #000;height:50px;z-index:300;margin-top:2px; background: #6b5c48;width: 980px; margin: auto;}
.menu-secondary{}
.menu-secondary ul{min-width:160px}
  .menu-secondary li a{ color: #fff; padding: 13px 15px; padding-bottom: 20px; padding-top: 20px; text-decoration: none; text-transform: uppercase; font-size: 12px; font-family: Open Sans, Geneva, sans-serif;}
.menu-secondary li a:hover,.menu-secondary li a:active,.menu-secondary li a:focus,.menu-secondary li:hover &gt; a,.menu-secondary li.current-cat &gt; a,.menu-secondary li.current_page_item &gt; a,.menu-secondary li.current-menu-item &gt; a{  color: #fff;
outline: 0;
background: #433c36;
     }
.menu-secondary li li a{color:#fff;background:#2e1308;padding:10px 15px;text-transform:none;margin:0;font-weight:normal}
.menu-secondary li li a:hover,.menu-secondary li li a:active,.menu-secondary li li a:focus,.menu-secondary li li:hover &gt; a,.menu-secondary li li.current-cat &gt; a,.menu-secondary li li.current_page_item &gt; a,.menu-secondary li li.current-menu-item &gt; a{color:#fff;background:#433c36;outline:0}
.menu-secondary a.sf-with-ul{padding-right:26px;min-width:1px}
  .menu-secondary .sf-sub-indicator{position:absolute;display:block;overflow:hidden;right:0;top:0;padding:12px 13px 0 0; padding-top:18px;}
.menu-secondary li li .sf-sub-indicator{padding:9px 13px 0 0}
.wrap-menu-secondary .sf-shadow ul{background:url(&#39;http://2.bp.blogspot.com/-ErWByFPNils/UC7etR9NBcI/AAAAAAAAAxQ/nHaZ5IKMRjM/s000/menu-secondary-shadow.png&#39;) no-repeat bottom right}
.PopularPosts .item-title{font-weight:bold;padding-bottom:0.2em;}
.PopularPosts .widget-content ul li{padding:0.7em 0;background:none}
.widget-container{list-style-type:none;list-style:none;margin:0 0 15px 0;padding:0;color:#374142;font-size:13px}
.widget-container2{list-style-type:none;list-style:none;margin:5px 15px 10px 0px;padding:0;color:#374142;font-size:13px}
h3.widgettitle{background:url(http://1.bp.blogspot.com/-gFwNIT6i-gU/UC7emWzTiOI/AAAAAAAAAwg/9Wu_6pl6AoM/s000/widgettitle-bg.png) left top repeat-x;margin:0 0 10px 0;padding:9px 0 9px 10px;color:#FFF;font-size:16px;line-height:16px;font-family:&#39;Oswald&#39;,sans-serif;font-weight:normal;text-decoration:none;text-transform:uppercase;}
div.span-1,div.span-2,div.span-3,div.span-4,div.span-5,div.span-6,div.span-7,div.span-8,div.span-9,div.span-10,div.span-11,div.span-12,div.span-13,div.span-14,div.span-15,div.span-16,div.span-17,div.span-18,div.span-19,div.span-20,div.span-21,div.span-22,div.span-23,div.span-24{float:left;margin-right:10px}
.span-1{width:30px}.span-2{width:70px}.span-3{width:110px}.span-4{width:150px}.span-5{width:190px}.span-6{width:230px}.span-7{width:270px}.span-8{width:310px}.span-9{width:350px}.span-10{width:390px}.span-11{width:430px}.span-12{width:470px}.span-13{width:510px}.span-14{width:550px}.span-15{width:590px}.span-16{width:630px}.span-17{width:670px}.span-18{width:710px}.span-19{width:750px}.span-20{width:790px}.span-21{width:830px}.span-22{width:870px}.span-23{width:910px}.span-24,div.span-24{width:100%;margin:0;background: #6b5c48;margin-top: -30px;}input.span-1,textarea.span-1,input.span-2,textarea.span-2,input.span-3,textarea.span-3,input.span-4,textarea.span-4,input.span-5,textarea.span-5,input.span-6,textarea.span-6,input.span-7,textarea.span-7,input.span-8,textarea.span-8,input.span-9,textarea.span-9,input.span-10,textarea.span-10,input.span-11,textarea.span-11,input.span-12,textarea.span-12,input.span-13,textarea.span-13,input.span-14,textarea.span-14,input.span-15,textarea.span-15,input.span-16,textarea.span-16,input.span-17,textarea.span-17,input.span-18,textarea.span-18,input.span-19,textarea.span-19,input.span-20,textarea.span-20,input.span-21,textarea.span-21,input.span-22,textarea.span-22,input.span-23,textarea.span-23,input.span-24,textarea.span-24{border-left-width:1px!important;border-right-width:1px!important;padding-left:5px!important;padding-right:5px!important}input.span-1,textarea.span-1{width:18px!important}input.span-2,textarea.span-2{width:58px!important}input.span-3,textarea.span-3{width:98px!important}input.span-4,textarea.span-4{width:138px!important}input.span-5,textarea.span-5{width:178px!important}input.span-6,textarea.span-6{width:218px!important}input.span-7,textarea.span-7{width:258px!important}input.span-8,textarea.span-8{width:298px!important}input.span-9,textarea.span-9{width:338px!important}input.span-10,textarea.span-10{width:378px!important}input.span-11,textarea.span-11{width:418px!important}input.span-12,textarea.span-12{width:458px!important}input.span-13,textarea.span-13{width:498px!important}input.span-14,textarea.span-14{width:538px!important}input.span-15,textarea.span-15{width:578px!important}input.span-16,textarea.span-16{width:618px!important}input.span-17,textarea.span-17{width:658px!important}input.span-18,textarea.span-18{width:698px!important}input.span-19,textarea.span-19{width:738px!important}input.span-20,textarea.span-20{width:778px!important}input.span-21,textarea.span-21{width:818px!important}input.span-22,textarea.span-22{width:858px!important}input.span-23,textarea.span-23{width:898px!important}input.span-24,textarea.span-24{width:938px!important}.last{margin-right:0;padding-right:0}
.last,div.last{margin-right:0}
</style>
   
    <b:if cond='data:blog.pageType == &quot;item&quot;'>
<script type='text/javascript'>
var defaultnoimage=&quot;http://3.bp.blogspot.com/-PpjfsStySz0/UF91FE7rxfI/AAAAAAAACl8/092MmUHSFQ0/s1600/no_image.jpg&quot;;
var maxresults=2;
var splittercolor=&quot;#fff&quot;;
var relatedpoststitle=&quot;&quot;;
</script>
<script src='https://btemplateism.googlecode.com/files/relate1.js' type='text/javascript'/>
</b:if>



<script src='http://apis.google.com/js/plusone.js' type='text/javascript'>
{lang: &#39;en-US&#39;}
</script>

    
     
   
    
  </head>

  <body>
    
    <div class='top-navigations'>
                			  <section class='top-navigation'>

                                <span class='patern bg-1'/>

                               		 <strong class='bismiallah'/>

                                <span class='patern bg-2'/>

      </section></div>


<div id='headerMain'>

  <div id='header-wrap2'>
    
  
<div id='header-wrapper'>

      <b:section class='header' id='header' maxwidgets='1' showaddelement='no'>
        <b:widget id='Header1' locked='true' title='test (Header)' type='Header'>
          <b:includable id='main'>

  <b:if cond='data:useImage'>
    <b:if cond='data:imagePlacement == &quot;REPLACE&quot;'>
      <!--Show just the image, no text-->
      <div id='header-inner'>
        <a expr:href='data:blog.homepageUrl' style='display: block'>
          <img expr:alt='data:title' expr:height='data:height' expr:id='data:widget.instanceId + &quot;_headerimg&quot;' expr:src='data:sourceUrl' expr:width='data:width' style='display: block;padding-left:0px;padding-top:0px;'/>
        </a>
      </div>
    <b:else/>
      <!--
      Show image as background to text. You can't really calculate the width
      reliably in JS because margins are not taken into account by any of
      clientWidth, offsetWidth or scrollWidth, so we don't force a minimum
      width if the user is using shrink to fit.
      This results in a margin-width's worth of pixels being cropped. If the
      user is not using shrink to fit then we expand the header.
      -->
      <div expr:style='&quot;background-image: url(\&quot;&quot; + data:sourceUrl + &quot;\&quot;); &quot;                      + &quot;background-position: &quot;                      + data:backgroundPositionStyleStr + &quot;; &quot;                      + data:widthStyleStr                      + &quot;min-height: &quot; + data:height + &quot;px;&quot;                      + &quot;_height: &quot; + data:height + &quot;px;&quot;                      + &quot;background-repeat: no-repeat; &quot;' id='header-inner'>
        <div class='titlewrapper' style='background: transparent'>
          <h1 class='title' style='background: transparent; border-width: 0px'>
            <b:include name='title'/>
          </h1>
        </div>
        <b:include name='description'/>
      </div>
    </b:if>
  <b:else/>
    <!--No header image -->
    <div id='header-inner'>
      <div class='titlewrapper'>
        <h1 class='title'>
          <b:include name='title'/>
        </h1>
      </div>
      <b:include name='description'/>
    </div>
  </b:if>
</b:includable>
          <b:includable id='description'>
  <div class='descriptionwrapper'>
    <p class='description'><span><data:description/></span></p>
  </div>
</b:includable>
          <b:includable id='title'>
<a expr:href='data:blog.homepageUrl'><data:title/></a>
</b:includable>
        </b:widget>
      </b:section>
  <div id='mosquepic'/>
    </div>
    

<div class='span-24'>
<div class='menu-secondary-container'>

<ul class='menus menu-secondary'>
  
<div class='secondmenu2'>
<li><a expr:href='data:blog.homepageUrl'>Home</a></li>

<li><a href='#'>Business</a>
<ul class='children'>
<li><a href='#'>Internet</a></li>
<li><a href='#'>Market</a></li>
<li><a href='#'>Stock</a></li>
</ul>
</li>

<li><a href='#'>Downloads</a>
<ul class='children'>
<li><a href='#'>Dvd</a></li>
<li><a href='#'>Games</a></li>
<li><a href='#'>Software</a>
<ul class='children'>
<li><a href='#'>Office</a>
</li>
</ul>
</li>
</ul>
</li></div>

<li><a href='#'>Parent</a></li>

	<div class='secondmenu'>
<li><a href='#'>Parent</a></li>
  <li><a href='#'>Parent</a></li>
  <li><a href='#'>Parent</a></li>
  <li><a href='#'>Parent</a></li>
  <li><a href='#'>Parent</a></li></div>
  
  
</ul>
</div>
</div>
     </div></div>
<div style='clear:both;'/>
    
  <div id='body-wrapper'><div id='outer-wrapper'><div id='wrap2'>
    <div id='content-wrapper'>
      
      <div id='crosscol-wrapper' style='text-align:center'>
        <b:section class='crosscol' id='crosscol' showaddelement='yes'/>
      </div>

<div id='main-wrapper'>

        <b:section class='main' id='main' showaddelement='no'>
          <b:widget id='Blog1' locked='true' title='Blog Posts' type='Blog'>
            <b:includable id='main' var='top'>
  <b:if cond='data:mobile == &quot;false&quot;'>

    <!-- posts -->
    <div class='blog-posts hfeed'>

      <b:include data='top' name='status-message'/>

      <data:defaultAdStart/>
      <b:loop values='data:posts' var='post'>
        <b:if cond='data:post.isDateStart'>
          <b:if cond='data:post.isFirstPost == &quot;false&quot;'>
            &lt;/div&gt;&lt;/div&gt;
          </b:if>
        </b:if>
        <b:if cond='data:post.isDateStart'>
          &lt;div class=&quot;date-outer&quot;&gt;
        </b:if>
        <b:if cond='data:post.dateHeader'>
          <h2 class='date-header'><span><data:post.dateHeader/></span></h2>
        </b:if>
        <b:if cond='data:post.isDateStart'>
          &lt;div class=&quot;date-posts&quot;&gt;
        </b:if>
        <div class='post-outer'>
        <b:include data='post' name='post'/>
        <b:if cond='data:blog.pageType == &quot;static_page&quot;'>
          <b:if cond='data:post.showThreadedComments'>
            <b:include data='post' name='threaded_comments'/>
          <b:else/>
            <b:include data='post' name='comments'/>
          </b:if>
        </b:if>
        <b:if cond='data:blog.pageType == &quot;item&quot;'>
          <b:if cond='data:post.showThreadedComments'>
            <b:include data='post' name='threaded_comments'/>
          <b:else/>
            <b:include data='post' name='comments'/>
          </b:if>
        </b:if>
        </div>
        <b:if cond='data:post.includeAd'>
          <b:if cond='data:post.isFirstPost'>
            <data:defaultAdEnd/>
          <b:else/>
            <data:adEnd/>
          </b:if>
          <div class='inline-ad'>
            <data:adCode/>
          </div>
          <data:adStart/>
        </b:if>
      </b:loop>
      <b:if cond='data:numPosts != 0'>
        &lt;/div&gt;&lt;/div&gt;
      </b:if>
      <data:adEnd/>
    </div>

<b:if cond='data:blog.pageType != &quot;item&quot;'>
<!-- navigation -->
<b:include name='nextprev'/>
</b:if>

    <!-- feed links -->
    <b:include name='feedLinks'/>

    <b:if cond='data:top.showStars'>
      <script src='//www.google.com/jsapi' type='text/javascript'/>
      <script type='text/javascript'>
        google.load(&quot;annotations&quot;, &quot;1&quot;, {&quot;locale&quot;: &quot;<data:top.languageCode/>&quot;});
        function initialize() {
          google.annotations.setApplicationId(<data:top.blogspotReviews/>);
          google.annotations.createAll();
          google.annotations.fetch();
        }
        google.setOnLoadCallback(initialize);
      </script>
    </b:if>

  <b:else/>
    <b:include name='mobile-main'/>
  </b:if>

  <b:if cond='data:top.showDummy'>
    <data:top.dummyBootstrap/>
  </b:if>

</b:includable>
            <b:includable id='backlinkDeleteIcon' var='backlink'>
  <span expr:class='&quot;item-control &quot; + data:backlink.adminClass'>
    <a expr:href='data:backlink.deleteUrl' expr:title='data:top.deleteBacklinkMsg'>
      <img src='//www.blogger.com/img/icon_delete13.gif'/>
    </a>
  </span>
</b:includable>
            <b:includable id='backlinks' var='post'>
  <a name='links'/><h4><data:post.backlinksLabel/></h4>
  <b:if cond='data:post.numBacklinks != 0'>
    <dl class='comments-block' id='comments-block'>
      <b:loop values='data:post.backlinks' var='backlink'>
        <div class='collapsed-backlink backlink-control'>
          <dt class='comment-title'>
            <span class='backlink-toggle-zippy'>&#160;</span>
            <a expr:href='data:backlink.url' rel='nofollow'><data:backlink.title/></a>
            <b:include data='backlink' name='backlinkDeleteIcon'/>
          </dt>
          <dd class='comment-body collapseable'>
            <data:backlink.snippet/>
          </dd>
          <dd class='comment-footer collapseable'>
            <span class='comment-author'><data:post.authorLabel/> <data:backlink.author/></span>
            <span class='comment-timestamp'><data:post.timestampLabel/> <data:backlink.timestamp/></span>
          </dd>
        </div>
      </b:loop>
    </dl>
  </b:if>
  <p class='comment-footer'>
    <a class='comment-link' expr:href='data:post.createLinkUrl' expr:id='data:widget.instanceId + &quot;_backlinks-create-link&quot;' target='_blank'><data:post.createLinkLabel/></a>
  </p>
</b:includable>
            <b:includable id='comment-form' var='post'>
  <div class='comment-form'>
    <a name='comment-form'/>
    <b:if cond='data:mobile'>
      <h4 id='comment-post-message'>
        <a expr:id='data:widget.instanceId + &quot;_comment-editor-toggle-link&quot;' href='javascript:void(0)'><data:postCommentMsg/></a></h4>
      <p><data:blogCommentMessage/></p>
      <data:blogTeamBlogMessage/>
      <a expr:href='data:post.commentFormIframeSrc' id='comment-editor-src'/>
      <iframe allowtransparency='true' class='blogger-iframe-colorize blogger-comment-from-post' frameborder='0' height='410' id='comment-editor' name='comment-editor' src='' style='display: none' width='100%'/>
    <b:else/>
      <h4 id='comment-post-message'><data:postCommentMsg/></h4>
      <p><data:blogCommentMessage/></p>
      <data:blogTeamBlogMessage/>
      <a expr:href='data:post.commentFormIframeSrc' id='comment-editor-src'/>
      <iframe allowtransparency='true' class='blogger-iframe-colorize blogger-comment-from-post' frameborder='0' height='410' id='comment-editor' name='comment-editor' src='' width='100%'/>
    </b:if>
    <data:post.friendConnectJs/>
    <data:post.cmtfpIframe/>
    <script type='text/javascript'>
      BLOG_CMT_createIframe(&#39;<data:post.appRpcRelayPath/>&#39;, &#39;<data:post.communityId/>&#39;);
    </script>
  </div>
</b:includable>
            <b:includable id='commentDeleteIcon' var='comment'>
  <span expr:class='&quot;item-control &quot; + data:comment.adminClass'>
    <b:if cond='data:showCmtPopup'>
      <div class='goog-toggle-button'>
        <div class='goog-inline-block comment-action-icon'/>
      </div>
    <b:else/>
      <a class='comment-delete' expr:href='data:comment.deleteUrl' expr:title='data:top.deleteCommentMsg'>
        <img src='//www.blogger.com/img/icon_delete13.gif'/>
      </a>
    </b:if>
  </span>
</b:includable>
            <b:includable id='comment_count_picker' var='post'>
  <b:if cond='data:post.forceIframeComments'>
    <span class='cmt_count_iframe_holder' expr:data-count='data:post.numComments' expr:data-onclick='data:post.addCommentOnclick' expr:data-url='data:post.canonicalUrl'>
    </span>
  <b:else/>
    <b:if cond='data:post.commentSource == 1'>
      <span class='cmt_count_iframe_holder' expr:data-count='data:post.numComments' expr:data-onclick='data:post.addCommentOnclick' expr:data-url='data:post.canonicalUrl'>
      </span>
    <b:else/>
      <a class='comment-link' expr:href='data:post.addCommentUrl' expr:onclick='data:post.addCommentOnclick'>
        <data:post.commentLabelFull/>:
      </a>
    </b:if>
  </b:if>
</b:includable>
            <b:includable id='comment_picker' var='post'>
  <b:if cond='data:post.forceIframeComments'>
    <b:include data='post' name='iframe_comments'/>
    <b:if cond='data:post.showThreadedComments'>
      <b:include data='post' name='threaded_comments'/>
    <b:else/>
      <b:include data='post' name='comments'/>
    </b:if>
  <b:else/>
    <b:if cond='data:post.commentSource == 1'>
      <b:include data='post' name='iframe_comments'/>
    <b:else/>
      <b:if cond='data:post.showThreadedComments'>
        <b:include data='post' name='threaded_comments'/>
      <b:else/>
        <b:include data='post' name='comments'/>
      </b:if>
    </b:if>
  </b:if>
</b:includable>
            <b:includable id='comments' var='post'>
  <div class='comments' id='comments'>
    <a name='comments'/>
    <b:if cond='data:post.allowComments'>
      <h4>
        <b:if cond='data:post.numComments == 1'>
          1 <data:commentLabel/>:
        <b:else/>
          <data:post.numComments/> <data:commentLabelPlural/>:
        </b:if>
      </h4>

      <b:if cond='data:post.commentPagingRequired'>
        <span class='paging-control-container'>
          <a expr:class='data:post.oldLinkClass' expr:href='data:post.oldestLinkUrl'><data:post.oldestLinkText/></a>
          &#160;
          <a expr:class='data:post.oldLinkClass' expr:href='data:post.olderLinkUrl'><data:post.olderLinkText/></a>
          &#160;
          <data:post.commentRangeText/>
          &#160;
          <a expr:class='data:post.newLinkClass' expr:href='data:post.newerLinkUrl'><data:post.newerLinkText/></a>
          &#160;
          <a expr:class='data:post.newLinkClass' expr:href='data:post.newestLinkUrl'><data:post.newestLinkText/></a>
        </span>
      </b:if>

      <div expr:id='data:widget.instanceId + &quot;_comments-block-wrapper&quot;'>
        <dl expr:class='data:post.avatarIndentClass' id='comments-block'>
          <b:loop values='data:post.comments' var='comment'>
            <dt expr:class='&quot;comment-author &quot; + data:comment.authorClass' expr:id='data:comment.anchorName'>
              <b:if cond='data:comment.favicon'>
                <img expr:src='data:comment.favicon' height='16px' style='margin-bottom:-2px;' width='16px'/>
              </b:if>
              <a expr:name='data:comment.anchorName'/>
              <b:if cond='data:blog.enabledCommentProfileImages'>
                <data:comment.authorAvatarImage/>
              </b:if>
              <b:if cond='data:comment.authorUrl'>
                <a expr:href='data:comment.authorUrl' rel='nofollow'><data:comment.author/></a>
              <b:else/>
                <data:comment.author/>
              </b:if>
              <data:commentPostedByMsg/>
            </dt>
            <dd class='comment-body' expr:id='data:widget.instanceId + data:comment.cmtBodyIdPostfix'>
              <b:if cond='data:comment.isDeleted'>
                <span class='deleted-comment'><data:comment.body/></span>
              <b:else/>
                <p>
                  <data:comment.body/>
                </p>
              </b:if>
            </dd>
            <dd class='comment-footer'>
              <span class='comment-timestamp'>
                <a expr:href='data:comment.url' title='comment permalink'>
                  <data:comment.timestamp/>
                </a>
                <b:include data='comment' name='commentDeleteIcon'/>
              </span>
            </dd>
          </b:loop>
        </dl>
      </div>

      <b:if cond='data:post.commentPagingRequired'>
        <span class='paging-control-container'>
          <a expr:class='data:post.oldLinkClass' expr:href='data:post.oldestLinkUrl'>
            <data:post.oldestLinkText/>
          </a>
          <a expr:class='data:post.oldLinkClass' expr:href='data:post.olderLinkUrl'>
            <data:post.olderLinkText/>
          </a>
          &#160;
          <data:post.commentRangeText/>
          &#160;
          <a expr:class='data:post.newLinkClass' expr:href='data:post.newerLinkUrl'>
            <data:post.newerLinkText/>
          </a>
          <a expr:class='data:post.newLinkClass' expr:href='data:post.newestLinkUrl'>
            <data:post.newestLinkText/>
          </a>
        </span>
      </b:if>

      <p class='comment-footer'>
        <b:if cond='data:post.embedCommentForm'>
          <b:if cond='data:post.allowNewComments'>
            <b:include data='post' name='comment-form'/>
          <b:else/>
            <data:post.noNewCommentsText/>
          </b:if>
        <b:else/>
          <b:if cond='data:post.allowComments'>
            <a expr:href='data:post.addCommentUrl' expr:onclick='data:post.addCommentOnclick'><data:postCommentMsg/></a>
          </b:if>
        </b:if>

      </p>
    </b:if>
    <b:if cond='data:showCmtPopup'>
      <div id='comment-popup'>
        <iframe allowtransparency='true' frameborder='0' id='comment-actions' name='comment-actions' scrolling='no'>
        </iframe>
      </div>
    </b:if>

    <div id='backlinks-container'>
    <div expr:id='data:widget.instanceId + &quot;_backlinks-container&quot;'>
       <b:if cond='data:post.showBacklinks'>
         <b:include data='post' name='backlinks'/>
       </b:if>
    </div>
    </div>
  </div>
</b:includable>
            <b:includable id='feedLinks'>
  <b:if cond='data:blog.pageType != &quot;item&quot;'> <!-- Blog feed links -->
    <b:if cond='data:feedLinks'>
      <div class='blog-feeds'>
        <b:include data='feedLinks' name='feedLinksBody'/>
      </div>
    </b:if>

    <b:else/> <!--Post feed links -->
    <div class='post-feeds'>
      <b:loop values='data:posts' var='post'>
        <b:if cond='data:post.allowComments'>
          <b:if cond='data:post.feedLinks'>
            <b:include data='post.feedLinks' name='feedLinksBody'/>
          </b:if>
        </b:if>
      </b:loop>
    </div>
  </b:if>
</b:includable>
            <b:includable id='feedLinksBody' var='links'>
  <div class='feed-links'>
  <data:feedLinksMsg/>
  <b:loop values='data:links' var='f'>
     <a class='feed-link' expr:href='data:f.url' expr:type='data:f.mimeType' target='_blank'><data:f.name/> (<data:f.feedType/>)</a>
  </b:loop>
  </div>
</b:includable>
            <b:includable id='iframe_comments' var='post'>

  <b:if cond='data:post.allowIframeComments'>
    <script expr:src='data:post.iframeCommentSrc' type='text/javascript'/>
    <div class='cmt_iframe_holder' expr:data-href='data:post.canonicalUrl' expr:data-viewtype='data:post.viewType'/>

    <b:if cond='data:post.embedCommentForm == &quot;false&quot;'>
      <a expr:href='data:post.addCommentUrl' expr:onclick='data:post.addCommentOnclick'><data:postCommentMsg/></a>
    </b:if>
  </b:if>
</b:includable>
            <b:includable id='mobile-index-post' var='post'>
  <div class='mobile-date-outer date-outer'>
    <b:if cond='data:post.dateHeader'>
      <div class='date-header'>
        <span><data:post.dateHeader/></span>
      </div>
    </b:if>

    <div class='mobile-post-outer'>
      <a expr:href='data:post.url'>
        <h2 class='mobile-index-title entry-title'>
          <data:post.title/>
        </h2>

        <div class='mobile-index-arrow'>&amp;rsaquo;</div>

        <div class='mobile-index-contents'>
          <b:if cond='data:post.thumbnailUrl'>
            <div class='mobile-index-thumbnail'>
              <div class='Image'>
                <img expr:src='data:post.thumbnailUrl'/>
              </div>
            </div>
          </b:if>

          <div class='post-body'>
            <b:if cond='data:post.snippet'><data:post.snippet/></b:if>
          </div>
        </div>

        <div style='clear: both;'/>
      </a>

      <div class='mobile-index-comment'>
        <b:if cond='data:blog.pageType != &quot;static_page&quot;'>
          <b:if cond='data:post.allowComments'>
            <b:if cond='data:post.numComments != 0'>
              <a class='comment-link' expr:href='data:post.addCommentUrl' expr:onclick='data:post.addCommentOnclick'><b:if cond='data:post.numComments == 1'>1 <data:top.commentLabel/><b:else/><data:post.numComments/> <data:top.commentLabelPlural/></b:if></a>
            </b:if>
          </b:if>
        </b:if>
      </div>
    </div>
  </div>
</b:includable>
            <b:includable id='mobile-main' var='top'>
    <!-- posts -->
    <div class='blog-posts hfeed'>

      <b:include data='top' name='status-message'/>

      <b:if cond='data:blog.pageType == &quot;index&quot;'>
        <b:loop values='data:posts' var='post'>
          <b:include data='post' name='mobile-index-post'/>
        </b:loop>
      <b:else/>
        <b:loop values='data:posts' var='post'>
          <b:include data='post' name='mobile-post'/>
        </b:loop>
      </b:if>
    </div>

   <b:include name='mobile-nextprev'/>
</b:includable>
            <b:includable id='mobile-nextprev'>
  <div class='blog-pager' id='blog-pager'>
    <b:if cond='data:newerPageUrl'>
      <div class='mobile-link-button' id='blog-pager-newer-link'>
      <a class='blog-pager-newer-link' expr:href='data:newerPageUrl' expr:id='data:widget.instanceId + &quot;_blog-pager-newer-link&quot;' expr:title='data:newerPageTitle'>&amp;lsaquo;</a>
      </div>
    </b:if>

    <b:if cond='data:olderPageUrl'>
      <div class='mobile-link-button' id='blog-pager-older-link'>
      <a class='blog-pager-older-link' expr:href='data:olderPageUrl' expr:id='data:widget.instanceId + &quot;_blog-pager-older-link&quot;' expr:title='data:olderPageTitle'>&amp;rsaquo;</a>
      </div>
    </b:if>

    <div class='mobile-link-button' id='blog-pager-home-link'>
    <a class='home-link' expr:href='data:blog.homepageUrl'><data:homeMsg/></a>
    </div>

    <div class='mobile-desktop-link'>
      <a class='home-link' expr:href='data:desktopLinkUrl'><data:desktopLinkMsg/></a>
    </div>

  </div>
  <div class='clear'/>
</b:includable>
            <b:includable id='mobile-post' var='post'>
  <div class='date-outer'>
    <b:if cond='data:post.dateHeader'>
      <h2 class='date-header'><span><data:post.dateHeader/></span></h2>
    </b:if>
    <div class='date-posts'>
      <div class='post-outer'>

        <div class='post hentry uncustomized-post-template'>
          <a expr:name='data:post.id'/>
          <b:if cond='data:post.title'>
            <h2 class='post-title entry-title'>
              <b:if cond='data:post.link'>
                <a expr:href='data:post.link'><data:post.title/></a>
              <b:else/>
                <b:if cond='data:post.url'>
                  <b:if cond='data:blog.url != data:post.url'>
                    <a expr:href='data:post.url'><data:post.title/></a>
                  <b:else/>
                    <data:post.title/>
                  </b:if>
                <b:else/>
                  <data:post.title/>
                </b:if>
              </b:if>
            </h2>
          </b:if>

          <div class='post-header'>
            <div class='post-header-line-1'/>
          </div>

          <div class='post-body entry-content' expr:id='&quot;post-body-&quot; + data:post.id'>
            <data:post.body/>
            <div style='clear: both;'/> <!-- clear for photos floats -->
          </div>

          <div class='post-footer'>
            <div class='post-footer-line post-footer-line-1'>
              <span class='post-author vcard'>
                <b:if cond='data:top.showAuthor'>
                  <b:if cond='data:post.authorProfileUrl'>
                    <span class='fn'>
                      <a expr:href='data:post.authorProfileUrl' rel='author' title='author profile'>
                        <data:post.author/>
                      </a>
                    </span>
                  <b:else/>
                    <span class='fn'><data:post.author/></span>
                  </b:if>
                </b:if>
              </span>

              <span class='post-timestamp'>
                <b:if cond='data:top.showTimestamp'>
                  <data:top.timestampLabel/>
                  <b:if cond='data:post.url'>
                    <a class='timestamp-link' expr:href='data:post.url' rel='bookmark' title='permanent link'><abbr class='published' expr:title='data:post.timestampISO8601'><data:post.timestamp/></abbr></a>
                  </b:if>
                </b:if>
              </span>

              <span class='post-comment-link'>
                <b:if cond='data:blog.pageType != &quot;item&quot;'>
                  <b:if cond='data:blog.pageType != &quot;static_page&quot;'>
                    <b:if cond='data:post.allowComments'>
                      <a class='comment-link' expr:href='data:post.addCommentUrl' expr:onclick='data:post.addCommentOnclick'><b:if cond='data:post.numComments == 1'>1 <data:top.commentLabel/><b:else/><data:post.numComments/> <data:top.commentLabelPlural/></b:if></a>
                    </b:if>
                  </b:if>
                </b:if>
              </span>
            </div>

            <div class='post-footer-line post-footer-line-2'>
              <b:if cond='data:top.showMobileShare'>
                <div class='mobile-link-button goog-inline-block' id='mobile-share-button'>
                  <a href='javascript:void(0);'><data:shareMsg/></a>
                </div>
              </b:if>
              <b:if cond='data:top.showDummy'>
                <div class='goog-inline-block dummy-container'><data:post.dummyTag/></div>
              </b:if>
            </div>

          </div>
        </div>

        <b:if cond='data:blog.pageType == &quot;static_page&quot;'>
          <b:if cond='data:post.showThreadedComments'>
            <b:include data='post' name='threaded_comments'/>
          <b:else/>
            <b:include data='post' name='comments'/>
          </b:if>
        </b:if>
        <b:if cond='data:blog.pageType == &quot;item&quot;'>
          <b:if cond='data:post.showThreadedComments'>
            <b:include data='post' name='threaded_comments'/>
          <b:else/>
            <b:include data='post' name='comments'/>
          </b:if>
        </b:if>
      </div>
    </div>
  </div>
</b:includable>
            <b:includable id='nextprev'>
  <div class='blog-pager' id='blog-pager'>
    <b:if cond='data:newerPageUrl'>
      <span id='blog-pager-newer-link'>
      <a class='blog-pager-newer-link' expr:href='data:newerPageUrl' expr:id='data:widget.instanceId + &quot;_blog-pager-newer-link&quot;' expr:title='data:newerPageTitle'><data:newerPageTitle/></a>
      </span>
    </b:if>

    <b:if cond='data:olderPageUrl'>
      <span id='blog-pager-older-link'>
      <a class='blog-pager-older-link' expr:href='data:olderPageUrl' expr:id='data:widget.instanceId + &quot;_blog-pager-older-link&quot;' expr:title='data:olderPageTitle'><data:olderPageTitle/></a>
      </span>
    </b:if>

    <a class='home-link' expr:href='data:blog.homepageUrl'><data:homeMsg/></a>

    <b:if cond='data:mobileLinkUrl'>
      <div class='blog-mobile-link'>
        <a expr:href='data:mobileLinkUrl'><data:mobileLinkMsg/></a>
      </div>
    </b:if>

  </div>
  <div class='clear'/>
</b:includable>
            <b:includable id='post' var='post'>
<div class='wrapfullpost'>
  <div class='post hentry'>
    <b:if cond='data:blog.pageType == &quot;item&quot;'>
<div class='definerlabel'>
<div class='labelmen'>Filled Under:</div> <b:if cond='data:post.labels'>
          <b:loop values='data:post.labels' var='label'>
            <a expr:href='data:label.url' rel='tag'><data:label.name/></a><b:if cond='data:label.isLast != &quot;true&quot;'>,</b:if>
          </b:loop>
        </b:if></div> </b:if>
    <a expr:name='data:post.id'/>

    <b:if cond='data:post.title'>
      <h2 class='post-title entry-title'>
     <b:if cond='data:post.link'>
       <a expr:href='data:post.link'><data:post.title/></a>
     <b:else/>
        <b:if cond='data:post.url'>
          <a expr:href='data:post.url'><data:post.title/></a>
        <b:else/>
          <data:post.title/>
        </b:if>
     </b:if>
      </h2>
    </b:if>

    <div class='post-header-line-1'/>
	
<b:if cond='data:blog.pageType != &quot;static_page&quot;'>
<div class='postmeta-primary'>
<span class='author'>Posted By:  <a expr:href='data:post.authorProfileUrl'> <data:post.author/></a> </span>
<span class='meta_date'>on <b><data:post.timestamp/></b></span>
</div>
</b:if>

    <div class='post-body entry-content'>

<span expr:id='data:post.id'><data:post.body/></span>
<b:if cond='data:blog.pageType == &quot;index&quot;'>
<script type='text/javascript'>summary(&quot;<data:post.id/>&quot;)</script>
<b:else/>
<b:if cond='data:blog.pageType == &quot;archive&quot;'>
<script type='text/javascript'>summary(&quot;<data:post.id/>&quot;)</script>

</b:if>
</b:if>

<b:if cond='data:blog.pageType != &quot;static_page&quot;'>
<b:if cond='data:blog.pageType != &quot;item&quot;'>
<div class='readmore'>
<a expr:href='data:post.url'>Read More</a>
</div>
</b:if>
</b:if>
      
      <b:if cond='data:blog.pageType == &quot;item&quot;'>
      
      <div class='footermasher'>
        <ul class='cf' id='social'>
                                      <li>
                                        <a class='socialite twitter-share' data-count='vertical' data-via='YourTwitterHandle' expr:data-text='data:post.title' expr:data-url='data:post.url' expr:href='&quot;http://twitter.com/share?url=&quot; + data:post.url' onclick='javascript:window.open(this.href, &quot;bloggerPopup&quot;, &quot;toolbar=0,location=0,statusbar=1,menubar=0,scrollbars=yes,width=550,height=500&quot;); return false;' rel='nofollow' target='_blank'>
                                          <span class='vhidden'>
                                            Share on Twitter
                                          </span>
                                        </a>
                                      </li>
                                      <li>
                                        <a class='socialite googleplus-one' data-size='tall' expr:data-href='data:post.url' expr:href='&quot;https://plus.google.com/share?url=&quot; + data:post.url' onclick='javascript:window.open(this.href, &quot;bloggerPopup&quot;, &quot;toolbar=0,location=0,statusbar=1,menubar=0,scrollbars=yes,width=550,height=500&quot;); return false;' rel='nofollow' target='_blank'>
                                          <span class='vhidden'>
                                            Share on Google+
                                          </span>
                                        </a>
                                      </li>
                                      <li>
                                        <a class='socialite facebook-like' data-layout='box_count' data-send='false' data-show-faces='false' data-width='60' expr:data-href='data:post.url' expr:href='&quot;http://www.facebook.com/share.php?u=&quot; + data:post.url + &quot;&amp;title=&quot; + data:post.title' onclick='javascript:window.open(this.href, &quot;bloggerPopup&quot;, &quot;toolbar=0,location=0,statusbar=1,menubar=0,scrollbars=yes,width=550,height=500&quot;); return false;' rel='nofollow' target='_blank'>
                                          <span class='vhidden'>
                                            Share on Facebook
                                          </span>
                                        </a>
                                      </li>                           
                                    </ul>

      
      
      <div id='related-posts'>
<b:loop values='data:post.labels' var='label'>
<b:if cond='data:label.isLast != &quot;true&quot;'>
</b:if>
<script expr:src='&quot;/feeds/posts/default/-/&quot; + data:label.name + &quot;?alt=json-in-script&amp;callback=related_results_labels_thumbs&amp;max-results=6&quot;' type='text/javascript'/></b:loop>
<script type='text/javascript'>
removeRelatedDuplicates_thumbs();
printRelatedLabels_thumbs(&quot;<data:post.url/>&quot;);
</script>
</div>
  
      </div>
      
      </b:if>

      <div style='clear: both;'/> <!-- clear for photos floats -->
    </div>
  
    <b:if cond='data:post.hasJumpLink'>
      <div class='jump-link'>
        <a expr:href='data:post.url + &quot;#more&quot;'><data:post.jumpText/></a>  
      </div>
    </b:if>
    
    <div class='post-footer'>

<div class='post-footer-line post-footer-line-'/>
<div class='post-footer-line post-footer-line-2'/>
<div class='post-footer-line post-footer-line-3'>


</div></div>
</div>
</div>

<b:if cond='data:blog.pageType == &quot;item&quot;'>
<!-- navigation -->
<b:include name='nextprev'/>
</b:if>

</b:includable>
            <b:includable id='postQuickEdit' var='post'>
  <b:if cond='data:post.editUrl'>
    <span expr:class='&quot;item-control &quot; + data:post.adminClass'>
      <a expr:href='data:post.editUrl' expr:title='data:top.editPostMsg'>
        <img alt='' class='icon-action' height='18' src='http://img2.blogblog.com/img/icon18_edit_allbkg.gif' width='18'/>
      </a>
    </span>
  </b:if>
</b:includable>
            <b:includable id='shareButtons' var='post'>
  <b:if cond='data:top.showEmailButton'><a class='goog-inline-block share-button sb-email' expr:href='data:post.sharePostUrl + &quot;&amp;target=email&quot;' expr:title='data:top.emailThisMsg' target='_blank'><span class='share-button-link-text'><data:top.emailThisMsg/></span></a></b:if><b:if cond='data:top.showBlogThisButton'><a class='goog-inline-block share-button sb-blog' expr:href='data:post.sharePostUrl + &quot;&amp;target=blog&quot;' expr:onclick='&quot;window.open(this.href, \&quot;_blank\&quot;, \&quot;height=270,width=475\&quot;); return false;&quot;' expr:title='data:top.blogThisMsg' target='_blank'><span class='share-button-link-text'><data:top.blogThisMsg/></span></a></b:if><b:if cond='data:top.showTwitterButton'><a class='goog-inline-block share-button sb-twitter' expr:href='data:post.sharePostUrl + &quot;&amp;target=twitter&quot;' expr:title='data:top.shareToTwitterMsg' target='_blank'><span class='share-button-link-text'><data:top.shareToTwitterMsg/></span></a></b:if><b:if cond='data:top.showFacebookButton'><a class='goog-inline-block share-button sb-facebook' expr:href='data:post.sharePostUrl + &quot;&amp;target=facebook&quot;' expr:onclick='&quot;window.open(this.href, \&quot;_blank\&quot;, \&quot;height=430,width=640\&quot;); return false;&quot;' expr:title='data:top.shareToFacebookMsg' target='_blank'><span class='share-button-link-text'><data:top.shareToFacebookMsg/></span></a></b:if><b:if cond='data:top.showOrkutButton'><a class='goog-inline-block share-button sb-orkut' expr:href='data:post.sharePostUrl + &quot;&amp;target=orkut&quot;' expr:title='data:top.shareToOrkutMsg' target='_blank'><span class='share-button-link-text'><data:top.shareToOrkutMsg/></span></a></b:if><b:if cond='data:top.showDummy'><div class='goog-inline-block dummy-container'><data:post.dummyTag/></div></b:if>
</b:includable>
            <b:includable id='status-message'>
  <b:if cond='data:navMessage'>
  <div class='status-msg-wrap'>
    <div class='status-msg-body'>
      <data:navMessage/>
    </div>
    <div class='status-msg-border'>
      <div class='status-msg-bg'>
        <div class='status-msg-hidden'><data:navMessage/></div>
      </div>
    </div>
  </div>
  <div style='clear: both;'/>
  </b:if>
</b:includable>
            <b:includable id='threaded-comment-form' var='post'>
  <div class='comment-form'>
    <a name='comment-form'/>
    <b:if cond='data:mobile'>
      <p><data:blogCommentMessage/></p>
      <data:blogTeamBlogMessage/>
      <a expr:href='data:post.commentFormIframeSrc' id='comment-editor-src'/>
      <iframe allowtransparency='true' class='blogger-iframe-colorize blogger-comment-from-post' frameborder='0' height='410' id='comment-editor' name='comment-editor' src='' style='display: none' width='100%'/>
    <b:else/>
      <p><data:blogCommentMessage/></p>
      <data:blogTeamBlogMessage/>
      <a expr:href='data:post.commentFormIframeSrc' id='comment-editor-src'/>
      <iframe allowtransparency='true' class='blogger-iframe-colorize blogger-comment-from-post' frameborder='0' height='410' id='comment-editor' name='comment-editor' src='' width='100%'/>
    </b:if>
    <data:post.friendConnectJs/>
    <data:post.cmtfpIframe/>
    <script type='text/javascript'>
      BLOG_CMT_createIframe(&#39;<data:post.appRpcRelayPath/>&#39;, &#39;<data:post.communityId/>&#39;);
    </script>
  </div>
</b:includable>
            <b:includable id='threaded_comment_js' var='post'>
  <script async='async' expr:src='data:post.commentSrc' type='text/javascript'/>

  <script type='text/javascript'>
    (function() {
      var items = <data:post.commentJso/>;
      var msgs = <data:post.commentMsgs/>;
      var config = <data:post.commentConfig/>;

// <![CDATA[
      var cursor = null;
      if (items && items.length > 0) {
        cursor = parseInt(items[items.length - 1].timestamp) + 1;
      }

      var bodyFromEntry = function(entry) {
        if (entry.gd$extendedProperty) {
          for (var k in entry.gd$extendedProperty) {
            if (entry.gd$extendedProperty[k].name == 'blogger.contentRemoved') {
              return '<span class="deleted-comment">' + entry.content.$t + '</span>';
            }
          }
        }
        return entry.content.$t;
      }

      var parse = function(data) {
        cursor = null;
        var comments = [];
        if (data && data.feed && data.feed.entry) {
          for (var i = 0, entry; entry = data.feed.entry[i]; i++) {
            var comment = {};
            // comment ID, parsed out of the original id format
            var id = /blog-(\d+).post-(\d+)/.exec(entry.id.$t);
            comment.id = id ? id[2] : null;
            comment.body = bodyFromEntry(entry);
            comment.timestamp = Date.parse(entry.published.$t) + '';
            if (entry.author && entry.author.constructor === Array) {
              var auth = entry.author[0];
              if (auth) {
                comment.author = {
                  name: (auth.name ? auth.name.$t : undefined),
                  profileUrl: (auth.uri ? auth.uri.$t : undefined),
                  avatarUrl: (auth.gd$image ? auth.gd$image.src : undefined)
                };
              }
            }
            if (entry.link) {
              if (entry.link[2]) {
                comment.link = comment.permalink = entry.link[2].href;
              }
              if (entry.link[3]) {
                var pid = /.*comments\/default\/(\d+)\?.*/.exec(entry.link[3].href);
                if (pid && pid[1]) {
                  comment.parentId = pid[1];
                }
              }
            }
            comment.deleteclass = 'item-control blog-admin';
            if (entry.gd$extendedProperty) {
              for (var k in entry.gd$extendedProperty) {
                if (entry.gd$extendedProperty[k].name == 'blogger.itemClass') {
                  comment.deleteclass += ' ' + entry.gd$extendedProperty[k].value;
                }
              }
            }
            comments.push(comment);
          }
        }
        return comments;
      };

      var paginator = function(callback) {
        if (hasMore()) {
          var url = config.feed + '?alt=json&v=2&orderby=published&reverse=false&max-results=50';
          if (cursor) {
            url += '&published-min=' + new Date(cursor).toISOString();
          }
          window.bloggercomments = function(data) {
            var parsed = parse(data);
            cursor = parsed.length < 50 ? null
                : parseInt(parsed[parsed.length - 1].timestamp) + 1
            callback(parsed);
            window.bloggercomments = null;
          }
          url += '&callback=bloggercomments';
          var script = document.createElement('script');
          script.type = 'text/javascript';
          script.src = url;
          document.getElementsByTagName('head')[0].appendChild(script);
        }
      };
      var hasMore = function() {
        return !!cursor;
      };
      var getMeta = function(key, comment) {
        if ('iswriter' == key) {
          var matches = !!comment.author
              && comment.author.name == config.authorName
              && comment.author.profileUrl == config.authorUrl;
          return matches ? 'true' : '';
        } else if ('deletelink' == key) {
          return config.baseUri + '/delete-comment.g?blogID='
               + config.blogId + '&postID=' + comment.id;
        } else if ('deleteclass' == key) {
          return comment.deleteclass;
        }
        return '';
      };

      var replybox = null;
      var replyUrlParts = null;
      var replyParent = undefined;

      var onReply = function(commentId, domId) {
        if (replybox == null) {
          // lazily cache replybox, and adjust to suit this style:
          replybox = document.getElementById('comment-editor');
          if (replybox != null) {
            replybox.height = '250px';
            replybox.style.display = 'block';
            replyUrlParts = replybox.src.split('#');
          }
        }
        if (replybox && (commentId !== replyParent)) {
          document.getElementById(domId).insertBefore(replybox, null);
          replybox.src = replyUrlParts[0]
              + (commentId ? '&parentID=' + commentId : '')
              + '#' + replyUrlParts[1];
          replyParent = commentId;
        }
      };

      var hash = (window.location.hash || '#').substring(1);
      var startThread, targetComment;
      if (/^comment-form_/.test(hash)) {
        startThread = hash.substring('comment-form_'.length);
      } else if (/^c[0-9]+$/.test(hash)) {
        targetComment = hash.substring(1);
      }

      // Configure commenting API:
      var configJso = {
        'maxDepth': config.maxThreadDepth
      };
      var provider = {
        'id': config.postId,
        'data': items,
        'loadNext': paginator,
        'hasMore': hasMore,
        'getMeta': getMeta,
        'onReply': onReply,
        'rendered': true,
        'initComment': targetComment,
        'initReplyThread': startThread,
        'config': configJso,
        'messages': msgs
      };

      var render = function() {
        if (window.goog && window.goog.comments) {
          var holder = document.getElementById('comment-holder');
          window.goog.comments.render(holder, provider);
        }
      };

      // render now, or queue to render when library loads:
      if (window.goog && window.goog.comments) {
        render();
      } else {
        window.goog = window.goog || {};
        window.goog.comments = window.goog.comments || {};
        window.goog.comments.loadQueue = window.goog.comments.loadQueue || [];
        window.goog.comments.loadQueue.push(render);
      }
    })();
// ]]>
  </script>
</b:includable>
            <b:includable id='threaded_comments' var='post'>
  <div class='comments' id='comments'>
    <a name='comments'/>
    <h4>
      <b:if cond='data:post.numComments == 1'>
        1 <data:commentLabel/>:
      <b:else/>
        <data:post.numComments/> <data:commentLabelPlural/>:
      </b:if>
    </h4>

    <div class='comments-content'>
      <b:if cond='data:post.embedCommentForm'>
        <b:include data='post' name='threaded_comment_js'/>
      </b:if>
      <div id='comment-holder'>
         <data:post.commentHtml/>
      </div>
    </div>

    <p class='comment-footer'>
      <b:if cond='data:post.allowNewComments'>
        <b:include data='post' name='threaded-comment-form'/>
      <b:else/>
        <data:post.noNewCommentsText/>
      </b:if>
    </p>

    <b:if cond='data:showCmtPopup'>
      <div id='comment-popup'>
        <iframe allowtransparency='true' frameborder='0' id='comment-actions' name='comment-actions' scrolling='no'>
        </iframe>
      </div>
    </b:if>

    <div id='backlinks-container'>
    <div expr:id='data:widget.instanceId + &quot;_backlinks-container&quot;'>
       <b:if cond='data:post.showBacklinks'>
         <b:include data='post' name='backlinks'/>
       </b:if>
    </div>
    </div>
  </div>
</b:includable>
          </b:widget>
        </b:section>
      </div>

      <div id='rsidebar-wrapper'>
        
        
        <div class='widget-contentss'>
<form _lpchecked='1' action='/search' class='search-form' id='search_mini_form' method='get'>
<div id='search'>
<div class='search-input form-search'>
<input id='s' name='q' onblur='if (this.value == &apos;&apos;) {this.value = &apos;Search the site&apos;;}' onfocus='if (this.value == &apos;Search the site&apos;) {this.value = &apos;&apos;;}' type='text' value='Search the site'/>
<input id='buttonsinput' style='vertical-align: top;' type='submit' value='Search!'/>
</div></div>
</form>
</div>
	 
        <b:section class='sidebar' id='sidebarright' preferred='yes'>
          <b:widget id='Poll1' locked='false' title='Poll' type='Poll'>
            <b:includable id='main'>
  <!-- only display title if it's non-empty -->
  <b:if cond='data:title != &quot;&quot;'>
    <h2 class='title'><data:title/></h2>
  </b:if>

 <div class='widget-content' id='widget-content'>
   <iframe allowtransparency='true' expr:height='data:iframeheight' expr:name='&quot;poll-widget&quot; + data:pollid' expr:src='data:iframeurl' frameborder='0' style='border:none; width:100%;'/>
   <b:include name='quickedit'/>
  </div>
</b:includable>
          </b:widget>
          <b:widget id='PopularPosts1' locked='false' title='Popular Posts' type='PopularPosts'>
            <b:includable id='main'>
  <b:if cond='data:title'><h2><data:title/></h2></b:if>
  <div class='widget-content popular-posts'>
    <ul>
      <b:loop values='data:posts' var='post'>
      <li>
        <b:if cond='data:showThumbnails == &quot;false&quot;'>
          <b:if cond='data:showSnippets == &quot;false&quot;'>
            <!-- (1) No snippet/thumbnail -->
            <a expr:href='data:post.href'><data:post.title/></a>
          <b:else/>
            <!-- (2) Show only snippets -->
            <div class='item-title'><a expr:href='data:post.href'><data:post.title/></a></div>
            <div class='item-snippet'><data:post.snippet/></div>
          </b:if>
        <b:else/>
          <b:if cond='data:showSnippets == &quot;false&quot;'>
            <!-- (3) Show only thumbnails -->
            <div class='item-thumbnail-only'>
              <b:if cond='data:post.thumbnail'>
                <div class='item-thumbnail'>
                  <a expr:href='data:post.href' target='_blank'>
                    <img alt='' border='0' expr:height='data:thumbnailSize' expr:src='data:post.thumbnail' expr:width='data:thumbnailSize'/>
                  </a>
                </div>
              </b:if>
              <div class='item-title'><a expr:href='data:post.href'><data:post.title/></a></div>
            </div>
            <div style='clear: both;'/>
          <b:else/>
            <!-- (4) Show snippets and thumbnails -->
            <div class='item-content'>
              <b:if cond='data:post.thumbnail'>
                <div class='item-thumbnail'>
                  <a expr:href='data:post.href' target='_blank'>
                    <img alt='' border='0' expr:height='data:thumbnailSize' expr:src='data:post.thumbnail' expr:width='data:thumbnailSize'/>
                  </a>
                </div>
              </b:if>
              <div class='item-title'><a expr:href='data:post.href'><data:post.title/></a></div>
              <div class='item-snippet'><data:post.snippet/></div>
            </div>
            <div style='clear: both;'/>
          </b:if>
        </b:if>
      </li>
      </b:loop>
    </ul>
    <b:include name='quickedit'/>
  </div>
</b:includable>
          </b:widget>
          <b:widget id='HTML6' locked='false' title='Become our Fan' type='HTML'>
            <b:includable id='main'>
  <!-- only display title if it's non-empty -->
  <b:if cond='data:title != &quot;&quot;'>
    <h2 class='title'><data:title/></h2>
  </b:if>
  <div class='widget-content'>
    <data:content/>
  </div>

  <b:include name='quickedit'/>
</b:includable>
          </b:widget>
          <b:widget id='BlogArchive1' locked='false' title='Blog Archive' type='BlogArchive'>
            <b:includable id='main'>
  <b:if cond='data:title'>
    <h2><data:title/></h2>
  </b:if>
  <div class='widget-content'>
  <div id='ArchiveList'>
  <div expr:id='data:widget.instanceId + &quot;_ArchiveList&quot;'>
    <b:if cond='data:style == &quot;HIERARCHY&quot;'>
     <b:include data='data' name='interval'/>
    </b:if>
    <b:if cond='data:style == &quot;FLAT&quot;'>
      <b:include data='data' name='flat'/>
    </b:if>
    <b:if cond='data:style == &quot;MENU&quot;'>
      <b:include data='data' name='menu'/>
    </b:if>
  </div>
  </div>
  <b:include name='quickedit'/>
  </div>
</b:includable>
            <b:includable id='flat' var='data'>
  <ul class='flat'>
    <b:loop values='data:data' var='i'>
      <li class='archivedate'>
        <a expr:href='data:i.url'><data:i.name/></a> (<data:i.post-count/>)
      </li>
    </b:loop>
  </ul>
</b:includable>
            <b:includable id='interval' var='intervalData'>
  <b:loop values='data:intervalData' var='i'>
      <ul class='hierarchy'>
        <li expr:class='&quot;archivedate &quot; + data:i.expclass'>
          <b:include data='i' name='toggle'/>
          <a class='post-count-link' expr:href='data:i.url'><data:i.name/></a>
            <span class='post-count' dir='ltr'>(<data:i.post-count/>)</span>
          <b:if cond='data:i.data'>
            <b:include data='i.data' name='interval'/>
          </b:if>
          <b:if cond='data:i.posts'>
            <b:include data='i.posts' name='posts'/>
          </b:if>
        </li>
      </ul>
  </b:loop>
</b:includable>
            <b:includable id='menu' var='data'>
  <select expr:id='data:widget.instanceId + &quot;_ArchiveMenu&quot;'>
    <option value=''><data:title/></option>
    <b:loop values='data:data' var='i'>
      <option expr:value='data:i.url'><data:i.name/> (<data:i.post-count/>)</option>
    </b:loop>
  </select>
</b:includable>
            <b:includable id='posts' var='posts'>
  <ul class='posts'>
    <b:loop values='data:posts' var='i'>
      <li><a expr:href='data:i.url'><data:i.title/></a></li>
    </b:loop>
  </ul>
</b:includable>
            <b:includable id='toggle' var='interval'>
  <b:if cond='data:interval.toggleId'>
  <b:if cond='data:interval.expclass == &quot;expanded&quot;'>
    <a class='toggle' href='javascript:void(0)'>
      <span class='zippy toggle-open'>&#9660;&#160;</span>
    </a>
  <b:else/>
    <a class='toggle' href='javascript:void(0)'>
      <span class='zippy'>
        <b:if cond='data:blog.languageDirection == &quot;rtl&quot;'>
          &#9668;&#160;
        <b:else/>
          &#9658;&#160;
        </b:if>
      </span>
    </a>
  </b:if>
 </b:if>
</b:includable>
          </b:widget>
          <b:widget id='Feed1' locked='false' title='Latest Published Items' type='Feed'>
            <b:includable id='main'>
    <h2><data:title/></h2>
    <div class='widget-content' expr:id='data:widget.instanceId + &quot;_feedItemListDisplay&quot;'>
      <span style='filter: alpha(25); opacity: 0.25;'>
        <a expr:href='data:feedUrl'><data:loadingMsg/></a>
      </span>
    </div>
    <b:include name='quickedit'/>
  </b:includable>
          </b:widget>
        </b:section>

<p/></div>

      <!-- spacer for skins that want sidebar and main to be the same height-->
      <div class='clear'/>

    </div> <!-- end content-wrapper -->
	
<div style='clear:both;'/>
<div id='footer-widgets-container'>
<div class='clearfix' id='footer-widgets'>

<div class='footer-widget-box'>
<ul class='widget-container'>
<li>
<b:section class='footersec' id='footersec1' showaddelement='yes'>
  <b:widget id='Followers1' locked='false' title='Followers' type='Followers'>
    <b:includable id='main'>
  <b:if cond='data:title != &quot;&quot;'>
    <b:if cond='data:codeSnippet != &quot;&quot;'>
      <h2 class='title'><data:title/></h2>
    <b:else/>
      <b:if cond='data:totalFollowerCount != &quot;&quot;'>
        <h2 class='title'><data:title/> (<data:totalFollowerCount/>)</h2>
      </b:if>
    </b:if>  
  </b:if>
  <div class='widget-content'>
    <div expr:id='data:widget.instanceId + &quot;-wrapper&quot;'>
      <b:if cond='data:codeSnippet != &quot;&quot;'>
        <div style='margin-right:2px;'>
          <data:codeSnippet/>
        </div>
      <b:else/>
        <b:if cond='data:totalFollowerCount == &quot;&quot;'>
          <span class='item-control following-not-admin'>
            <b><data:failureSnippet/></b>
          </span>
          <span class='item-control blog-admin'>
            <b><data:adminFailureSnippet/></b>
          </span>
        <b:else/>
          <b:if cond='data:followingLinkPresent'>
            <div class='follow-this profile-link item-control following-follow-this'>
              <a expr:href='&quot;javascript:_FollowersView._openPopup(\&quot;&quot; + data:followUri + &quot;\&quot;);&quot;'>
                <data:followThisMessage/>
              </a>
            </div>
            <div class='follow-this profile-link item-control following-stop-following-this'>
              <a expr:href='&quot;javascript:_FollowersView._openPopup(\&quot;&quot; + data:followUri + &quot;\&quot;);&quot;'>
                <data:stopFollowingMessage/>
              </a>
            </div>
          </b:if>
  
          <div class='followers-grid'>
            <b:if cond='data:totalFollowerCount == 0'>
              <div class='profile-link item-control following-follow-this'>
                <data:emptyFollowersMessage/>
              </div>
            </b:if>
            <!--
            Relies on the js written out in navbar.gxp
            -->
            <b:loop values='data:followers' var='follower'>
              <div class='follower'>
                <a expr:href='data:follower.profileUrl' expr:title='data:follower.displayName' rel='nofollow'>
                <img class='follower-img' expr:alt='data:follower.displayName' expr:height='data:follower.imageHeight' expr:onerror='&quot;this.onerror=null;this.src=\&quot;&quot; + data:anonFollowerImageUrl + &quot;\&quot;;&quot;' expr:onload='&quot;setAttributeOnload(this, \&quot;src\&quot;, \&quot;&quot; + data:follower.imageUrl + &quot;\&quot;)&quot;' expr:width='data:follower.imageWidth' src='http://img1.blogblog.com/img/blank.gif'/>
                </a>
              </div>
            </b:loop>
            <div class='clear'/>
          </div>
  
          <div class='followers-canvas profile-link'>
            <data:followersFooterMessage/>
            <span class='item-control following-not-admin'>
              <a expr:href='data:followersUri'>
                <data:viewAllMessage/>
              </a>
            </span>
            <span class='item-control blog-admin'>
              <a expr:href='data:manageFollowersUri'>
                <data:manageFollowersMessage/>
              </a>
            </span>
          </div>
          </b:if>
      </b:if>
    </div>
    <b:include name='quickedit'/>
  </div>
</b:includable>
  </b:widget>
</b:section>
</li>
</ul>
</div>

<div class='footer-widget-box'>
<ul class='widget-container'>
<li>
<b:section class='footersec' id='footersec2' showaddelement='yes'>
  <b:widget id='PageList8' locked='false' title='Pages - Menu' type='PageList'>
    <b:includable id='main'>
  <b:if cond='data:title'><h2><data:title/></h2></b:if>
  <div class='widget-content'>
    <b:if cond='data:mobile'>
      <select expr:id='data:widget.instanceId + &quot;_select&quot;'>
        <b:loop values='data:links' var='link'>
          <b:if cond='data:link.isCurrentPage'>
            <option expr:value='data:link.href' selected='selected'><data:link.title/></option>
          <b:else/>
            <option expr:value='data:link.href'><data:link.title/></option>
          </b:if>
        </b:loop>
      </select>
      <span class='pagelist-arrow'>&amp;#9660;</span>

    <b:else/>
      <ul>
        <b:loop values='data:links' var='link'>
          <b:if cond='data:link.isCurrentPage'>
            <li class='selected'><a expr:href='data:link.href'><data:link.title/></a></li>
          <b:else/>
            <li><a expr:href='data:link.href'><data:link.title/></a></li>
          </b:if>
        </b:loop>
      </ul>
    </b:if>
    <b:include name='quickedit'/>
  </div>
</b:includable>
  </b:widget>
</b:section>
</li>
</ul>
</div>

<div class='footer-widget-box footer-widget-box-last'>
<ul class='widget-container'>
<li>
<b:section class='footersec' id='footersec3' showaddelement='yes'>
  <b:widget id='HTML1' locked='false' title='Follow us' type='HTML'>
    <b:includable id='main'>
  <!-- only display title if it's non-empty -->
  <b:if cond='data:title != &quot;&quot;'>
    <h2 class='title'><data:title/></h2>
  </b:if>
  <div class='widget-content'>
    <data:content/>
  </div>

  <b:include name='quickedit'/>
</b:includable>
  </b:widget>
</b:section>
</li>
</ul>
</div>

</div>
</div>
    </div></div></div> 
      
<div style='clear:both;'/>
    
<div id='copymaker'>
<div class='righterz'>
<p>
Copyright @ 2013 <b><data:blog.title/></b>. 
<div class='copyantozz'>Designed by <a href='http://www.templateism.com' id='mycontent'>Templateism</a> | <a href='http://www.TechTabloids.com'>TechTabloids</a></div></p></div></div>



  <!-- end outer-wrapper -->
  
  
<div style='clear:both;'/>
  
  
</body>
</html>