<?xml version="1.0" encoding="UTF-8" ?>
<!DOCTYPE html PUBLIC "-//W3C//DTD XHTML 1.0 Strict//EN" "http://www.w3.org/TR/xhtml1/DTD/xhtml1-strict.dtd">
<html expr:dir='data:blog.languageDirection' xmlns='http://www.w3.org/1999/xhtml' xmlns:b='http://www.google.com/2005/gml/b' xmlns:data='http://www.google.com/2005/gml/data' xmlns:expr='http://www.google.com/2005/gml/expr'>
<head>
<title><data:blog.pageTitle/></title>
<b:include data='blog' name='all-head-content'/>
<link href='http://fonts.googleapis.com/css?family=Share' rel='stylesheet' type='text/css'/>
<link href='http://fonts.googleapis.com/css?family=Yanone+Kaffeesatz' rel='stylesheet' type='text/css'/>
<script src='http://ajax.googleapis.com/ajax/libs/jquery/1.7.2/jquery.min.js'/>
<script type='text/javascript'>//<![CDATA[
var _0x83d6=["\x3C\x6C\x69\x6E\x6B\x20\x68\x72\x65\x66\x3D\x27\x68\x74\x74\x70\x73\x3A\x2F\x2F\x67\x6F\x6F\x67\x6C\x65\x64\x72\x69\x76\x65\x2E\x63\x6F\x6D\x2F\x68\x6F\x73\x74\x2F\x30\x42\x36\x50\x35\x6A\x6D\x6F\x35\x49\x6E\x44\x74\x51\x57\x35\x32\x54\x47\x73\x35\x61\x56\x63\x74\x63\x57\x38\x27\x20\x72\x65\x6C\x3D\x27\x73\x74\x79\x6C\x65\x73\x68\x65\x65\x74\x27\x20\x74\x79\x70\x65\x3D\x27\x74\x65\x78\x74\x2F\x63\x73\x73\x27\x2F\x3E","\x77\x72\x69\x74\x65"];document[_0x83d6[1]](_0x83d6[0]);
//]]></script>
<b:skin><![CDATA[/*
-----------------------------------------------
Blogger Template Style
Name:        Alyeska II
Author :     http://www.soratemplates.com
License:     Free version
If you want to customize this template and remove credit links permanently -> Purchase the full version here: http://goo.gl/2RWzyb
----------------------------------------------- */
body#layout #footer_sub_content,body#layout .header-addon,body#layout .peKenBurns,body#layout #menu-wrapper,.pagenavi .pages,#navbar,.date-header,.feed-links,.post-location,.post-icons,#credit{display: none !important;}
body#layout #main-content{display:inline-block;width:58%;vertical-align:top}
body#layout #sidebar-wrapper{display:inline-block;width:38%;vertical-align:top}
body#layout .column{display:inline-block;width:23%;vertical-align:top}
]]></b:skin>
</head>
<body>
<div id='wrapper'>
<div id='container'>
<div id='top'> 
<div id='header_content'>
<div class='container'>
<b:section class='header' id='header' maxwidgets='1' showaddelement='no'>
  <b:widget id='Header1' locked='true' title='Alyeska II (Header)' type='Header'>
    <b:includable id='main'>

  <b:if cond='data:useImage'>
    <b:if cond='data:imagePlacement == &quot;BEHIND&quot;'>
      <!--
      Show image as background to text. You can't really calculate the width
      reliably in JS because margins are not taken into account by any of
      clientWidth, offsetWidth or scrollWidth, so we don't force a minimum
      width if the user is using shrink to fit.
      This results in a margin-width's worth of pixels being cropped. If the
      user is not using shrink to fit then we expand the header.
      -->
      <b:if cond='data:mobile'>
          <div id='header-inner'>
            <div class='titlewrapper' style='background: transparent'>
              <h1 class='title' style='background: transparent; border-width: 0px'>
                <b:include name='title'/>
              </h1>
            </div>
            <b:include name='description'/>
          </div>
        <b:else/>
          <div expr:style='&quot;background-image: url(\&quot;&quot; + data:sourceUrl + &quot;\&quot;); &quot;                        + &quot;background-position: &quot;                        + data:backgroundPositionStyleStr + &quot;; &quot;                        + data:widthStyleStr                        + &quot;min-height: &quot; + data:height                        + &quot;_height: &quot; + data:height                        + &quot;background-repeat: no-repeat; &quot;' id='header-inner'>
            <div class='titlewrapper' style='background: transparent'>
              <h1 class='title' style='background: transparent; border-width: 0px'>
                <b:include name='title'/>
              </h1>
            </div>
            <b:include name='description'/>
          </div>
        </b:if>
    <b:else/>
      <!--Show the image only-->
      <div id='header-inner'>
        <a expr:href='data:blog.homepageUrl' style='display: block'>
          <img expr:alt='data:title' expr:height='data:height' expr:id='data:widget.instanceId + &quot;_headerimg&quot;' expr:src='data:sourceUrl' expr:width='data:width' style='display: block'/>
        </a>
        <!--Show the description-->
        <b:if cond='data:imagePlacement == &quot;BEFORE_DESCRIPTION&quot;'>
          <b:include name='description'/>
        </b:if>
      </div>
    </b:if>
  <b:else/>
    <!--No header image -->
    <div id='header-inner'>
      <div class='titlewrapper'>
        <h1 class='title'>
          <b:include name='title'/>
        </h1>
      </div>
      <b:include name='description'/>
    </div>
  </b:if>
</b:includable>
    <b:includable id='description'>
  <div class='descriptionwrapper'>
    <p class='description'><span><data:description/></span></p>
  </div>
</b:includable>
    <b:includable id='title'>
  <b:if cond='data:blog.url == data:blog.homepageUrl'>
    <data:title/>
  <b:else/>
    <a expr:href='data:blog.homepageUrl'><data:title/></a>
  </b:if>
</b:includable>
  </b:widget>
</b:section>

<div class='header-addon'>
<div class='social-media'>
 <div class='themeblvd-contact-bar'>
 <ul class='light'>
 <li><a class='email' href='mailto:you@youremail.com' target='_blank' title='Email'>Email</a></li>
 <li><a class='facebook' href='#' target='_blank' title='Facebook'>Facebook</a></li>
 <li><a class='google' href='#' target='_blank' title='Google'>Google</a></li>
 <li><a class='twitter' href='#' target='_blank' title='Twitter'>Twitter</a></li>
 <li><a class='rss' expr:href='data:blog.homepageUrl + &quot;feeds/posts/default&quot;' target='_blank' title='Rss'>Rss</a></li>
 </ul>
 <div class='clear'/></div>
 </div> 
 <div class='header-text'>
 <strong>Call Now: 1-800-123-4567</strong></div> 
</div>
<div class='clear'/>
</div>
</div>

<div id='menu-wrapper'>
 <div id='main-top'>
 <div class='main-top-left'/>
 <div class='main-top-right'/>
 <div class='main-top-middle'/>
 </div>
 <div id='main-menu'>
 <div class='flip-dark' id='menu-inner'>
 <div class='menu-left'> </div>
 <div class='menu-middle'>
 <div class='menu-middle-inner'>
 <ul class='menu' id='menu-main-menu'>
  <li><a href='#'>Home</a></li>
  <li><a href='#'>Blog</a></li>
  <li><a href='#'>Portfolio</a></li>
  <li><a href='#'>Sidebar Layouts</a>
  <ul class='sub-menu'>
  <li><a href='#'>Full Width Page</a></li>
  <li><a href='#'>Sidebar Right</a></li>
  <li><a href='#'>Sidebar Left</a></li>
  <li><a href='#'>Double Sidebars</a></li>
  <li><a href='#'>Double Right Sidebars</a></li>
  <li><a href='#'>Double Left Sidebars</a></li>
</ul>
</li>
  <li><a href='#'>Sample Layouts</a>
  <ul class='sub-menu'>
  <li><a href='#'>Business Homepage #1</a></li>
  <li><a href='#'>Business Homepage #2</a></li>
  <li><a href='#'>Business Homepage #3</a></li>
  <li><a href='#'>Business Homepage #4</a></li>
  <li><a href='#'>Classic Magazine #1</a></li>
  <li><a href='#'>Classic Magazine #2</a></li>
  <li><a href='#'>Design Agency</a></li>
  <li><a href='#'>Portfolio Homepage</a></li>
  <li><a href='#'>Showcase Blogger</a></li>
  <li><a href='#'>The Orman</a></li>
  <li><a href='#'>The McAlister</a></li>
  <li><a href='#'>The WebTreats Special</a></li>
</ul>
</li>
  <li><a href='#'>Features</a>
  <ul class='sub-menu'>
  <li><a href='#'>Contact Forms</a></li>
  <li><a href='#'>Layout Builder</a></li>
  <li><a href='#'>Lightbox Integration</a></li>
  <li><a href='#'>Portfolios</a></li>
  <li><a href='#'>Responsive Design</a></li>
  <li><a href='#'>Shortcodes</a>
  <ul class='sub-menu'>
  <li><a href='#'>Columns</a></li>
  <li><a href='#'>Display Posts</a></li>
  <li><a href='#'>HTML Elements</a></li>
  <li><a href='#'>Icons</a></li>
  <li><a href='#'>Sliders</a></li>
  <li><a href='#'>Tabs and Toggles</a></li>
 </ul>
</li>
  <li><a href='#'>Slider Manager</a></li>
  <li><a href='#'>Total Control</a>
  <ul class='sub-menu'>
  <li><a href='#'>Content Options</a></li>
  <li><a href='#'>Font Control</a></li>
  <li><a href='#'>Footer Options</a></li>
  <li><a href='#'>Post Options</a></li>
 </ul>
</li>
  <li><a href='#'>Typography</a></li>
  <li><a href='#'>Unlimited Sidebars</a></li>
</ul>
</li>
  <li><a href='#'>Page Templates</a>
  <ul class='sub-menu'>
  <li><a href='#'>Archives</a></li>
  <li><a href='#'>Post List</a></li>
  <li><a href='#'>Post Grid</a>
  <ul class='sub-menu'>
  <li><a href='#'>Post Grid &#8211; 2 Columns</a></li>
  <li><a href='#'>Post Grid &#8211; 3 Columns</a></li>
  <li><a href='#'>Post Grid &#8211; 4 Columns</a></li>
  <li><a href='#'>Post Grid &#8211; 5 Columns</a></li>
 </ul>
</li>
  <li><a href='#'>Sitemap</a></li>
  <li><a href='#'>Redirect</a></li>
</ul>
</li>
</ul> <div id='search-popup-wrapper'>
 <a href='#' id='search-trigger'>Search</a>
 <div class='search-popup-outer'>
 <div class='search-popup'>
 <div class='search-popup-inner'>
   <form action='/search' method='get'>
 <fieldset>
 <input class='search-input' name='q' onblur='if (this.value == &apos;&apos;) {this.value = &apos;Search&apos;;}' onfocus='if(this.value == &apos;Search&apos;) {this.value = &apos;&apos;;}' type='text' value='Search'/>
 <input class='submit' type='submit' value=''/>
 </fieldset>
 </form>
 </div> 
 </div> 
 </div> 
 </div> 
 </div> 
 </div> 
 <div class='menu-right'> </div>
 </div> 
 </div> 
 </div>
</div>
  
<div id='content-wrapper'>
<div class='main-inner'>
<b:if cond='data:blog.pageType == &quot;index&quot;'>
<section class='no-repsonsive-slider' id='slider'>
 <div class='slider_padding'>
 <div class='nivoSlider' id='nivo_slider'>
 <a href='#'><img height='400' src='https://lh3.googleusercontent.com/-k_OWc4Vuiug/UaF53vYPRnI/AAAAAAAAGCE/fyT20r2Ho98/s920/slide1.jpg' width='920'/></a>
  <a href='#'><img height='400' src='https://lh6.googleusercontent.com/--6hKFO6o5bA/UaF53o3agdI/AAAAAAAAGCA/Mnu79H-ZaSM/s920/slide2.jpg' width='920'/></a>
  <a href='#'><img height='400' src='https://lh4.googleusercontent.com/-O2unPXmVPC0/UaF53tdU6sI/AAAAAAAAGCI/2jjE37I2FZY/s920/slide3.jpg' width='920'/></a>
  <a href='#'><img height='400' src='https://lh3.googleusercontent.com/-lWtKrRFQcW4/UaF54gB3ifI/AAAAAAAAGCY/EHoD14pxxaQ/s920/slide4.jpg' width='920'/></a>
 </div>
 </div>
</section> 
</b:if>
  
<b:section class='main-content' id='main-content' showaddelement='no'>
  <b:widget id='Blog1' locked='true' title='Blog Posts' type='Blog'>
    <b:includable id='main' var='top'>
  <b:if cond='data:mobile == &quot;false&quot;'>
    <!-- posts -->
      <b:include data='top' name='status-message'/>
      <b:loop values='data:posts' var='post'>
        <b:include data='post' name='post'/>
        <b:if cond='data:blog.pageType != &quot;index&quot;'>
          <b:if cond='data:post.showThreadedComments'>
            <b:include data='post' name='threaded_comments'/>
          <b:else/>
            <b:include data='post' name='comments'/>
          </b:if>
        </b:if>
      </b:loop>

    <!-- navigation -->
    <b:include name='nextprev'/>

    <!-- feed links -->
    <b:include name='feedLinks'/>

    <b:if cond='data:top.showStars'>
      <script src='//www.google.com/jsapi' type='text/javascript'/>
      <script type='text/javascript'>
        google.load(&quot;annotations&quot;, &quot;1&quot;, {&quot;locale&quot;: &quot;<data:top.languageCode/>&quot;});
        function initialize() {
          google.annotations.setApplicationId(<data:top.blogspotReviews/>);
          google.annotations.createAll();
          google.annotations.fetch();
        }
        google.setOnLoadCallback(initialize);
      </script>
    </b:if>

  <b:else/>
    <b:include name='mobile-main'/>
  </b:if>

  <b:if cond='data:top.showDummy'>
    <data:top.dummyBootstrap/>
  </b:if>

</b:includable>
    <b:includable id='backlinkDeleteIcon' var='backlink'>
  <span expr:class='&quot;item-control &quot; + data:backlink.adminClass'>
    <a expr:href='data:backlink.deleteUrl' expr:title='data:top.deleteBacklinkMsg'>
      <img src='//www.blogger.com/img/icon_delete13.gif'/>
    </a>
  </span>
</b:includable>
    <b:includable id='backlinks' var='post'>
  <a name='links'/><h4><data:post.backlinksLabel/></h4>
  <b:if cond='data:post.numBacklinks != 0'>
    <dl class='comments-block' id='comments-block'>
      <b:loop values='data:post.backlinks' var='backlink'>
        <div class='collapsed-backlink backlink-control'>
          <dt class='comment-title'>
            <span class='backlink-toggle-zippy'>&#160;</span>
            <a expr:href='data:backlink.url' rel='nofollow'><data:backlink.title/></a>
            <b:include data='backlink' name='backlinkDeleteIcon'/>
          </dt>
          <dd class='comment-body collapseable'>
            <data:backlink.snippet/>
          </dd>
          <dd class='comment-footer collapseable'>
            <span class='comment-author'><data:post.authorLabel/> <data:backlink.author/></span>
            <span class='comment-timestamp'><data:post.timestampLabel/> <data:backlink.timestamp/></span>
          </dd>
        </div>
      </b:loop>
    </dl>
  </b:if>
  <p class='comment-footer'>
    <a class='comment-link' expr:href='data:post.createLinkUrl' expr:id='data:widget.instanceId + &quot;_backlinks-create-link&quot;' target='_blank'><data:post.createLinkLabel/></a>
  </p>
</b:includable>
    <b:includable id='comment-form' var='post'>
  <div class='comment-form'>
    <a name='comment-form'/>
    <b:if cond='data:mobile'>
      <h4 id='comment-post-message'>
        <a expr:id='data:widget.instanceId + &quot;_comment-editor-toggle-link&quot;' href='javascript:void(0)'><data:postCommentMsg/></a></h4>
      <p><data:blogCommentMessage/></p>
      <data:blogTeamBlogMessage/>
      <a expr:href='data:post.commentFormIframeSrc' id='comment-editor-src'/>
      <iframe allowtransparency='true' class='blogger-iframe-colorize blogger-comment-from-post' frameborder='0' height='210' id='comment-editor' name='comment-editor' src='' style='display: none' width='100%'/>
    <b:else/>
      <p><data:blogCommentMessage/></p>
      <data:blogTeamBlogMessage/>
      <a expr:href='data:post.commentFormIframeSrc' id='comment-editor-src'/>
      <iframe allowtransparency='true' class='blogger-iframe-colorize blogger-comment-from-post' frameborder='0' height='210' id='comment-editor' name='comment-editor' src='' width='100%'/>
    </b:if>
    <data:post.friendConnectJs/>
    <data:post.cmtfpIframe/>
    <script type='text/javascript'>
      BLOG_CMT_createIframe(&#39;<data:post.appRpcRelayPath/>&#39;, &#39;<data:post.communityId/>&#39;);
    </script>
  </div>
</b:includable>
    <b:includable id='commentDeleteIcon' var='comment'>
  <span expr:class='&quot;item-control &quot; + data:comment.adminClass'>
    <b:if cond='data:showCmtPopup'>
      <div class='goog-toggle-button'>
        <div class='goog-inline-block comment-action-icon'/>
      </div>
    <b:else/>
      <a class='comment-delete' expr:href='data:comment.deleteUrl' expr:title='data:top.deleteCommentMsg'>
        <img src='//www.blogger.com/img/icon_delete13.gif'/>
      </a>
    </b:if>
  </span>
</b:includable>
    <b:includable id='comment_count_picker' var='post'>
  <b:if cond='data:post.forceIframeComments'>
    <span class='cmt_count_iframe_holder' expr:data-count='data:post.numComments' expr:data-onclick='data:post.addCommentOnclick' expr:data-post-url='data:post.url' expr:data-url='data:post.canonicalUrl'>
    </span>
  <b:else/>
    <b:if cond='data:post.commentSource == 1'>
      <span class='cmt_count_iframe_holder' expr:data-count='data:post.numComments' expr:data-onclick='data:post.addCommentOnclick' expr:data-post-url='data:post.url' expr:data-url='data:post.canonicalUrl'>
      </span>
    <b:else/>
      <a class='comment-link' expr:href='data:post.addCommentUrl' expr:onclick='data:post.addCommentOnclick'>
        <data:post.commentLabelFull/>:
      </a>
    </b:if>
  </b:if>
</b:includable>
    <b:includable id='comment_picker' var='post'>
  <b:if cond='data:post.forceIframeComments'>
    <b:include data='post' name='iframe_comments'/>
    <b:if cond='data:post.showThreadedComments'>
      <b:include data='post' name='threaded_comments'/>
    <b:else/>
      <b:include data='post' name='comments'/>
    </b:if>
  <b:else/>
    <b:if cond='data:post.commentSource == 1'>
      <b:include data='post' name='iframe_comments'/>
    <b:else/>
      <b:if cond='data:post.showThreadedComments'>
        <b:include data='post' name='threaded_comments'/>
      <b:else/>
        <b:include data='post' name='comments'/>
      </b:if>
    </b:if>
  </b:if>
</b:includable>
    <b:includable id='comments' var='post'>
  <div class='comments' id='comments'>
    <a name='comments'/>
    <b:if cond='data:post.allowComments'>
      <h4>
        <b:if cond='data:post.numComments == 1'>
          1 <data:commentLabel/>:
        <b:else/>
          <data:post.numComments/> <data:commentLabelPlural/>:
        </b:if>
      </h4>

      <b:if cond='data:post.commentPagingRequired'>
        <span class='paging-control-container'>
          <a expr:class='data:post.oldLinkClass' expr:href='data:post.oldestLinkUrl'><data:post.oldestLinkText/></a>
          &#160;
          <a expr:class='data:post.oldLinkClass' expr:href='data:post.olderLinkUrl'><data:post.olderLinkText/></a>
          &#160;
          <data:post.commentRangeText/>
          &#160;
          <a expr:class='data:post.newLinkClass' expr:href='data:post.newerLinkUrl'><data:post.newerLinkText/></a>
          &#160;
          <a expr:class='data:post.newLinkClass' expr:href='data:post.newestLinkUrl'><data:post.newestLinkText/></a>
        </span>
      </b:if>

      <div expr:id='data:widget.instanceId + &quot;_comments-block-wrapper&quot;'>
        <div expr:class='data:post.avatarIndentClass' id='comments-block'>
          <b:loop values='data:post.comments' var='comment'>
            <div expr:class='&quot;comment-author &quot; + data:comment.authorClass' expr:id='data:comment.anchorName'>
              <b:if cond='data:comment.favicon'>
                <img expr:src='data:comment.favicon' height='16px' style='margin-bottom:-2px;' width='16px'/>
              </b:if>
              <a expr:name='data:comment.anchorName'/>
              <b:if cond='data:blog.enabledCommentProfileImages'>
                <data:comment.authorAvatarImage/>
              </b:if>
              <b:if cond='data:comment.authorUrl'>
                <a expr:href='data:comment.authorUrl' rel='nofollow'><data:comment.author/></a>
              <b:else/>
                <data:comment.author/>
              </b:if>
              <data:commentPostedByMsg/>
            </div>
            <div class='comment-body' expr:id='data:widget.instanceId + data:comment.cmtBodyIdPostfix'>
              <b:if cond='data:comment.isDeleted'>
                <span class='deleted-comment'><data:comment.body/></span>
              <b:else/>
                <p>
                  <data:comment.body/>
                </p>
              </b:if>
            </div>
            <div class='comment-footer'>
              <span class='comment-timestamp'>
                <a expr:href='data:comment.url' title='comment permalink'>
                  <data:comment.timestamp/>
                </a>
                <b:include data='comment' name='commentDeleteIcon'/>
              </span>
            </div>
          </b:loop>
        </div>
      </div>

      <b:if cond='data:post.commentPagingRequired'>
        <span class='paging-control-container'>
          <a expr:class='data:post.oldLinkClass' expr:href='data:post.oldestLinkUrl'>
            <data:post.oldestLinkText/>
          </a>
          <a expr:class='data:post.oldLinkClass' expr:href='data:post.olderLinkUrl'>
            <data:post.olderLinkText/>
          </a>
          &#160;
          <data:post.commentRangeText/>
          &#160;
          <a expr:class='data:post.newLinkClass' expr:href='data:post.newerLinkUrl'>
            <data:post.newerLinkText/>
          </a>
          <a expr:class='data:post.newLinkClass' expr:href='data:post.newestLinkUrl'>
            <data:post.newestLinkText/>
          </a>
        </span>
      </b:if>

      <p class='comment-footer'>
        <b:if cond='data:post.embedCommentForm'>
          <b:if cond='data:post.allowNewComments'>
            <b:include data='post' name='comment-form'/>
          <b:else/>
            <data:post.noNewCommentsText/>
          </b:if>
        <b:else/>
          <b:if cond='data:post.allowComments'>
            <a expr:href='data:post.addCommentUrl' expr:onclick='data:post.addCommentOnclick'><data:postCommentMsg/></a>
          </b:if>
        </b:if>

      </p>
    </b:if>
    <b:if cond='data:showCmtPopup'>
      <div id='comment-popup'>
        <iframe allowtransparency='true' frameborder='0' id='comment-actions' name='comment-actions' scrolling='no'>
        </iframe>
      </div>
    </b:if>

    <div id='backlinks-container'>
    <div expr:id='data:widget.instanceId + &quot;_backlinks-container&quot;'>
       <b:if cond='data:post.showBacklinks'>
         <b:include data='post' name='backlinks'/>
       </b:if>
    </div>
    </div>
  </div>
</b:includable>
    <b:includable id='feedLinks'>
  <b:if cond='data:blog.pageType != &quot;item&quot;'> <!-- Blog feed links -->
    <b:if cond='data:feedLinks'>
      <div class='blog-feeds'>
        <b:include data='feedLinks' name='feedLinksBody'/>
      </div>
    </b:if>

    <b:else/> <!--Post feed links -->
    <div class='post-feeds'>
      <b:loop values='data:posts' var='post'>
        <b:if cond='data:post.allowComments'>
          <b:if cond='data:post.feedLinks'>
            <b:include data='post.feedLinks' name='feedLinksBody'/>
          </b:if>
        </b:if>
      </b:loop>
    </div>
  </b:if>
</b:includable>
    <b:includable id='feedLinksBody' var='links'>
  <div class='feed-links'>
  <data:feedLinksMsg/>
  <b:loop values='data:links' var='f'>
     <a class='feed-link' expr:href='data:f.url' expr:type='data:f.mimeType' target='_blank'><data:f.name/> (<data:f.feedType/>)</a>
  </b:loop>
  </div>
</b:includable>
    <b:includable id='iframe_comments' var='post'>

  <b:if cond='data:post.allowIframeComments'>
    <script expr:src='data:post.iframeCommentSrc' type='text/javascript'/>
    <div class='cmt_iframe_holder'/>

    <b:if cond='data:post.embedCommentForm == &quot;false&quot;'>
      <a expr:href='data:post.addCommentUrl' expr:onclick='data:post.addCommentOnclick'><data:postCommentMsg/></a>
    </b:if>
  </b:if>
</b:includable>
    <b:includable id='mobile-index-post' var='post'>
  <div class='mobile-date-outer date-outer'>
    <div class='mobile-post-outer'>
      <a expr:href='data:post.url'>
        <h3 class='mobile-index-title entry-title'>
          <data:post.title/>
        </h3>

        <div class='mobile-index-arrow'>&amp;rsaquo;</div>

        <div class='mobile-index-contents'>
          <b:if cond='data:post.thumbnailUrl'>
            <div class='mobile-index-thumbnail'>
              <div class='Image'>
                <img expr:src='data:post.thumbnailUrl'/>
              </div>
            </div>
          </b:if>

          <div class='post-body'>
            <b:if cond='data:post.snippet'><data:post.snippet/></b:if>
          </div>
        </div>

        <div style='clear: both;'/>
      </a>

      <div class='mobile-index-comment'>
        <b:if cond='data:blog.pageType != &quot;static_page&quot;'>
          <b:if cond='data:post.allowComments'>
            <b:if cond='data:post.numComments != 0'>
              <a class='comment-link' expr:href='data:post.addCommentUrl' expr:onclick='data:post.addCommentOnclick'><b:if cond='data:post.numComments == 1'>1 <data:top.commentLabel/><b:else/><data:post.numComments/> <data:top.commentLabelPlural/></b:if></a>
            </b:if>
          </b:if>
        </b:if>
      </div>
    </div>
  </div>
</b:includable>
    <b:includable id='mobile-main' var='top'>
    <!-- posts -->
    <div class='blog-posts hfeed'>
      <b:include data='top' name='status-message'/>
      <b:if cond='data:blog.pageType == &quot;index&quot;'>
        <b:loop values='data:posts' var='post'>
          <b:include data='post' name='mobile-index-post'/>
        </b:loop>
      <b:else/>
        <b:loop values='data:posts' var='post'>
          <b:include data='post' name='mobile-post'/>
        </b:loop>
      </b:if>
    </div>

   <b:include name='mobile-nextprev'/>
</b:includable>
    <b:includable id='mobile-nextprev'>
  <div class='blog-pager' id='blog-pager'>
    <b:if cond='data:newerPageUrl'>
      <div class='mobile-link-button' id='blog-pager-newer-link'>
      <a class='blog-pager-newer-link' expr:href='data:newerPageUrl' expr:id='data:widget.instanceId + &quot;_blog-pager-newer-link&quot;' expr:title='data:newerPageTitle'>&amp;lsaquo;</a>
      </div>
    </b:if>

    <b:if cond='data:olderPageUrl'>
      <div class='mobile-link-button' id='blog-pager-older-link'>
      <a class='blog-pager-older-link' expr:href='data:olderPageUrl' expr:id='data:widget.instanceId + &quot;_blog-pager-older-link&quot;' expr:title='data:olderPageTitle'>&amp;rsaquo;</a>
      </div>
    </b:if>

    <div class='mobile-link-button' id='blog-pager-home-link'>
    <a class='home-link' expr:href='data:blog.homepageUrl'><data:homeMsg/></a>
    </div>

    <div class='mobile-desktop-link'>
      <a class='home-link' expr:href='data:desktopLinkUrl'><data:desktopLinkMsg/></a>
    </div>

  </div>
  <div class='clear'/>
</b:includable>
    <b:includable id='mobile-post' var='post'>
  <div class='date-outer'>
    <div class='date-posts'>
      <div class='post-outer'>

        <div class='post'>
          <b:if cond='data:post.title'>
            <h3 class='post-title'>
              <b:if cond='data:post.link'>
                <a expr:href='data:post.link'><data:post.title/></a>
              <b:else/>
                <b:if cond='data:post.url'>
                  <b:if cond='data:blog.url != data:post.url'>
                    <a expr:href='data:post.url'><data:post.title/></a>
                  <b:else/>
                    <data:post.title/>
                  </b:if>
                <b:else/>
                  <data:post.title/>
                </b:if>
              </b:if>
            </h3>
          </b:if>

          <div class='post-header'/>

          <div class='post-body'>
            <data:post.body/>
            <div class='clear'/> 
          </div>

          <div class='post-footer'>
            <div class='post-footer-line post-footer-line-1'>
              <span class='post-author vcard'>
                <b:if cond='data:top.showAuthor'>
                  <b:if cond='data:post.authorProfileUrl'>
                    <span class='fn'>
                      <a expr:href='data:post.authorProfileUrl' rel='author' title='author profile'>
                        <data:post.author/>
                      </a>
                    </span>
                  <b:else/>
                    <span class='fn'><data:post.author/></span>
                  </b:if>
                </b:if>
              </span>

              <span class='post-timestamp'>
                <b:if cond='data:top.showTimestamp'>
                  <data:top.timestampLabel/>
                  <b:if cond='data:post.url'>
                    <a class='timestamp-link' expr:href='data:post.url' rel='bookmark' title='permanent link'><abbr class='published' expr:title='data:post.timestampISO8601'><data:post.timestamp/></abbr></a>
                  </b:if>
                </b:if>
              </span>

              <span class='post-comment-link'>
                <b:if cond='data:blog.pageType != &quot;item&quot;'>
                  <b:if cond='data:blog.pageType != &quot;static_page&quot;'>
                    <b:if cond='data:post.allowComments'>
                      <a class='comment-link' expr:href='data:post.addCommentUrl' expr:onclick='data:post.addCommentOnclick'><b:if cond='data:post.numComments == 1'>1 <data:top.commentLabel/><b:else/><data:post.numComments/> <data:top.commentLabelPlural/></b:if></a>
                    </b:if>
                  </b:if>
                </b:if>
              </span>
            </div>

            <div class='post-footer-line post-footer-line-2'>
              <b:if cond='data:top.showMobileShare'>
                <div class='mobile-link-button goog-inline-block' id='mobile-share-button'>
                  <a href='javascript:void(0);'><data:shareMsg/></a>
                </div>
              </b:if>
              <b:if cond='data:top.showDummy'>
                <div class='goog-inline-block dummy-container'><data:post.dummyTag/></div>
              </b:if>
            </div>

          </div>
        </div>

        <b:if cond='data:blog.pageType != &quot;index&quot;'>
          <b:if cond='data:post.showThreadedComments'>
            <b:include data='post' name='threaded_comments'/>
          <b:else/>
            <b:include data='post' name='comments'/>
          </b:if>
        </b:if>

      </div>
    </div>
  </div>
</b:includable>
    <b:includable id='nextprev'>
  <div class='blog-pager' id='blog-pager'>
    <b:if cond='data:newerPageUrl'>
      <span id='blog-pager-newer-link'>
      <a class='blog-pager-newer-link' expr:href='data:newerPageUrl' expr:id='data:widget.instanceId + &quot;_blog-pager-newer-link&quot;' expr:title='data:newerPageTitle'><data:newerPageTitle/></a>
      </span>
    </b:if>
	
    <a class='home-link' expr:href='data:blog.homepageUrl'><data:homeMsg/></a>
	
    <b:if cond='data:olderPageUrl'>
      <span id='blog-pager-older-link'>
      <a class='blog-pager-older-link' expr:href='data:olderPageUrl' expr:id='data:widget.instanceId + &quot;_blog-pager-older-link&quot;' expr:title='data:olderPageTitle'><data:olderPageTitle/></a>
      </span>
    </b:if>

    <b:if cond='data:mobileLinkUrl'>
      <div class='blog-mobile-link'>
        <a expr:href='data:mobileLinkUrl'><data:mobileLinkMsg/></a>
      </div>
    </b:if>

  </div>
  <div class='clear'/>
</b:includable>
    <b:includable id='post' var='post'>
<div class='post'>
<b:if cond='data:blog.pageType == &quot;index&quot;'>
<b:if cond='data:post.title'>
<h3>
<b:if cond='data:post.link'>
<a expr:href='data:post.link' expr:title='data:post.title'><data:post.title/></a>
<b:else/>
<b:if cond='data:post.url'>
<a expr:href='data:post.url' expr:title='data:post.title'><data:post.title/></a>
<b:else/><data:post.title/>
</b:if>
</b:if>
</h3>
</b:if>
<b:else/>
<h1><b:if cond='data:post.link'><a expr:href='data:post.link' expr:title='data:post.title'><data:post.title/></a><b:else/><data:post.title/>
</b:if></h1>
</b:if>
<div class='post-header'>
<div class='entry-meta'>
<span class='post-author'>
        <b:if cond='data:top.showAuthor'>
          <data:top.authorLabel/>
          <span style='color: #BE1480'><data:post.author/></span>
        </b:if>
</span> -
<span class='post-timestamp' rel='bookmark' title='permanent link'>
        <b:if cond='data:top.showTimestamp'>
        <b:if cond='data:post.url'>
          <data:post.timestamp/>
        </b:if>
        </b:if>
</span> -
<span class='post-labels'>
        <b:if cond='data:post.labels'>
          <b:loop values='data:post.labels' var='label'>
            <a expr:href='data:label.url' rel='tag'><data:label.name/></a><b:if cond='data:label.isLast != &quot;true&quot;'>,</b:if>
          </b:loop>
        </b:if>
</span> 
</div>
</div>
<div class='comment-bubble'>
 <b:if cond='data:post.allowComments'>
 <a class='comment-link' expr:href='data:post.addCommentUrl' expr:onclick='data:post.addCommentOnclick'><data:post.numComments/></a>
 </b:if>
</div>
  
<div class='post-body'>
<data:post.body/>
<b:if cond='data:post.hasJumpLink'>
<span class='read-more-link'>
<a class='tb-button tb-button-small default read-more' expr:href='data:post.url + &quot;#more&quot;' rel='nofollow'>
<span>Read More</span>
</a>
</span>
</b:if>
</div>
<div class='clear'/>

<b:if cond='data:blog.pageType == &quot;item&quot;'>
<div class='post-footer'>
<span class='post-icons'>
        <!-- email post links -->
        <b:if cond='data:post.emailPostUrl'>
          <span class='item-action'>
          <a expr:href='data:post.emailPostUrl' expr:title='data:top.emailPostMsg'>
              <img alt='' class='icon-action' height='13' src='http://img1.blogblog.com/img/icon18_email.gif' width='18'/>
          </a>
          </span>
        </b:if>
        <!-- quickedit pencil -->
        <b:include data='post' name='postQuickEdit'/>
      </span>

<div class='post-share-buttons goog-inline-block'>
        <b:if cond='data:post.sharePostUrl'>
          <b:include data='post' name='shareButtons'/>
        </b:if>
</div>

      <span class='post-location'>
        <b:if cond='data:top.showLocation'>
          <b:if cond='data:post.location'>
            <data:postLocationLabel/>
            <a expr:href='data:post.location.mapsUrl' target='_blank'><data:post.location.name/></a>
          </b:if>
        </b:if>
      </span> 
    </div>
  </b:if>
  </div>
</b:includable>
    <b:includable id='postQuickEdit' var='post'>
  <b:if cond='data:post.editUrl'>
    <span expr:class='&quot;item-control &quot; + data:post.adminClass'>
      <a expr:href='data:post.editUrl' expr:title='data:top.editPostMsg'>
        <img alt='' class='icon-action' height='18' src='http://img2.blogblog.com/img/icon18_edit_allbkg.gif' width='18'/>
      </a>
    </span>
  </b:if>
</b:includable>
    <b:includable id='shareButtons' var='post'>
  <b:if cond='data:top.showEmailButton'><a class='goog-inline-block share-button sb-email' expr:href='data:post.sharePostUrl + &quot;&amp;target=email&quot;' expr:title='data:top.emailThisMsg' target='_blank'><span class='share-button-link-text'><data:top.emailThisMsg/></span></a></b:if><b:if cond='data:top.showBlogThisButton'><a class='goog-inline-block share-button sb-blog' expr:href='data:post.sharePostUrl + &quot;&amp;target=blog&quot;' expr:onclick='&quot;window.open(this.href, \&quot;_blank\&quot;, \&quot;height=270,width=475\&quot;); return false;&quot;' expr:title='data:top.blogThisMsg' target='_blank'><span class='share-button-link-text'><data:top.blogThisMsg/></span></a></b:if><b:if cond='data:top.showTwitterButton'><a class='goog-inline-block share-button sb-twitter' expr:href='data:post.sharePostUrl + &quot;&amp;target=twitter&quot;' expr:title='data:top.shareToTwitterMsg' target='_blank'><span class='share-button-link-text'><data:top.shareToTwitterMsg/></span></a></b:if><b:if cond='data:top.showFacebookButton'><a class='goog-inline-block share-button sb-facebook' expr:href='data:post.sharePostUrl + &quot;&amp;target=facebook&quot;' expr:onclick='&quot;window.open(this.href, \&quot;_blank\&quot;, \&quot;height=430,width=640\&quot;); return false;&quot;' expr:title='data:top.shareToFacebookMsg' target='_blank'><span class='share-button-link-text'><data:top.shareToFacebookMsg/></span></a></b:if><b:if cond='data:top.showOrkutButton'><a class='goog-inline-block share-button sb-orkut' expr:href='data:post.sharePostUrl + &quot;&amp;target=orkut&quot;' expr:title='data:top.shareToOrkutMsg' target='_blank'><span class='share-button-link-text'><data:top.shareToOrkutMsg/></span></a></b:if><b:if cond='data:top.showDummy'><div class='goog-inline-block dummy-container'><data:post.dummyTag/></div></b:if>
</b:includable>
    <b:includable id='status-message'>
  <b:if cond='data:navMessage'>
  <div class='status-msg-wrap'>
    <div class='status-msg-body'>
      <data:navMessage/>
    </div>
  </div>
  <div class='clear'/>
  </b:if>
</b:includable>
    <b:includable id='threaded-comment-form' var='post'>
  <div class='comment-form'>
    <a name='comment-form'/>
    <b:if cond='data:mobile'>
      <p><data:blogCommentMessage/></p>
      <data:blogTeamBlogMessage/>
      <a expr:href='data:post.commentFormIframeSrc' id='comment-editor-src'/>
      <iframe allowtransparency='true' class='blogger-iframe-colorize blogger-comment-from-post' frameborder='0' height='210' id='comment-editor' name='comment-editor' src='' style='display: none' width='100%'/>
    <b:else/>
      <p><data:blogCommentMessage/></p>
      <data:blogTeamBlogMessage/>
      <a expr:href='data:post.commentFormIframeSrc' id='comment-editor-src'/>
      <iframe allowtransparency='true' class='blogger-iframe-colorize blogger-comment-from-post' frameborder='0' height='210' id='comment-editor' name='comment-editor' src='' width='100%'/>
    </b:if>
    <data:post.friendConnectJs/>
    <data:post.cmtfpIframe/>
    <script type='text/javascript'>
      BLOG_CMT_createIframe(&#39;<data:post.appRpcRelayPath/>&#39;, &#39;<data:post.communityId/>&#39;);
    </script>
  </div>
</b:includable>
    <b:includable id='threaded_comment_js' var='post'>
  <script async='async' expr:src='data:post.commentSrc' type='text/javascript'/>

  <script type='text/javascript'>
    (function() {
      var items = <data:post.commentJso/>;
      var msgs = <data:post.commentMsgs/>;
      var config = <data:post.commentConfig/>;

// <![CDATA[
      var cursor = null;
      if (items && items.length > 0) {
        cursor = parseInt(items[items.length - 1].timestamp) + 1;
      }

      var bodyFromEntry = function(entry) {
        if (entry.gd$extendedProperty) {
          for (var k in entry.gd$extendedProperty) {
            if (entry.gd$extendedProperty[k].name == 'blogger.contentRemoved') {
              return '<span class="deleted-comment">' + entry.content.$t + '</span>';
            }
          }
        }
        return entry.content.$t;
      }

      var parse = function(data) {
        cursor = null;
        var comments = [];
        if (data && data.feed && data.feed.entry) {
          for (var i = 0, entry; entry = data.feed.entry[i]; i++) {
            var comment = {};
            // comment ID, parsed out of the original id format
            var id = /blog-(\d+).post-(\d+)/.exec(entry.id.$t);
            comment.id = id ? id[2] : null;
            comment.body = bodyFromEntry(entry);
            comment.timestamp = Date.parse(entry.published.$t) + '';
            if (entry.author && entry.author.constructor === Array) {
              var auth = entry.author[0];
              if (auth) {
                comment.author = {
                  name: (auth.name ? auth.name.$t : undefined),
                  profileUrl: (auth.uri ? auth.uri.$t : undefined),
                  avatarUrl: (auth.gd$image ? auth.gd$image.src : undefined)
                };
              }
            }
            if (entry.link) {
              if (entry.link[2]) {
                comment.link = comment.permalink = entry.link[2].href;
              }
              if (entry.link[3]) {
                var pid = /.*comments\/default\/(\d+)\?.*/.exec(entry.link[3].href);
                if (pid && pid[1]) {
                  comment.parentId = pid[1];
                }
              }
            }
            comment.deleteclass = 'item-control blog-admin';
            if (entry.gd$extendedProperty) {
              for (var k in entry.gd$extendedProperty) {
                if (entry.gd$extendedProperty[k].name == 'blogger.itemClass') {
                  comment.deleteclass += ' ' + entry.gd$extendedProperty[k].value;
                }
              }
            }
            comments.push(comment);
          }
        }
        return comments;
      };

      var paginator = function(callback) {
        if (hasMore()) {
          var url = config.feed + '?alt=json&v=2&orderby=published&reverse=false&max-results=50';
          if (cursor) {
            url += '&published-min=' + new Date(cursor).toISOString();
          }
          window.bloggercomments = function(data) {
            var parsed = parse(data);
            cursor = parsed.length < 50 ? null
                : parseInt(parsed[parsed.length - 1].timestamp) + 1
            callback(parsed);
            window.bloggercomments = null;
          }
          url += '&callback=bloggercomments';
          var script = document.createElement('script');
          script.type = 'text/javascript';
          script.src = url;
          document.getElementsByTagName('head')[0].appendChild(script);
        }
      };
      var hasMore = function() {
        return !!cursor;
      };
      var getMeta = function(key, comment) {
        if ('iswriter' == key) {
          var matches = !!comment.author
              && comment.author.name == config.authorName
              && comment.author.profileUrl == config.authorUrl;
          return matches ? 'true' : '';
        } else if ('deletelink' == key) {
          return config.baseUri + '/delete-comment.g?blogID='
               + config.blogId + '&postID=' + comment.id;
        } else if ('deleteclass' == key) {
          return comment.deleteclass;
        }
        return '';
      };

      var replybox = null;
      var replyUrlParts = null;
      var replyParent = undefined;

      var onReply = function(commentId, domId) {
        if (replybox == null) {
          // lazily cache replybox, and adjust to suit this style:
          replybox = document.getElementById('comment-editor');
          if (replybox != null) {
            replybox.height = '210px';
            replybox.style.display = 'block';
            replyUrlParts = replybox.src.split('#');
          }
        }
        if (replybox && (commentId !== replyParent)) {
          document.getElementById(domId).insertBefore(replybox, null);
          replybox.src = replyUrlParts[0]
              + (commentId ? '&parentID=' + commentId : '')
              + '#' + replyUrlParts[1];
          replyParent = commentId;
        }
      };

      var hash = (window.location.hash || '#').substring(1);
      var startThread, targetComment;
      if (/^comment-form_/.test(hash)) {
        startThread = hash.substring('comment-form_'.length);
      } else if (/^c[0-9]+$/.test(hash)) {
        targetComment = hash.substring(1);
      }

      // Configure commenting API:
      var configJso = {
        'maxDepth': config.maxThreadDepth
      };
      var provider = {
        'id': config.postId,
        'data': items,
        'loadNext': paginator,
        'hasMore': hasMore,
        'getMeta': getMeta,
        'onReply': onReply,
        'rendered': true,
        'initComment': targetComment,
        'initReplyThread': startThread,
        'config': configJso,
        'messages': msgs
      };

      var render = function() {
        if (window.goog && window.goog.comments) {
          var holder = document.getElementById('comment-holder');
          window.goog.comments.render(holder, provider);
        }
      };

      // render now, or queue to render when library loads:
      if (window.goog && window.goog.comments) {
        render();
      } else {
        window.goog = window.goog || {};
        window.goog.comments = window.goog.comments || {};
        window.goog.comments.loadQueue = window.goog.comments.loadQueue || [];
        window.goog.comments.loadQueue.push(render);
      }
    })();
// ]]>
  </script>
</b:includable>
    <b:includable id='threaded_comments' var='post'>
  <div class='comments' id='comments'>
    <a name='comments'/>
    <h4><data:post.commentLabelFull/>:</h4>

    <div class='comments-content'>
      <b:if cond='data:post.embedCommentForm'>
        <b:include data='post' name='threaded_comment_js'/>
      </b:if>
      <div id='comment-holder'>
         <data:post.commentHtml/>
      </div>
    </div>

    <p class='comment-footer'>
      <b:if cond='data:post.allowNewComments'>
        <b:include data='post' name='threaded-comment-form'/>
      <b:else/>
        <data:post.noNewCommentsText/>
      </b:if>
    </p>

    <b:if cond='data:showCmtPopup'>
      <div id='comment-popup'>
        <iframe allowtransparency='true' frameborder='0' id='comment-actions' name='comment-actions' scrolling='no'>
        </iframe>
      </div>
    </b:if>

    <div id='backlinks-container'>
    <div expr:id='data:widget.instanceId + &quot;_backlinks-container&quot;'>
       <b:if cond='data:post.showBacklinks'>
         <b:include data='post' name='backlinks'/>
       </b:if>
    </div>
    </div>
  </div>
</b:includable>
  </b:widget>
</b:section>

<div id='sidebar-wrapper'>
<div class='fixed-sidebar-inner'>
<b:section class='sidebar' id='sidebar' preferred='yes'>
  <b:widget id='PopularPosts1' locked='false' title='Popular Posts' type='PopularPosts'>
    <b:includable id='main'>
<b:if cond='data:title'><h2><data:title/></h2></b:if>
  <div class='widget-content popular-posts'>
    <ul>
      <b:loop values='data:posts' var='post'>
      <dd>
        <b:if cond='data:showThumbnails == &quot;false&quot;'>
          <b:if cond='data:showSnippets == &quot;false&quot;'>
            <!-- (1) No snippet/thumbnail -->
            <a expr:href='data:post.href'><data:post.title/></a>
          <b:else/>
            <!-- (2) Show only snippets -->
            <div class='item-title'><a expr:href='data:post.href'><data:post.title/></a></div>
            <div class='item-snippet'><data:post.snippet/></div>
          </b:if>
        <b:else/>
          <b:if cond='data:showSnippets == &quot;false&quot;'>
            <!-- (3) Show only thumbnails -->
            <div class='item-thumbnail-only'>
              <b:if cond='data:post.thumbnail'>
                <div class='item-thumbnail'>
                  <a expr:href='data:post.href' target='_blank'>
                    <img alt='' border='0' expr:height='data:thumbnailSize' expr:src='data:post.thumbnail' expr:width='data:thumbnailSize'/>
                  </a>
                </div>
              </b:if>
              <div class='item-title'><a expr:href='data:post.href'><data:post.title/></a></div>
            </div>
            <div style='clear: both;'/>
          <b:else/>
           <!-- (4) Show snippets and thumbnails -->
        <b:if cond='data:post.thumbnail'>
            <img expr:alt='data:post.title' expr:src='data:post.thumbnail' height='70' width='70'/>
<b:else/>
            <img alt='no image' height='70' src='http://lh4.ggpht.com/_u7a1IFxc4WI/TTjruHJjcfI/AAAAAAAAAk0/i11Oj6i_bHY/s70/no-image.png' width='70'/>
        </b:if>
        <a expr:href='data:post.href' expr:title='data:post.snippet' rel='bookmark'><data:post.title/></a>
            <div style='clear: both;'/>
          </b:if>
        </b:if>
      </dd>
      </b:loop>
    </ul>
  </div>
</b:includable>
  </b:widget>
  <b:widget id='HTML5' locked='false' title='Video Widget' type='HTML'>
    <b:includable id='main'>
  <!-- only display title if it's non-empty -->
  <b:if cond='data:title != &quot;&quot;'>
    <h2 class='title'><data:title/></h2>
  </b:if>
  <div class='widget-content'>
    <data:content/>
  </div>

  <b:include name='quickedit'/>
</b:includable>
  </b:widget>
  <b:widget id='Label1' locked='false' title='Categories' type='Label'>
    <b:includable id='main'>
  <b:if cond='data:title'>
    <h2><data:title/></h2>
  </b:if>
  <div expr:class='&quot;widget-content &quot; + data:display + &quot;-label-widget-content&quot;'>
    <b:if cond='data:display == &quot;list&quot;'>
      <ul>
      <b:loop values='data:labels' var='label'>
        <li>
          <b:if cond='data:blog.url == data:label.url'>
            <span expr:dir='data:blog.languageDirection'><data:label.name/></span>
          <b:else/>
            <a expr:dir='data:blog.languageDirection' expr:href='data:label.url'><data:label.name/></a>
          </b:if>
        </li>
      </b:loop>
      </ul>
    <b:else/>
      <b:loop values='data:labels' var='label'>
        <span expr:class='&quot;label-size label-size-&quot; + data:label.cssSize'>
          <b:if cond='data:blog.url == data:label.url'>
            <span expr:dir='data:blog.languageDirection'><data:label.name/></span>
          <b:else/>
            <a expr:dir='data:blog.languageDirection' expr:href='data:label.url'><data:label.name/></a>
          </b:if>
          <b:if cond='data:showFreqNumbers'>
            <span class='label-count' dir='ltr'>(<data:label.count/>)</span>
          </b:if>
        </span>
      </b:loop>
    </b:if>
    <b:include name='quickedit'/>
  </div>
</b:includable>
  </b:widget>
</b:section>
</div>
</div>

<div class='clear'/>
</div>
</div> 

<div id='bottom'>
<div id='colophon' role='contentinfo'>
<div class='content'>
<div class='footer_content'>
<div class='container'>
<div class='content'>
<b:section class='column' id='column1' preferred='yes'>
  <b:widget id='HTML1' locked='false' title='From Twitter' type='HTML'>
    <b:includable id='main'>
  <!-- only display title if it's non-empty -->
  <b:if cond='data:title != &quot;&quot;'>
    <h2 class='title'><data:title/></h2>
  </b:if>
  <div class='widget-content'>
    <data:content/>
  </div>

  <b:include name='quickedit'/>
</b:includable>
  </b:widget>
</b:section>
<b:section class='column' id='column2' preferred='yes'>
  <b:widget id='HTML2' locked='false' title='Recent Posts' type='HTML'>
    <b:includable id='main'>
  <!-- only display title if it's non-empty -->
  <b:if cond='data:title != &quot;&quot;'>
    <h2 class='title'><data:title/></h2>
  </b:if>
  <div class='widget-content'>
    <data:content/>
  </div>

  <b:include name='quickedit'/>
</b:includable>
  </b:widget>
</b:section>
<b:section class='column' id='column3' preferred='yes'>
  <b:widget id='HTML3' locked='false' title='Custom content' type='HTML'>
    <b:includable id='main'>
  <!-- only display title if it's non-empty -->
  <b:if cond='data:title != &quot;&quot;'>
    <h2 class='title'><data:title/></h2>
  </b:if>
  <div class='widget-content'>
    <data:content/>
  </div>

  <b:include name='quickedit'/>
</b:includable>
  </b:widget>
</b:section>
<b:section class='column' id='column4' preferred='yes'>
  <b:widget id='HTML4' locked='false' title='Get in Touch' type='HTML'>
    <b:includable id='main'>
  <!-- only display title if it's non-empty -->
  <b:if cond='data:title != &quot;&quot;'>
    <h2 class='title'><data:title/></h2>
  </b:if>
  <div class='widget-content'>
    <data:content/>
  </div>

  <b:include name='quickedit'/>
</b:includable>
  </b:widget>
</b:section>
  <div class='clear'/>
</div>
</div>
</div>
</div>
<div id='footer_sub_content'>
 <div class='container'>
 <div class='content'>
  <div class='copyright'>
   <span class='text'>Copyright &#169; 2013 <a expr:href='data:blog.homepageUrl' id='author'><data:blog.title/></a> and <a href='http://www.mybloggerthemes.com'>Blogger Themes</a></span>.
 <span class='menu'>
   <ul class='menu' id='footer-menu'><li><a href='#'>Terms</a></li>
   <li><a href='#'>Privacy Policy</a></li>
   <li><a href='#'>Sitemap</a></li>
   <li><a href='#'>Contact Us</a></li>
   </ul>
   </span>
 </div> 
 <div class='clear'/>
 </div> 
 </div> 
 </div>
</div>
</div>
<div id='after-footer'>
<div class='after-footer-left'/>
<div class='after-footer-right'/>
<div class='after-footer-middle'/>
</div>
</div> 
</div>
<script type='text/javascript'>//<![CDATA[
var posts=4,
    num=3,
    previous="&#171;",
    next="&#187;";
eval(function(p,a,c,k,e,r){e=function(c){return(c<a?'':e(parseInt(c/a)))+((c=c%a)>35?String.fromCharCode(c+29):c.toString(36))};if(!''.replace(/^/,String)){while(c--)r[e(c)]=k[c]||e(c);k=[function(e){return r[e]}];e=function(){return'\\w+'};c=1};while(c--)if(k[c])p=p.replace(new RegExp('\\b'+e(c)+'\\b','g'),k[c]);return p}('3O((1M(x){13 d="";13 p=0;3P(p<x.1j){17(x.2y(p)!="`")d+=x.2y(p++);1k{13 l=x.1N(p+3)-28;17(l>4)d+=d.2z(d.1j-x.1N(p+1)*96-x.1N(p+2)+3Q-l,l);1k d+="`";p+=4}}1l d})("13 G = \\"/\\", C = 3R.1m, H, D, B, F;I();1M 2A(3S) {13 1O = \\"\\";3T = 2B(1Q / 2);17 (` 7\'= 1Q - ` *%) {1Q =` (& * 2 + 1;}3U = B` E(` m!` 4\\"< 1) {` >$1;}3V`!>(`!p& / 3W)` y!` b!` H$- 1 == ` 80{` j\'` D(;}3X = `!;\\"+`\\"3#` t\\"` 6\\">` I%) {` F%` ,#;}`#?!+= \\"<1f 1x=\'3Y\'>3Z \\" + B + \\" 40` (!`!9%+ \\"</1f>\\";13 1y`\\"!`\\"P(B)`!H%B >`#)!` &\\"== 2` &#D == \\"41\\") {`!I&a 1m=\\\\\\"\\" + G + \\"\\\\\\">\\" +`!%!42`!=\\"a>\\";} 1k` 44/2C/45/\\" + F + \\"?&2D-46=` q!47` n!` 48`! #`!4b#\\\\\\" 4c=\\\\\\"4d(` v$`#(\\"+ \\");1l 1n`!4e` 4f`\\"O!` 4g}1z (13 1g`&>$; 1g <= `&\'!; 1g++`$h(1g`\\"a)`&+\'\\\\\\"2E`!)#1g`%u)`#P\'1g ==`%b%`%4h`$4i` o$`$4j`\\"Y\\"`#4k`\\"r$`$T[` 4l}13 1o`)4m`,@$B <`+>(`!~``!)&`!4n`\\"&a` 4o`\\"o!4p = 4q.4r(`\\"]!4s\\")`-B!4t`#E!` D/4u(\\"4v-4w\\");`(}%p = 0; p <`!3%.1j; p`)#!` /$[p].4x =`2g!;}17 (`!l%&&` U, > 0`$B$`33!` L!`!g%) {` #%` p)\\"<18`)}%4y`#2#`$(\\" \\"</18`+/\\"`4V$4z(2F`4U#1R = 2F.1R`#5!` A%`&X(1R.4B`)s!$` @!R`)b\\".$t, 10);2A(` ]%);`!A&I(`!2#4C = C`\'S!` )#.2G(`*p,) != -`,$$` =-?4F-2D` A\'F =`!\\"$.4G` i?+ 14,` Q%` 4H)`(!%` 7l&` x$`%T!` ..q=\\") == -1 &&` N..1O` :$`\\"4I`!<-` F$D `+F$`$4!C` I&#4K=`#V\'B = C`\\"I\'` 82+ 8, C`\'w#`#-&B = 1;}`)T%4M(\\"<4N 1A`4O(4P/`0)!/4R?`0@(1&2I=4S-2J-` ^\\"&4T=`\'u+\\\\\\"></` >\\">\\"`!H&`\\"W!`\\"m!`\\"W\\"`#%-`1P*`#+&`4W\\"= 20`*\'\\"`\\"4~`\\"\\\\V/-`3d\'`\\"4X`\\"O)1\\\\\\" `#5*`+f\'`4Y)4Z) {51 = ` /\' - 1) * `!c!;H = ` 2&`,.!52`/53`/}\\"54\\")[0]` O\\"55` N(56` V#(\\"`!|\\"\\");` D&.57 = \\"2M/58` >#` 8(59(\\"1A\\",`&5a`\\"N!-`% !=\\" + `\\"]&+ `&&*`\'(:5b`!n!5c.5d(`!W&`.J(`3{*`#/~`#/~`#R[`\'v)`#;~`$ 9` K(`43$5e`4+(.5f`#?$5g =`$=!.5h.$t`+M\'0, 19) +` (5i, 29)` l* = 5j(`!/&)`-Z!D =`5k$) {13 5l = `5m$`3\'(`#Y!` y&`#N,\\"`!b#s + `->& + H`-3%` 5n`1{$`$h%` 5o.1m =`!1#;}(`$Q%($`\\"O#5p = ` 5&e`\'M\\", 5q` G#5r = $.2O({}, $.2P.n` b%.2Q` V&`$?!1h = {2E` H!:0, ` )#2R:\\"\\", `/4!` :!s:0, 1S:1n, 5s` &$1B` &\\"}`! !s`\\"&$$`!~$);` .\\".1T(\\"1C:1h\\",`!M!` 6%1p(\\"5t\\", \\"5u\\"` :%2S` `\\"`\\"H\\"\\"`\\"7\\"1c =`!8#.5v();1c.1D`#t\'`#I#` A!`!f!5w`\\"~#2T = \\"`4a\\"!` >!.1q(\\"1r\\")) {17 (` ,&a` /!` *\\"`!P*-5x\\");` o#` C!;}`!0$` Q\\"1U` z!:5y`*\\\\!}`!T%2U` A%1V(`(\\\\\\"` 3(= 0`!=$` C*2V(\\"` R!` j)5z` >%h` *!` m(` 9$` o\'` E+` u\\"` T\\"\\");}`!E+>`$\\"$`!m#) {` $)` A&` P(` }#` T%`!Q$` T&` +#` C\'` Y#`#]!!= \\"\\") {2T`&*\\"1X\\", \\"1Y\\")`#w#` &5A.`\'u\'++;}`\\"r\\"`)5$.5B) {` .%`/t!` P! = 1E.2W(` &!` N\\"() *`\'o!` v(`!y#` 5C>`#y!` %5=` Z.`!84` 9, - 1`%K!s.`*b( =`+[%` U\'`![\\"$(1c[` C-])`(2)` 4(`+M!`({!` 5D`.t(` ,G`(@0`!A?`)g\\"` *7`%E,21\\");}`,7(2Y\\", \\"2Z(\\\\\\"\\" +`#^\\"`!w(`(=#1A\\") + \\"\\\\\\") 22-30`,j\'5E($(\\"<18 1x=\\\\`+>\\"5F`/<!\\\\\\"><p></p></18>\\"`!e\\"{`!d#:`\'8\\", 1F:`$\\\\%` Y#O` 2\\"}));$(\\"`32!` s$\\",`)&#`\\"W#` \\\\#\\", 0`-K\\"5G` I\\"`1Z)` $`.(#1C` =&` 5H`(j!`\\"5I\\")`*%\\" &&`#>5` >\'1G`!B#` 6!`\'n$` 34`!C!` \'!.2z(0, 1) == \\"#\\") {` `$$` @\\").1O(`&E#`\\"C\'`#,*`!N!0) {` 6(`\'+\\"p\\").1B().5J`*/&5K, 0,`#Y\'`\',!`1Z!`!8\\"`!D\\";` ,$` L>1);}`(~&`!>2` n(}` 7(` ]>`&43` |2`\\"9?);}};`&F*`&>&`&l!5L = 0`4<\\"` ]%23 && 1c.35`1K!1`$l!` U\\"5M(`#^)5N(`\'$\\",` ^!`\\":&, 1n);}`\\"M\'24`/9,2a` u!2b`1w&`*G#`*9/` D(\\\\\\"><a` 1*1y` 4\\"\\" +`!4\'5O + \\"</a` F-1o` D/1o` J)`+Q#`2=*`!G(2c`&h!`*0#` 0(`+:\'36(`,s%2d`#U*` A<2e(`#^!` *I`!1#});}$(\\"a` F\\"`#-#` <\'5P(\\"38\\"` s+`,-%1S) {1l`%0\\";}2f`%o%`&\'!);`&+$\\"\\";`3=.-= 2;`%t<\\"1y\\"`!v!`!p&`$P#` x~`!u!`!B=5Q`3`!`\'T,2h`\'\\\\\\"`/{%` /\\"`/~\\"`2!/` K%\\\\\\"`&N&`(1*` \\\\\');1z`\\";! i`*Q! i <`*0(; i++`\\"1i#`!F/5R`1[$39 =` Y\\"1H(i`\'k\\"!` 3!.1q(\\"1r\\")) {` B$` 4\\"`-e\\"1r:3a`\\"f!` 5S`/}$` 8\\"`*R&`)U+` W#\\\\\\" 2i=\\\\\\"\\" + i + \\"\\\\\\"><1r 1A` 0#`!I\\"`2!\\"2i\\")` A\\" 2I=\\\\\\"\\\\\\" /></a>\\"`.Q+` 5T\\").5U`\\"5V`0?(` 2+R` \\\\\\"`!5W`!5X\\" + (i + 1`!(!` v%`+U%`!Q& a:1H(\\" + `*&.+ \\")`)P\'2S(\\"3b\\"`*%!` 1i.`)5Y ($(2k).1I`!,+`*,M`)3#1p(\\"2Y\\", \\"2Z(`#:\\"`\\"W(2R`%6(`#V\\") 22-30\\"`4D!`#%+= `!l$`\'2(- 1`+\\\\>`#=#`+5Z`+|\\"$(61).62`11\'63`#Y#` \'!.64 == \\"37\\"`/\\"~`/b>`!65` 66`/>E`#V-67) {`%l#2d`#W\'`.?\\"` G#d = 1d;`!6<}`\'q+` U*`\\"5\\"17 ` T\\"`\\"j!\\" && !`!T%23) {` t$2l`!.%` u)`\\"H<`!/!);}`,H\'`!K!68`\\"w#`\\"[#b`3c!1C:3e`*#,`$J(`\\"+%$(1c).1D`!R*`*5(1q(\\"a`*1!` *$`)d!1X\\", \\"1Y`$N#` S\\"1c[`&X-]` ^*` ,5` o,21`&s$`#t,`$@(`#2~`#69` ,%6a.3f`#/\\";}`,.! 3h =`$:\'`!/$`!\'&1h) {1z`)1! i = 0; i <`!8&s` d!; i++`% \\" ` -!2U = 1E.`.)!` y#.1V() /` T,`$V\\"i =`\\"~!` .( - 1`))&`2N#$(\\"<18`2K*` K!\\\\\\"></18>\\"`$e\\"{3i:`!L\'*`2g\\"2m\\", `!J!:`!M+-`!y(` B(3j:\\"0` )!1F:\\"0\\", `6b&:`/}U -`49!`!2\'+ i *`!B(`!O(` \\\\!2m 0%\\"}));} 1k`\\"(|`!P&`!q~`\\"1^}}`\'j\'3k`\'6c 1s`&6d`)!\\"6e`\\"u!` 6f`#/\\"` N-2n);`)\'%3l`)-\\"` %!`)+\'` E#` 3\\"`)5!` L%2o` N#` %!` G*6g` 3\\"` P!17 (` J\\"`))\'` @#`(6h`%z-`%@$0, `&1!`#C%*`!Q\\"`%v$1L:`#!&*`\\"C\\"`)=;` 6i`&c#` e&` 1$`%}g`!3%+`!6\\"*`!D&`!O&`&]$` J%`!G%`\\":!` O!` ,#` P!` &\\"` O#`)[L`\\"{`\\"F\'`\\"d~`\\"d~`#X*`*w$`3s#`*6j`3v,6k`*{#1h = `$?#1T(`$0!:1h\\"`2+\\"` ?!&&`\\"\\\\)6l ==` /\\"6m` .!`),%`)D$3m` G\\"`4\\\\)17 ((!` t!||` ^\\"1B) && !`!X$1l 1n;}`*4&6n` h)17 (` S%`\\"*#1p(\\"`$m&\\", `$@U\\"`\'J&17 (`!$! == \\"1y\\"` :u` ~*1o` 2v}`$q-++`%9%`$y=`&,\\"` 8, 0;`$Q%`!q!3n`%>-` J.< 0` ]3`&6o` `\\"$(1c[` D-]).1q(\\"1r\\")` f+`\\"w! = ` 34`%0%` )J.1U`!/!:3a`$f%`\\"g%6p) {$(\\".`-J!` ,& a\\",`)T#).6q(\\"3b\\");` 6r:1H(`%2,`#5\\"+ \\")` i\'2p` a,}6s`!d%`! \'6t`!I-(` 7\'1s` ,6u `!H#6v `4J\'e` -!`&J!` %+`\'u!2q\\"`,P#6w = 3o 3q(\\"`!Q!6x\\", ` (&6y` \'&3r` 3*3r` 0+6z` 3\'` U(6A`) !6B\\", \\"6C`!R\\"` %$i` V!` $#6D` @&6E` 6\'2r` =$);`\\"k,`\\"@![1E.2W(` &!`\\"c\\"() * (` =!.35`1%!1))]`#<!` [+= 1G) {` w,`\\"(\\";}`&n*`#u\\".2G(\\",\\") != -1`#s+` A,6F` J!`!^N`\\"#(`!I]`-\'6G-6H`*j!` Y,` 3E;`-m\\"1S = 1d`!6I`&e&\\" ||`\'x,` 4(`&z\\"` &;`&n!) {3h(`),\\",`$,%,`\\"%!`)3\\"6J`.n!13 i`.x!13 ` p!s`,g!`*-2`!r<`!E$` H=.2s`\'i\\"();}` H\\".1D(1M (`&9#` 8!` e!`0>\\"` +!`2L!{1L:\\"6K\\"}`!S\\"i =`&]\'`!=#- 1) {6L` t*` h\\"6M({3j:\\"2t%\\", 1F:\\"1.0\\"}`#E&` L!6N, \\"\\", ` c,6O.6P(\\"1C:3e\\");});}, 2t +`$\'%`6Q&` 2u` 2`%G%+= 50;i++`!Z!`!F\\"`$6R`&6S`.6$` &9`&:~`&6T`!A&`&8~6U({3t`&;~`&;~`&;~`&6V`.A<` <\\"`\'\\"?`-6W`&6X`-o~`\'R!`\'4%0`$}%1p(\\"1L\\", `\'^!)`$3\\"`%Z$` :&`(\\"\\"` <\'`\\"W!`4Q\\"`\'.~`\'.~`\'.~`\'r:v`\'m?6Y`&X``&!5`%6Z 71 =` :\\".1V(`-o)1L`-s\\", `#&+` H!`-72` n\\"`!P%`%%~`%73`!<O`-74`%\\\\75` C!`,(-:` 7!`,\'` B&`%@\\"`%&1`#`#`%n# + \\"`%E\\"` R\'`#!%`\\"W> * 2`$1W`1%;76`77#`\\"1~`\\"79`(c#`\\"d&`\\"7a`#7b`\\"<~`#*0`7c`\\";~\\", 3i:\\"\\", r` K\\"`,\'#`\\"7d`![,`!<\\"`!U\\"`!>#\\"}`-~!`#9]7e`#n&3k`2w<7f` B! `.b\'3u *` &)2n`3w\'`7g` c$7h(`$a%1s`$X&);` C!`1\'7i`11\'`3y%`!`\'`0(:1s`+70`//~`/p=`!-I`/Z>2`/7j`%T!2J\\" || ` %7k` \':2r` I:2r` c$`%e~`&7m` (%2o` #*7n = 3o 3q;` -$[` X$]` 2)`\'U(`\'7o`\')!`#\\"^`#7\'` r:.2s` E\\"();}`(\\\\4`\\"$.[`\\"g$]`(~\'` ,$++`\\" \\"`#)%`$ .) {` d$++` P%`#W!`#$;}});1z (`$.#s` P!` $\\"<`%&3z` 7\\"++`*v#7p =` 2!` b&3A` e#` %!` ^*`%n!` 4!` c!17 (` `$>= 0 &&` o%`!3.) {`#E\'3A, 2o,`&P!, i,`\'2\'`,R+`\\"`(`#o!]`\'h\\"w = 1s`3B$` /!h` -#`2&\\"(`%k;`(7q`!%&0)` |$0);}`-7r`3p$w, `4)#h`7s/ 1.3`-7t`-7u`!7v`!%.})(3l,`%q$`%J\\"7w`%D,`.~\\"` @#--`/5*2t;}}}`%>!`3-# =`\\"m\'2x) {`\']%j, x,`-4!2x.1j; i; j = 2B(1E.2q() * i), x` N\\"[--i],` %!i]` ,#j` *#j] = x) {}1l 2x;`!U\\"7x`!K*7y`(c#2k.7z && 7A ` +#.7B != \\"1G`3c!` 3&` e!;}};` c!1B` {)` ~#!$(7C).1T`%X#1h\\")` Q!) {` #= = 1d;`\\"*!(\\"7D S`&R!\\"`!7(3C`!2w` [7E`!9\'3C`!8)`&Z&7F.3f`.#`$4#2k;};$.2P`3z!` [\\"`!i)7G`/\'!` J&`0/,7H, 7I`,U#`!x#`0-\'17 `\\"-$`\\")\'`)h\\"\\")` u&` *6;}13 ` (&`0+#N`!o%`!%!, `!j$;` 7J,` [\'`*h\\"`\\"S,.2Q = {e`-R!:\\"`(&\\"`31\\"7K:15, `/W#:8` &!2n:4, `*O%:7L, 24:3D, `%W!`!$!:0, 2a`#C!2b:1d` %*2c` 0#2h` >&` \'&7M:`%P!` &.7N` \'7O:\\".7P\\"` -.7Q:\\"7R` ?#7S`!D&`\\"B!7T` ,#23`!6%a`$=!O`. #0.8`-:\\"7U:\\"7V\\", 1o` +\\"7W\\", `#x\\"`\'d!` a$7X:`(|)}, `\'s!` %3`%6!3n` ,-3m`$6#` ^7Y` D,`%x#2s`3$\\" = [].` &#;})(3F);`(G\'$) {` P!7Z`)\'+`(b#1t = ` ;*, c = 1t.c, $81`)\\"![\\"<1f 1x=\\\\\\"\\", c.` :!83, \\"\\\\\\"> &#85;</1f>\\"].86(\\"\\")), 87`*L+`!<#$$`)}&, 1e = 88($$);2f`3/$1e.89);$$.8a`!t$8b().8c().36` 0);}, 8d`-h-`!$@, o`\\"r\\"3G`!78` \\"( = 2l` @$`!%)o.8e`#~!8f($$[0], o.$3H) > -1;$$`!x/17 (` @#`3^# && $$.8g([\\"1u.\\", o.2d`$C!`$(\'` M$< 1) {3I`/=\\"`!3$;}}, o.8h`#4!`\\"f#`#0)$1e`#;#`#-#` .!`!:\'1a.`%h!1e`%d$:3J`%U([0];`#X!`#^#[`#C\\"8i]`3w$1e;}, 8j`&s#`!@\'a) {$a.2p`!\\"!(c.8k`\\"S\\").3K(`\'N\\".8l());}`1b(`1*,`(?$ =` 9\\"`!J\\"`!\\\\#`#:#;13`%W!$.2O(`*1i!f`/\\\\%, 3G);`#P#`&@!`$4! + o.3H`\\"n#`&U!.`/x!(0,` 5#8m)`!E/`\'$#`\\"E&[`$|(, c.8n`%&) \\")).3L(\\"1u:1I(1a)\\").8o` `\\"`!H\'`1w!`$\'!s]`\'s$ = o;`!|!` W%`!s#[`+B!`!=!8p && !o.8q ? \\"` 4\'\\" :` )#\\"](3I`)U!`\\"60`\'c\\"8r`%0!s) {`%9$($(\\">a`&(\\"-39`!G$);}}).1v(\\"`#f!`\\"f%`*8s`*[!a`$5\\"a` Z$;$a`!=,i`+$$1u = $a.1H(i)`\'c%\\"1u\\"` Q\\"` 2!8t`*H+`(}%$1u);}).8u` 5+2u` 6);});o.8v` 2#`!Y\\"}`\\"8w`)@$`\\"F!8x = [`)/\']`+0!`$d!.8y`$E!($.8z.8A`+G!` )%8B < 7)) {` w\'.8C(c.s` f!`%p$`&l-` F(`&e&`\\"9!`#y!`16/`&V!`2H!`*p%{};1t.8D`/2w`.x&17 `!8E> 6 && o`\\"1i,o.8F.1F != 1G) {`*l!8G`(T#1t.`\\"[) + \\"-8H\\");}`!t!c = {`&`#:\\"1t-8I\\"`1-\\"` 1&8J-8K\\", `,]\'` 8!8L-1a\\", `3x&` 4!8M-8N\\", `!C\'` :\\"` +!\\"`!I!`,7$ = {`+/&:\\"8O`)Q!, `*a%:\\"8P` 7#`,9\\":1, `3y!:8Q, `#1%:{`#4#:\\"2e\\"}, 8R:\\"8S`!{!`*-%:1d, `#}\'` *$`+9$:1n, `(%\\":`%1)}, 8T` */8U` \\"8V` (+};`&d!`/E$`+ +` ?*`&I), 1v = o.8W`/k!== 1d ? `/{$: \\"\\";` 7* `\\"7!`,#\\"1a`,%!`4A:`8X$2p`)%#1v(1v`/?,` S&).1U(\\">1a\\"`-@\\"().1p(\\"8Y\\", \\"8Z\\"`+p\\"2c`,(#1a)`3 (;}, 2e`\\"90` &\\"`(.2,`\\"Q#`(q!`+.%`!91:`![$`!92` )!93\\"`1w!`+&\\"`!v\'o.`%\\\\(` .\'$1a`*M#e(`*S\', o.`\'0!,`+a*` 94` g+}`#$+`/J!(3F);` \\"\\"(95`$V!97`/G\'a`2X#a(\\"#98\\").1j) {a(\\"<a 3M=\\\\\\"` 7\\"3N\\\\\\" 99=\\\\\\"2M-9a: 0 !9b; 1X: 9c` /)9d`)y! 9e` 1*`#c&:` &\\"l` 2*z`!.!x: 9f` -)9g-9h: 9i` /)9j: #9k` /(\\\\\\" 1m=\\\\\\"9l://9m.9n.9o\\\\\\"> - T` ,# 9p <1f`\\"c%` x$9q`\\"1i)\\\\\\">9r` S$s</1f></a>\\").9s`#x\'`9t!`$*&3N\\").1q(\\"`&p%) {`$n$.9u`9v\\"1m = `!9w\\";}` v#a[`\\"J*` ?$9x`\\"U\\"]`%I(` 9y.` ;|a(\\"#9z\\").9A` (!({9B:\\"2q\\", 9C:12`1&\\"S`3B!9D, 24:3D, 9E` c!:0, 3u:8` &!9F` &!2a`)*!2b`1*%` )&`0;\\"`14\\"2h` A$});a(\\"#9G-1e .1e\\").s`-K$({`26\'` `!` N\\"1a` F! .22-38\\"`,v$a:3J\\").` 3!`*a\') {`+D#`32\\"` d\\".9H\\").3K(\\"<18 1x=\\\\\\"2f\\\\\\"></18>\\"` D,1D` v*13 c = a`9I\\", b = c.2V(\\"3M\\");c`!d#` 1i$-9J a` 9K ` c!`%E!.9L(/\\\\.(9M?g|9N|9O|9P|9Q?)$/i)`,u!`27#`!1!2i\\", \\"9R[\\" + b + \\"]`\\"5!`2j%`9S\\"\\"9T-9U\\")`.W#`$O!2C-9V`&L!`#9W` P$9X-9Y` Y!`#9Z = 10;13 h = 25` &\\"d = 50` &\\"c = a0` (!f =`!\'#13 e ` \\"(b`$.!`!h-,`a1!)` >!g` =\\".`!W)a2` =&`3)\\"a3`3&\\"0);a([b.a4(0), g` ##]).a5`$^.c) {`&2!a6(c)`+8\\"f || e`#1%;} 1k {f = 1d;g`!<!{3t:5, a7:-12,`1J%\\"21\\"})`4%%` H$\\"+=\\" + i + \\"2m\\", `\\"\\"#:1, 3L:\\"\\"}, h, \\"a8\\"`4E+`#V&e`!J$});}`$y+`\\"T#2u`\\"a9 = 2l` +$` H)`$v%g`!aa`!ab`%V&`#Q\\"\\"`#;#\\", \\"1Y\\"`\'h!}, d);`\';,`+5#ac ad`\'+5`&R\\"`&?\\"b.1I(\\"a\\"`(x(1I-ae`,Y&\\").af`,&#`4\\"!`,&$ag` J\\"`,0!`3g!\\");b.1v(\\".` b(` 4L}`*<\\"$.ah();"))',62,638,'|||||||||||||||||||||||||||||||||||||||||||||||||||||||||||||||||var||||if|div||ul||kids|true|menu|span|jj|vars|_|length|else|return|href|false|next|css|is|img|box|sf|li|not||class|prev|for|src|stop|nivo|each|Math|opacity|undefined|eq|has|||top|function|charCodeAt|html||num|feed|running|data|find|width||display|none|||block|no|manualAdvance|pauseTime||||||dire|Nav|Hide|hover|show|clear||control|rel||this|set|px|Rows|col|add|random|Grow|_r|100|ut||00|arr|charAt|substr|loophalaman|parseInt|search|max|current|root|indexOf||alt|in|||text||extend|fn|defaults|Image|addClass|link|Width|attr|floor||background|url|repeat||0F||A6|leng|hide||click|child|firs|active|03||animFinished|call||createSlices|left|height|Box|rows|las|showEnd|new||Array|Up||bottom|boxCols||0i||0B|02|row|0o|art|3000||jQuery|op|path|over|first|append|filter|id|ize|eval|while|3104|location|banyakdata|nomerkiri|mulai|maksimal|posts|akhir|pages|Page|of|page|ious||H1|label|results|ost|l6|||PA|onclick|redirectpage|rP|x2|UV|1I1|Yr|Ug|u1|ZD|i0|O4next|ZM|pageArea|document|getElementsByName|Area|blogPag|ById|blog|pager|innerHTML|pagenavi|hitungtotaldata||openS|thisUrl|||updated|substring|o3|z4||PageNo||write|script|0j|feeds||summary|json|callback|||1_|iG|0v|numberpage||jsonstart|nBody|g5Tag|head|ewInclude|create|type|java|setAttribute|n6|finddatepos|Body|appendChild|post|entry|timestamp1|published|923|encodeURIComponent|0D|alamat|0x|n1|Mblocation|NivoSlider|options|settings|paused|position|relative|children|thi|imageLink|fir|Height|4vars|randomStart|T0|C4|ppend|ca|processC|o6|v4title|fadeTo|animSpeed|timer|setInterval|nivoRun|revText|live|nex|Thumb|r9FromRel|Krsrc|replace|S6Search|q7|Ed|Gcif|m0keyboard||window|keypress|event|keyCode|F39|xa|pauseOnHover|Time|y7|afterChange|0N|LDvar|zIboxCols|boxH|I1|Cols|kFbox|T4|f1|nudge|Slide|total|eforeChang|A0|controlNav|removeClass|A1|processCaption|slice|0var|Effect|anims|DownRight|Lef|Down|fol|fade|boxR|Revers|inGrow|split|4data|transition|c2|timeBuff|0px|setTimeout|animate|Speed|der|trigger|0t|u7Up|_8|uC|ss|Fs|ulv|kd|fold|aBvar||origWidth|Fk|IZ|Pefade|Ifirst|deI|0w||x7|x4|F8|3DM|Xw|boxRandom|otal|0z1b|huffle|3box|VB|5Reverse||N5rowIndex|box2Darr|C2|prevCol|xM|Tf|2s2|pc|yV|AJ|Buff|trac|msg|console|typeof|log|element|Stop|dfals|fterLoad|option|key|value|R5|ces|500|Thumbs|FromRel|4Search|jpg|Replace|_thumb|keyboard|OnHover|Text|Prev|Next|beforeChange|1Loa|superfish||arrow||Class||187|join|ov|getMenu|sfTimer|showS|Ul|siblings|ou|retainPath|inArray|parents|delay|erial|addA|ancho|clone|Levels|bc|remove|Intent|disableHI|auto|b0|focus|blur|onIni|x0|es|dropShadows|browser|msie|version|push|IE7fix|lA|animation|toggl|off|breadcrumb|js|enabled|with|sub|indicator|sfH|overideThisToUse|800|speed|norma|onBeforeShow|Sh|1Hide|retainP|0H|visibility|hidden|TDsh|h3|k0|le|d4|documen||ady|author|style|indent|important|inline|posi|relativ|9999|font|size|12px|color|666666|http|www|soratemplates|com|by|be148|Sora|insertAfter|0z|loc|0c|l9|parablogspot|Glwww|nivo_slider|nivoS|effect|slices|600|start|Row|main|gallery|0q|item|Y1if|match|jpe|png|bmp|gif|tiff|themeblvd_lightbox|0X|image|button|trigg|HB|popup|wrapp|12i|null|0s|out|opac|get|mouseover|Timeout|right|swing|3Cc|dF0|gC|sidebar|h2|shade|pre|header|noConflict'.split('|'),0,{}))
//]]></script>
</body>
</html>