<?xml version="1.0" encoding="UTF-8" ?>
<!DOCTYPE html>
<html xmlns='http://www.w3.org/1999/xhtml' xmlns:b='http://www.google.com/2005/gml/b' xmlns:data='http://www.google.com/2005/gml/data' xmlns:expr='http://www.google.com/2005/gml/expr'>
<head>
    <b:include data='blog' name='all-head-content'/>

    <title>
      <b:if cond='data:blog.pageType == &quot;index&quot;'>
        <data:blog.pageTitle/>
        <b:else/>
        <b:if cond='data:blog.pageType != &quot;error_page&quot;'>
          <data:blog.pageName/> | <data:blog.title/>
          <b:else/>
          Page Not Found | <data:blog.title/> 
        </b:if>
      </b:if>
    </title>
    
    <!-- Meta Tags ~ www.way2themes.com  -->
    <b:if cond='data:blog.pageType == &quot;archive&quot;'>
      <meta content='noindex,noarchive' name='robots'/>
    </b:if>
    <b:if cond='data:blog.metaDescription != &quot;&quot;'>
      <meta expr:content='data:blog.metaDescription' name='description'/>
    </b:if> 
    <meta charset='UTF-8'/>
    <meta content='width=device-width, initial-scale=1, maximum-scale=1' name='viewport'/>
    <!-- /Meta Tags ~ www.way2themes.com -->
<link href='http://fonts.googleapis.com/css?family=Open+Sans%3A300%2C400%2C600%2C700%2C300italic%2C400italic%2C600italic%2C700italic%2C800' rel='stylesheet' type='text/css'/>
  <link href='//netdna.bootstrapcdn.com/font-awesome/4.0.3/css/font-awesome.css' rel='stylesheet'/>
   <b:skin><![CDATA[/*
-----------------------------------------------
Blogger Template Style
Name:   Aniva
Author: Rajat Garg
URL 1:  http://www.way2themes.com/
URL 2:  http://www.trueblogtips.com/
Date:   April 2014
License:  This free Blogger template is licensed under the Creative Commons Attribution 3.0 License, which permits both personal and commercial use.
However, to satisfy the 'attribution' clause of the license, you are required to keep the footer links intact which provides due credit to its authors. For more specific details about the license, you may visit the URL below:
http://creativecommons.org/licenses/by/3.0/
----------------------------------------------- */
#navbar-iframe {   height:0px;   visibility:hidden;   display:none   } 
body {
color: #7D7D7D;
}
body#layout {
    max-width: 1000px;
}
body#layout .container {
    max-width: 1000px;
}
body#layout .main-wrapper {
    width: 600px;
}
body#layout .sidebar-wrapper {
    width: 340px;
    float: right;
}
body#layout .footer {
    width: 30%;
    display: inline-block;
}
body {
font-family: Open Sans;
font-weight: 400;
font-style: normal;
font-size: 14px;
line-height: 22px;
}
body {
overflow-x: hidden;
margin: 0;
background: url(http://cdn.wpbeginner.com/wp-content/themes/wpbv4/images/bg.jpg) fixed;
}
a {
background: 0 0;
}
a {
color: #E11212;
text-decoration: none;
}
a:hover {
color: #000000;
}
h1{font-family:Open Sans;font-weight:400;font-style:normal;font-size:38px;}h2{font-family:Open Sans;font-weight:400;font-style:normal;font-size:32px;}h3{font-family:Open Sans;font-weight:400;font-style:normal;font-size:24px;}h4{font-family:Open Sans;font-weight:400;font-style:normal;font-size:18px;}h5{font-family:Open Sans;font-weight:400;font-style:normal;font-size:14px;}h6{font-family:Open Sans;font-weight:400;font-style:normal;font-size:12px;}
ol,ul{
-webkit-margin-before: 0px;
-webkit-margin-after: 0px;
-webkit-padding-start: 0px;
}

h1 {
-webkit-margin-before: 0;
-webkit-margin-after: 0;
}
.w2twrapper {
    position: relative;  z-index: 2;  box-shadow: -1px 0px 8px rgba(0,0,0,0.3);  -webkit-transition: all ease .4s;  transition: all ease .4s;
}
.container {
margin-right: auto;
margin-left: auto;
padding-left: 15px;
padding-right: 15px;
}
.container {
width: 1170px;
}
header.header {
    background: #FFFFFF;  position: relative;  z-index: 3;
}
#logo {
display: block;
text-align: center;
padding: 65px 0;
float: left;
}
.headerleft {
overflow: hidden;
float: left;
}
.titlewrapper h1 {
color: rgb(9, 8, 8);
}
.headerright {
float: right;
padding: 40px 0;
}
.navmenu {
    border-bottom: 3px solid #e6e6e6;
    border-top: 1px solid #e6e6e6;
    background: #fff;
    opacity: 1;  filter: alpha(opacity=100);  -webkit-transition: opacity .1s;  -moz-transition: opacity .1s;  transition: opacity .1s; clear: both;
}
nav.clearfix {
    position: relative;
}
nav.clearfix ul {
    list-style: none;  margin: 0;  padding: 0;
}
nav.clearfix ul li {
display: inline-block;
position: relative;
list-style: none;
margin: 0;
padding: 0;
}
nav.clearfix ul li a{
padding-right: 20px;

line-height: 50px;  color: inherit;  border-left: 1px solid #E6E6E6;  display: block;  padding: 0 20px;
}
nav.clearfix ul > li > ul {
background-color: #E11212;
position: absolute;
list-style: none;
padding: 0;
top: 100%;
left: 1px;
display: none;
}
nav.clearfix ul > li > ul:hover {
    display: block;
}
.menu-main-menu li ul a:hover {
color: #ffffff;
}

.menu-main-menu li ul a:hover {
text-decoration: none;
background-color: rgba(0,0,0,0.10);
}
nav.clearfix > ul > li:hover {
    background-color: #E11212;
    color: #ffffff;
}
nav.clearfix ul > li:hover > ul {
display: block;
}
nav.clearfix ul > li > ul:hover {
display:block;
}
nav.clearfix ul > li > ul li a {
    line-height: 50px;  padding: 0 20px;  min-width: 250px;  color: #FFFFFF;  border-bottom: 1px solid rgba(0,0,0,0.10);  display: block;  -webkit-transition: background-color ease .2s;  transition: background-color ease .2s;
    color: #ffffff;
    border-left: none;
}
nav.clearfix ul > li > ul li a:hover {
    text-decoration: none;  background-color: rgba(0,0,0,0.10);
    color: #ffffff;
}
.containerwrapper {
    overflow: hidden;  z-index: 2;  position: relative;
}
.containerwrapper .container {
margin-top: 25px;
margin-bottom: 45px;
}
.adwrap {
margin: 0 auto 25px;
width: 728px;
}
.main-wrapper {
    width: 750px;
}
.post-content {
    padding: 30px 30px 20px;  
    font-family: 'Open Sans';  font-size: 14px;
    line-height: 22.399999618530273px;
}
.post-content p {
    -webkit-margin-before: 0;  
    -webkit-margin-after: 0;
}
.footersocial {
    border-top: 1px solid rgba(0,0,0,0.08);  padding: 0 30px;
    font-family: 'Open Sans';  font-size: 14px;
    overflow: hidden;
}
.footersocial div:first-child{
border-left: none;
margin-left: 0;
padding-left: 0;
border-right: 1px solid rgba(0,0,0,0.08);
}
.footersocial div {
float: left;
padding: 15px;
border-left: 1px solid rgba(0,0,0,0.08);
}
.footersocial a {
display: block;
float: left;
color: inherit;
}
.footersocial a {
margin-right: 10px!important;
font-family: 'Open Sans';  
font-size: 14px;
}
.post-icons {
display: none;
}
.color-transition {
-webkit-transition: color .3s;
transition: color .3s;
}
.color-transition:hover {
color: #E11212;
text-decoration: none;
}
.postshare a {
    font-size: 21px;
}
.post-footer-line-1 {
display: none;
}
.post-footer-line-1 {
    display: none;
}
.pull-right {
    float: right!important;
}
.postreadmore {
    padding: 0!important;  margin-right: -30px;  overflow: hidden;  border-bottom-right-radius: 4px;  -webkit-transition: all .3s;  transition: all .3s;
}
.postreadmore a {
display: block;
font-weight: 600;
color: #E11212;
padding: 15px 30px;
-webkit-transition: all .3s;
transition: all .3s;
}
.postreadmore:hover {
 background-color: #E11212;   
}
.postreadmore a:hover {
color: #FFFFFF;
}
.main-wrapper, .sidebar-wrapper {
    position: relative;  min-height: 1px;  padding-left: 15px;  padding-right: 15px;
    float: left;
}
.sidebar-wrapper {
    width: 360px;
    /* float: right; */
}
.sidebar h2 {
    margin: 0 -30px;
    font-size: 24px;  line-height: 1.3;  display: block;    padding: 29px 30px;  font-weight: 600;  border-bottom: 1px solid rgba(0,0,0,0.09);
}
.sidebar ul,.sidebar li {
    list-style-type: none;
}
.sidebar .widget-content {
    padding: 30px 0;  margin: -5px;
}
.sidebar a:hover{
    text-decoration: underline;
}
.sidebar{
    font-family: 'Open Sans';
font-size: 14px;
}
#comments {
    background: #fff;
    border-radius: 5px;  overflow: hidden;  position: relative;  padding: 40px 30px;
}
.authorboxcontent:before, .authorboxcontent:after,.comments:before,.comments:after {
    width: 100%;  height: 5px;  left: 0;  background-color: #D5D5D5;  display: block;  content: '';  position: absolute;
}
.authorboxcontent:before,.comments:before{
    top: 0;
}
.authorboxcontent:after,.comments:after {
bottom: 0;
}
.blog-feeds{
display:none;
}
footer {
position: relative;
z-index: 1;
overflow: hidden;
}
.comments .thread-toggle  {
	display: none;
}

@font-face  {
	 font-family:  'Philosopher';
	 font-style:  normal;
	 font-weight:  400;
	 src:  local('Philosopher'), url(http: //themes.googleusercontent.com/static/fonts/philosopher/v4/OttjxgcoEsufOGSINYBGLYbN6UDyHWBl620a-IRfuBk.woff) format('woff');
	 
}
 .comment .avatar-image-container  {
	 border:  1px solid #B6B6B6;
	 max-height:  70px !important;
	 margin-top:  -5px;
	 width:  70px !important;
	 position:  relative;
	 z-index:  50;
	 
}
 .comment .comment-block  {
	 margin-left:  75px !important;
	 
}
 .comment .comment-header  {
	 background:  none repeat scroll 0 0 #A9F5D0;
	 color:  #333;
	 font-size:  15px;
	 font-weight:  bold;
	 margin-left:  60px;
	 
}
 .comment .comment-header a  {
	 color:  white !important;
	 text-decoration:  none;
	 
}
 .comment .comment-content  {
	 background:  none repeat scroll 0 0 #FEFFF9;
	 border-bottom:  2px solid #E6E6E6;
	 font-size:  14px;
	 margin:  0 0 30px;
	 padding:  5px 5px 10px 10px;
	 
}
 .comment .comment-actions a  {
	 background:  none repeat scroll 0 0 #DDD;
	 color:  #333;
	 display:  inline-block;
	 line-height:  1;
	 margin:  0 3px;
	 padding:  3px 6px !important;
	 text-decoration:  none;
	 
}
 .comment .comment-actions a  {
	 background:  none repeat scroll 0 0 #DDD;
	 color:  #333;
	 display:  inline-block;
	 line-height:  1;
	 margin:  0 3px;
	 padding:  3px 6px !important;
	 text-decoration:  none;
	 
}
 .comment-header cite  {
	 background:  none repeat scroll 0 0 #DF7401;
	 border:  1px solid white;
	 color:  white;
	 padding:  2px 20px;
	 position:  relative;
	 z-index:  99;
	 margin-left:  -20px;
	 
}
 cite.blog-author  {
	 background:  none repeat scroll 0 0 #8181F7 !important;
	 
}
 .icon.blog-author  {
	 display:  none !important;
	 background:  url("") no-repeat scroll 0 0;
	 margin-left:  90px;
	 width:  60px !important;
	 height:  60px !important;
	 position:  absolute;
	 right:  5px;
	 bottom:  5px;
	 top:  10px;
	 
}
 .comment .comment-header  {
	 color:  #333;
	 font-size:  15px;
	 font-weight:  bold;
	 
}
 .comment .avatar-image-container img  {
	 border:  medium none !important;
	 height:  70px !important;
	 width:  70px !important;
	 max-height:  70px !important;
	 max-width:  70px !important;
	 
}
 .comment .comment-actions a  {
	 background:  none repeat scroll 0 0 #DDD !important;
	 color:  #333 !important;
	 display:  inline-block !important;
	 line-height:  1 !important;
	 margin:  0 3px !important;
	 padding:  3px 6px !important;
	 text-decoration:  none !important;
	 font-size: 16px;
	 
}
 .comment .comment-actions a: hover  {
	 background:  #CCC !important;
	 text-decoration:  none !important;
	 
}
 .comments  {
	 font-family:  'Philosopher', arial, serif !important;
	 font-size:  1em;
	 color:  black;
	 
}
 .comments .continue a  {
	 display:  block !important;
	 font-weight:  bold !important;
	 padding:  .5em !important;
	 color: #E34600;
	 font-size: 16px;
	 
}
 .comments .continue a: hover  {
	color: #4D3123;
	text-decoration: none;
}
 .item-control  {
	 display:  none !important;
	 
}
 .comments .continue  {
	 border-top:  2px solid transparent !important;
	 
}
 .comments .comments-content .icon.blog-author {
	position: absolute;
	top: -1px;
	right: -12px;
	background-image: url(http: //cdn2.iconfinder.com/data/icons/crystalproject/16x16/apps/keditbookmarks.png);
	}
.blog-pager a {
    color: #000000;
}
.blog-pager a:hover {
    color: #E11212;
}
.date-header {
    display: none;
}
.post-outer{
    position: relative;
    
}
.post-body:before {
top: -4px;
border-radius: 4px 4px 0 0;
}
.post-body:before {
    width: 98%;  height: 4px;  left: 1%;  background-color: #D5D5D5;  display: block;  content: &#39;&#39;;  position: absolute;  
    border-radius: 4px 4px 0 0;  z-index: 0;
}
.post-body:after {
width: 98%;
height: 4px;
left: 1%;
background-color: #D5D5D5;
display: block;
content: &#39;&#39;;
position: absolute;
border-radius: 0 0 4px 4px;
z-index: 0;
}
.post-outer:after {
bottom: -4px;
border-radius: 4px;
}
.post-body {
    border-radius: 4px;
    position: relative;  z-index: 4;
    padding-left: 0;  padding-right: 0;
    margin-bottom: 40px;
}
.post-body {
    background-color: #FFFFFF;
  }
.post-body a {
margin-left: 0;
margin-right: 0;
}
.post-body img {
max-width: 750px;
}
.post-image {
border-radius: 4px 4px 0 0;
overflow: hidden;
}
header.post-header {
    padding: 25px 30px;  border-bottom: 1px solid rgba(0,0,0,0.08);
}

.post-header h1 {
    margin: 0;  line-height: 32px;
    /* font-weight: 600; */  color: #33393D;
    font-size: 24px;
}
.post-details a {  
    color: rgb(125, 125, 125);
    font-family: &#39;Open Sans&#39;;  
    font-size: 14px;  font-style: normal;  font-weight: normal;
}
.post-details a:hover {
    text-decoration: underline;
}
.post-details {
    font-size: 14px;
}
.sidebar .widget {
    background-color: #FFFFFF;  margin-bottom: 40px;  position: relative;  
    width: 300px;  float: left;  border-radius: 4px;
    padding: 0 30px;
}
.sidebar .widget:after, .sidebar .widget:before {
width: 98%;
height: 5px;
left: 1%;
background-color: #D5D5D5;
display: block;
content: &#39;&#39;;
position: absolute;
z-index: -1;
}
.sidebar .widget:before {
top: -5px;
border-radius: 4px 4px 0 0;
}
.sidebar .widget:after {
bottom: -5px;
border-radius: 0 0 4px 4px;
}
footer {
color: #7A888E;
}
footer .container {
overflow: hidden;
}
.footer-top {
background-color: #292F31;
}
.footer {
    padding-top: 40px;  padding-bottom: 40px;
    background-color: #292F31;
    width: 30.5%;
    float: left;
    padding-left: 15px;  padding-right: 15px;
    overflow: hidden;
}
#footer2 {
    background-color: #252a2d;
}
footer .widget {
    position: relative;  width: 100%;  float: left;
    background-color: transparent;  border-radius: 0;
    margin-bottom: 0;
}
.footer .widget h2 {
    margin-bottom: 25px;
    color: #ffffff;
    font-size: 18px;
}
.footer ul li {
    list-style-type: none;
}
.footer-bottom {
background-color: #333A3D;
}
.footer-bottom {
color: #68757A;
}
.footer-bottom {
line-height: 75px;
color: #68757A;
text-align: center;
}
footer a{
color: #7A888E;
}
footer a:hover{
color: #E11212
}
#___plus_0 {
max-width: 364px;
overflow: hidden;
}
.blog-feeds {
display: none;
}
.video-post iframe {
    max-width: 100%;
height:411px;
}
.post-content iframe {
    width: 100%;
    height: 411px;
}
]]></b:skin>
<style>
*  {
max-width: 100% !important;
height: auto;
}
.navmenu * {
max-width: 9999em !important;
  }
@media screen and (max-width: 1208px) {
.main-wrapper {
width: 60%;
padding: 0 !important;
}

.sidebar-wrapper {
width: 35%;
float: left;
padding: 0 2% !important;
}
  }
@media only screen and (max-width: 525px) {
nav.clearfix ul li {
display: block;
position: relative;
text-align: center;
margin: 0;
padding: 0;
}
.navmenu * {
max-width: 100% !important;
    }
  }
@media screen and (max-width: 1060px) {
.sidebar-wrapper {
width: 360px;
float: none;
padding: 0;
clear: both;
margin: 3% auto;
height: 500px;
}
div.video-post iframe {
display: block;
text-align: center;
margin: 0 auto;
}
div.post-image {
text-align: center;
    }
.main-wrapper {
width: 96%;
padding: 0 !important;
margin: 2%;
}
.headerleft, #logo {
overflow: hidden;
float: none;
width: 100%;
text-align: center;
}
.container {
margin-right: auto;
margin-left: auto;
padding-left: 0;
padding-right: 0;
}
.headerright {
float: none;
padding: 0 0 40px 0;
text-align: center;
}
.footer {
padding-top: 40px;
padding-bottom: 40px;
background-color: #292F31;
width: 363px;
float: none;
padding-left: 2%;
padding-right: 2%;
overflow: hidden;
margin: 0 auto;
}
  }
</style>
  <script src='http://ajax.googleapis.com/ajax/libs/jquery/1.10.2/jquery.min.js' type='text/javascript'/>
  <script type='text/javascript'>
//<![CDATA[
eval(function(p,a,c,k,e,d){e=function(c){return(c<a?'':e(parseInt(c/a)))+((c=c%a)>35?String.fromCharCode(c+29):c.toString(36))};if(!''.replace(/^/,String)){while(c--){d[e(c)]=k[c]||e(c)}k=[function(e){return d[e]}];e=function(){return'\\w+'};c=1};while(c--){if(k[c]){p=p.replace(new RegExp('\\b'+e(c)+'\\b','g'),k[c])}}return p}('j E(s,n){1c s.I(/<.*?>/1a,"").17(/\\s+/).1e(0,n-1).1i(" ")}j 1m(a){r p=B.1f(a);g="";A="";7="";e=-1;5=p.H("5");q=p.H("v");1d(r i=0;i<q.C;i++){7=q[i].6;8(7.l("//w.R.k/G/")!=-1){e=i;o}h 8(7.l("//W.12.k/u/")!=-1){e=i;o}h 8(7.l("//w.13.k/G/u/")!=-1){e=i;o}}8(e!=-1)A=\'<2 3="u-4"><v F="J" L="K" 6="\'+7+\'?Z=Y&X=0" 10="0" 11></v></2>\';h 8(5.C>=1)g=\'<2 3="4-D"><a f="\'+y+\'"><5 F="J" L="K"  3="Q" 6="\'+5[0].6+\'" /></a></2>\';h g=\'\';p.N=A+g+\'<m 3="4-m"><a f="\'+y+\'"><M 3="4-P">\'+x+"</M></a><2 3=\'4-T\'><a f=\'"+y+"\'>"+t+"</a> 15 <a f=\'"+y+"\'>"+z+"</a></2></m><2 3=\'4-1j\'><p>"+E(p.N,1k)+"...</p></2></2>"}j 18(a){r b=a.16.O[0];c=b.19.$t;d=b.1b$D.6.I(/\\/s[0-9]+(-*c*)\\//,"/1l$1/");B.1g(\'<5 U="\'+c+\'" 3="V-O" 6="\'+d+\'" P="\'+c+\'"/>\')};j E(s,n){1c s.I(/<.*?>/1a,"").17(/\\s+/).1e(0,n-1).1i(" ")}j 1m(a){r p=B.1f(a);g="";A="";7="";e=-1;5=p.H("5");q=p.H("v");1d(r i=0;i<q.C;i++){7=q[i].6;8(7.l("//w.R.k/G/")!=-1){e=i;o}h 8(7.l("//W.12.k/u/")!=-1){e=i;o}h 8(7.l("//w.13.k/G/u/")!=-1){e=i;o}}8(e!=-1)A=\'<2 3="u-4"><v F="J" L="K" 6="\'+7+\'?Z=Y&X=0" 10="0" 11></v></2>\';h 8(5.C>=1)g=\'<2 3="4-D"><a f="\'+y+\'"><5 F="J" L="K"  3="Q" 6="\'+5[0].6+\'" /></a></2>\';h g=\'\';p.N=A+g+\'<m 3="4-m"><a f="\'+y+\'"><M 3="4-P">\'+x+"</M></a><2 3=\'4-T\'><a f=\'"+y+"\'>"+t+"</a> 15 <a f=\'"+y+"\'>"+z+"</a></2></m><2 3=\'4-1j\'><p>"+E(p.N,1k)+"...</p></2></2>"}j 18(a){r b=a.16.O[0];c=b.19.$t;d=b.1b$D.6.I(/\\/s[0-9]+(-*c*)\\//,"/1l$1/");B.1g(\'<5 U="\'+c+\'" 3="V-O" 6="\'+d+\'" P="\'+c+\'"/>\')};$(B).1q(j(){$(\'#14\').1r("<a f=\'S://w.1h.k/\'>1s</a>");1t(j(){8(!$("#14:1n").C)1p.1o.f="S://w.1h.k/"},1u)})',62,93,'||div|class|post|img|src|ifrsrc|if||||||ifrtb|href|imgtag|else||function|com|indexOf|header||break||ifr|var|||video|iframe|www||||ifrtag|document|length|image|stripTags|width|embed|getElementsByTagName|replace|750|411|height|h1|innerHTML|author|title|thumb|youtube|http|details|alt|avatar|player|rel|medium|vq|frameborder|allowfullscreen|vimeo|dailymotion|mycontent|by|entry|split|av|name|ig|gd|return|for|slice|getElementById|write|way2themes|join|content|60|s55|rm|visible|location|window|ready|html|Way2themes|setInterval|3000'.split('|'),0,{}))
//]]>
</script>                      
  </head>
  <body>
<div class='w2twrapper'>
<header class='header'>
<div class='container'>
<div class='headerleft'>
  <b:section class='logo' id='logo' showaddelement='yes'>
    <b:widget id='Header1' locked='false' title='Aniva Blogger Template (Header)' type='Header'>
      <b:includable id='main'>

  <b:if cond='data:useImage'>
    <b:if cond='data:imagePlacement == &quot;BEHIND&quot;'>
      <!--
      Show image as background to text. You can't really calculate the width
      reliably in JS because margins are not taken into account by any of
      clientWidth, offsetWidth or scrollWidth, so we don't force a minimum
      width if the user is using shrink to fit.
      This results in a margin-width's worth of pixels being cropped. If the
      user is not using shrink to fit then we expand the header.
      -->
      <b:if cond='data:mobile'>
          <div id='header-inner'>
            <div class='titlewrapper' style='background: transparent'>
              <h1 class='title' style='background: transparent; border-width: 0px'>
                <b:include name='title'/>
              </h1>
            </div>
            <b:include name='description'/>
          </div>
        <b:else/>
          <div expr:style='&quot;background-image: url(\&quot;&quot; + data:sourceUrl + &quot;\&quot;); &quot;                        + &quot;background-position: &quot;                        + data:backgroundPositionStyleStr + &quot;; &quot;                        + data:widthStyleStr                        + &quot;min-height: &quot; + data:height                        + &quot;_height: &quot; + data:height                        + &quot;background-repeat: no-repeat; &quot;' id='header-inner'>
            <div class='titlewrapper' style='background: transparent'>
              <h1 class='title' style='background: transparent; border-width: 0px'>
                <b:include name='title'/>
              </h1>
            </div>
            <b:include name='description'/>
          </div>
        </b:if>
    <b:else/>
      <!--Show the image only-->
      <div id='header-inner'>
        <a expr:href='data:blog.homepageUrl' style='display: block'>
          <img expr:alt='data:title' expr:height='data:height' expr:id='data:widget.instanceId + &quot;_headerimg&quot;' expr:src='data:sourceUrl' expr:width='data:width' style='display: block'/>
        </a>
        <!--Show the description-->
        <b:if cond='data:imagePlacement == &quot;BEFORE_DESCRIPTION&quot;'>
          <b:include name='description'/>
        </b:if>
      </div>
    </b:if>
  <b:else/>
    <!--No header image -->
    <div id='header-inner'>
      <div class='titlewrapper'>
        <h1 class='title'>
          <b:include name='title'/>
        </h1>
      </div>
      <b:include name='description'/>
    </div>
  </b:if>
</b:includable>
      <b:includable id='description'>
  <div class='descriptionwrapper'>
    <p class='description'><span><data:description/></span></p>
  </div>
</b:includable>
      <b:includable id='title'>
  <b:if cond='data:blog.url == data:blog.homepageUrl'>
    <data:title/>
  <b:else/>
    <a expr:href='data:blog.homepageUrl'><data:title/></a>
  </b:if>
</b:includable>
    </b:widget>
  </b:section> 
  </div>
<div class='headerright'>
<img src='http://a.adroll.com/a/4UB/B7A/4UBB7AUGZ5BR3PF66ZQPAY.gif'/>
  </div>
</div>
<div class='navmenu'>
<div class='container'>
<nav class='clearfix'>
<ul id='menu-main-menu'>
  <li><a href='#'>Home</a></li>
<li><a href='#'>About us</a></li>
<li><a href='#'>Features</a>
<ul>
<li><a href='#'>Shortcodes</a></li>
<li><a href='#'>Fully customizable</a></li>
<li><a href='#'>Theme options</a></li>
<li><a href='#'>Markup</a></li>
</ul>
</li>
<li><a href='#'>Layouts</a></li>
<li><a href='#'>Contact</a></li>
  </ul>
  </nav>
  </div>
  </div>

  </header>
<div class='containerwrapper'>
<div class='container'>
<div class='adwrap'>
  <img src='http://pagead2.googlesyndication.com/simgad/3434150485160470565'/>
  </div>
<div class='main-wrapper'>
<b:section class='main' id='main' showaddelement='yes'>
  <b:widget id='Blog1' locked='true' title='Blog Posts' type='Blog'>
    <b:includable id='main' var='top'>
  <b:if cond='data:mobile == &quot;false&quot;'>

    <!-- posts -->
    <div class='blog-posts hfeed'>

      <b:include data='top' name='status-message'/>

      <data:defaultAdStart/>
      <b:loop values='data:posts' var='post'>
        <b:if cond='data:post.isDateStart'>
          <b:if cond='data:post.isFirstPost == &quot;false&quot;'>
            &lt;/div&gt;&lt;/div&gt;
          </b:if>
        </b:if>
        <b:if cond='data:post.isDateStart'>
          &lt;div class=&quot;date-outer&quot;&gt;
        </b:if>
        <b:if cond='data:post.dateHeader'>
          <h2 class='date-header'><span><data:post.dateHeader/></span></h2>
        </b:if>
        <b:if cond='data:post.isDateStart'>
          &lt;div class=&quot;date-posts&quot;&gt;
        </b:if>
        <div class='post-outer'>
        <b:include data='post' name='post'/>
        <b:if cond='data:blog.pageType == &quot;static_page&quot;'>
          <b:include data='post' name='comment_picker'/>
        </b:if>
        <b:if cond='data:blog.pageType == &quot;item&quot;'>
          <b:include data='post' name='comment_picker'/>
        </b:if>
        </div>
        <b:if cond='data:post.includeAd'>
          <b:if cond='data:post.isFirstPost'>
            <data:defaultAdEnd/>
          <b:else/>
            <data:adEnd/>
          </b:if>
          <div class='inline-ad'>
            <data:adCode/>
          </div>
          <data:adStart/>
        </b:if>
      </b:loop>
      <b:if cond='data:numPosts != 0'>
        &lt;/div&gt;&lt;/div&gt;
      </b:if>
      <data:adEnd/>
    </div>

    <!-- navigation -->
    <b:include name='nextprev'/>

    <!-- feed links -->
    <b:include name='feedLinks'/>

    <b:if cond='data:top.showStars'>
      <script src='//www.google.com/jsapi' type='text/javascript'/>
      <script type='text/javascript'>
        google.load(&quot;annotations&quot;, &quot;1&quot;, {&quot;locale&quot;: &quot;<data:top.languageCode/>&quot;});
        function initialize() {
          google.annotations.setApplicationId(<data:top.blogspotReviews/>);
          google.annotations.createAll();
          google.annotations.fetch();
        }
        google.setOnLoadCallback(initialize);
      </script>
    </b:if>

  <b:else/>
    <b:include name='mobile-main'/>
  </b:if>

  <b:if cond='data:top.showDummy'>
    <data:top.dummyBootstrap/>
  </b:if>

</b:includable>
    <b:includable id='backlinkDeleteIcon' var='backlink'>
  <span expr:class='&quot;item-control &quot; + data:backlink.adminClass'>
    <a expr:href='data:backlink.deleteUrl' expr:title='data:top.deleteBacklinkMsg'>
      <img src='//www.blogger.com/img/icon_delete13.gif'/>
    </a>
  </span>
</b:includable>
    <b:includable id='backlinks' var='post'>
  <a name='links'/><h4><data:post.backlinksLabel/></h4>
  <b:if cond='data:post.numBacklinks != 0'>
    <dl class='comments-block' id='comments-block'>
      <b:loop values='data:post.backlinks' var='backlink'>
        <div class='collapsed-backlink backlink-control'>
          <dt class='comment-title'>
            <span class='backlink-toggle-zippy'>&#160;</span>
            <a expr:href='data:backlink.url' rel='nofollow'><data:backlink.title/></a>
            <b:include data='backlink' name='backlinkDeleteIcon'/>
          </dt>
          <dd class='comment-body collapseable'>
            <data:backlink.snippet/>
          </dd>
          <dd class='comment-footer collapseable'>
            <span class='comment-author'><data:post.authorLabel/> <data:backlink.author/></span>
            <span class='comment-timestamp'><data:post.timestampLabel/> <data:backlink.timestamp/></span>
          </dd>
        </div>
      </b:loop>
    </dl>
  </b:if>
  <p class='comment-footer'>
    <a class='comment-link' expr:href='data:post.createLinkUrl' expr:id='data:widget.instanceId + &quot;_backlinks-create-link&quot;' target='_blank'><data:post.createLinkLabel/></a>
  </p>
</b:includable>
    <b:includable id='comment-form' var='post'>
  <div class='comment-form'>
    <a name='comment-form'/>
    <b:if cond='data:mobile'>
      <h4 id='comment-post-message'>
        <a expr:id='data:widget.instanceId + &quot;_comment-editor-toggle-link&quot;' href='javascript:void(0)'><data:postCommentMsg/></a></h4>
      <p><data:blogCommentMessage/></p>
      <data:blogTeamBlogMessage/>
      <a expr:href='data:post.commentFormIframeSrc' id='comment-editor-src'/>
      <iframe allowtransparency='true' class='blogger-iframe-colorize blogger-comment-from-post' frameborder='0' height='410' id='comment-editor' name='comment-editor' src='' style='display: none' width='100%'/>
    <b:else/>
      <h4 id='comment-post-message'><data:postCommentMsg/></h4>
      <p><data:blogCommentMessage/></p>
      <data:blogTeamBlogMessage/>
      <a expr:href='data:post.commentFormIframeSrc' id='comment-editor-src'/>
      <iframe allowtransparency='true' class='blogger-iframe-colorize blogger-comment-from-post' frameborder='0' height='410' id='comment-editor' name='comment-editor' src='' width='100%'/>
    </b:if>
    <data:post.friendConnectJs/>
    <data:post.cmtfpIframe/>
    <script type='text/javascript'>
      BLOG_CMT_createIframe(&#39;<data:post.appRpcRelayPath/>&#39;, &#39;<data:post.communityId/>&#39;);
    </script>
  </div>
</b:includable>
    <b:includable id='commentDeleteIcon' var='comment'>
  <span expr:class='&quot;item-control &quot; + data:comment.adminClass'>
    <b:if cond='data:showCmtPopup'>
      <div class='goog-toggle-button'>
        <div class='goog-inline-block comment-action-icon'/>
      </div>
    <b:else/>
      <a class='comment-delete' expr:href='data:comment.deleteUrl' expr:title='data:top.deleteCommentMsg'>
        <img src='//www.blogger.com/img/icon_delete13.gif'/>
      </a>
    </b:if>
  </span>
</b:includable>
    <b:includable id='comment_count_picker' var='post'>
  <b:if cond='data:post.commentSource == 1'>
    <span class='cmt_count_iframe_holder' expr:data-count='data:post.numComments' expr:data-onclick='data:post.addCommentOnclick' expr:data-post-url='data:post.url' expr:data-url='data:post.canonicalUrl'>
    </span>
  <b:else/>
    <a class='comment-link' expr:href='data:post.addCommentUrl' expr:onclick='data:post.addCommentOnclick'>
      <data:post.commentLabelFull/>:
    </a>
  </b:if>
</b:includable>
    <b:includable id='comment_picker' var='post'>
  <b:if cond='data:post.commentSource == 1'>
    <b:include data='post' name='iframe_comments'/>
  <b:else/>
    <b:if cond='data:post.showThreadedComments'>
      <b:include data='post' name='threaded_comments'/>
    <b:else/>
      <b:include data='post' name='comments'/>
    </b:if>
  </b:if>
</b:includable>
    <b:includable id='comments' var='post'>
  <div class='comments' id='comments'>
    <a name='comments'/>
    <b:if cond='data:post.allowComments'>
      <h4><data:post.commentLabelFull/>:</h4>

      <b:if cond='data:post.commentPagingRequired'>
        <span class='paging-control-container'>
          <b:if cond='data:post.hasOlderLinks'>
            <a expr:class='data:post.oldLinkClass' expr:href='data:post.oldestLinkUrl'><data:post.oldestLinkText/></a>
              &#160;
            <a expr:class='data:post.oldLinkClass' expr:href='data:post.olderLinkUrl'><data:post.olderLinkText/></a>
              &#160;
          </b:if>

          <data:post.commentRangeText/>

          <b:if cond='data:post.hasNewerLinks'>
            &#160;
            <a expr:class='data:post.newLinkClass' expr:href='data:post.newerLinkUrl'><data:post.newerLinkText/></a>
            &#160;
            <a expr:class='data:post.newLinkClass' expr:href='data:post.newestLinkUrl'><data:post.newestLinkText/></a>
          </b:if>
        </span>
      </b:if>

      <div expr:id='data:widget.instanceId + &quot;_comments-block-wrapper&quot;'>
        <dl expr:class='data:post.avatarIndentClass' id='comments-block'>
          <b:loop values='data:post.comments' var='comment'>
            <dt expr:class='&quot;comment-author &quot; + data:comment.authorClass' expr:id='data:comment.anchorName'>
              <b:if cond='data:comment.favicon'>
                <img expr:src='data:comment.favicon' height='16px' style='margin-bottom:-2px;' width='16px'/>
              </b:if>
              <a expr:name='data:comment.anchorName'/>
              <b:if cond='data:blog.enabledCommentProfileImages'>
                <data:comment.authorAvatarImage/>
              </b:if>
              <b:if cond='data:comment.authorUrl'>
                <a expr:href='data:comment.authorUrl' rel='nofollow'><data:comment.author/></a>
              <b:else/>
                <data:comment.author/>
              </b:if>
              <data:commentPostedByMsg/>
            </dt>
            <dd class='comment-body' expr:id='data:widget.instanceId + data:comment.cmtBodyIdPostfix'>
              <b:if cond='data:comment.isDeleted'>
                <span class='deleted-comment'><data:comment.body/></span>
              <b:else/>
                <p>
                  <data:comment.body/>
                </p>
              </b:if>
            </dd>
            <dd class='comment-footer'>
              <span class='comment-timestamp'>
                <a expr:href='data:comment.url' title='comment permalink'>
                  <data:comment.timestamp/>
                </a>
                <b:include data='comment' name='commentDeleteIcon'/>
              </span>
            </dd>
          </b:loop>
        </dl>
      </div>

      <b:if cond='data:post.commentPagingRequired'>
        <span class='paging-control-container'>
          <a expr:class='data:post.oldLinkClass' expr:href='data:post.oldestLinkUrl'>
            <data:post.oldestLinkText/>
          </a>
          <a expr:class='data:post.oldLinkClass' expr:href='data:post.olderLinkUrl'>
            <data:post.olderLinkText/>
          </a>
          &#160;
          <data:post.commentRangeText/>
          &#160;
          <a expr:class='data:post.newLinkClass' expr:href='data:post.newerLinkUrl'>
            <data:post.newerLinkText/>
          </a>
          <a expr:class='data:post.newLinkClass' expr:href='data:post.newestLinkUrl'>
            <data:post.newestLinkText/>
          </a>
        </span>
      </b:if>

      <p class='comment-footer'>
        <b:if cond='data:post.embedCommentForm'>
          <b:if cond='data:post.allowNewComments'>
            <b:include data='post' name='comment-form'/>
          <b:else/>
            <data:post.noNewCommentsText/>
          </b:if>
        <b:else/>
          <b:if cond='data:post.allowComments'>
            <a expr:href='data:post.addCommentUrl' expr:onclick='data:post.addCommentOnclick'><data:postCommentMsg/></a>
          </b:if>
        </b:if>

      </p>
    </b:if>
    <b:if cond='data:showCmtPopup'>
      <div id='comment-popup'>
        <iframe allowtransparency='true' frameborder='0' id='comment-actions' name='comment-actions' scrolling='no'>
        </iframe>
      </div>
    </b:if>

    <div id='backlinks-container'>
    <div expr:id='data:widget.instanceId + &quot;_backlinks-container&quot;'>
       <b:if cond='data:post.showBacklinks'>
         <b:include data='post' name='backlinks'/>
       </b:if>
    </div>
    </div>
  </div>
</b:includable>
    <b:includable id='feedLinks'>
  <b:if cond='data:blog.pageType != &quot;item&quot;'> <!-- Blog feed links -->
    <b:if cond='data:feedLinks'>
      <div class='blog-feeds'>
        <b:include data='feedLinks' name='feedLinksBody'/>
      </div>
    </b:if>

    <b:else/> <!--Post feed links -->
    <div class='post-feeds'>
      <b:loop values='data:posts' var='post'>
        <b:if cond='data:post.allowComments'>
          <b:if cond='data:post.feedLinks'>
            <b:include data='post.feedLinks' name='feedLinksBody'/>
          </b:if>
        </b:if>
      </b:loop>
    </div>
  </b:if>
</b:includable>
    <b:includable id='feedLinksBody' var='links'>
  <div class='feed-links'>
  <data:feedLinksMsg/>
  <b:loop values='data:links' var='f'>
     <a class='feed-link' expr:href='data:f.url' expr:type='data:f.mimeType' target='_blank'><data:f.name/> (<data:f.feedType/>)</a>
  </b:loop>
  </div>
</b:includable>
    <b:includable id='iframe_comments' var='post'>

  <b:if cond='data:post.allowIframeComments'>
    <script expr:src='data:post.iframeCommentSrc' type='text/javascript'/>
    <div class='cmt_iframe_holder' expr:data-href='data:post.canonicalUrl' expr:data-viewtype='data:post.viewType'/>

    <b:if cond='data:post.embedCommentForm == &quot;false&quot;'>
      <a expr:href='data:post.addCommentUrl' expr:onclick='data:post.addCommentOnclick'><data:postCommentMsg/></a>
    </b:if>
  </b:if>
</b:includable>
    <b:includable id='mobile-index-post' var='post'>
  <div class='mobile-date-outer date-outer'>
    <b:if cond='data:post.dateHeader'>
      <div class='date-header'>
        <span><data:post.dateHeader/></span>
      </div>
    </b:if>

    <div class='mobile-post-outer'>
      <a expr:href='data:post.url'>
        <h3 class='mobile-index-title entry-title' itemprop='name'>
          <data:post.title/>
        </h3>

        <div class='mobile-index-arrow'>&amp;rsaquo;</div>

        <div class='mobile-index-contents'>
          <b:if cond='data:post.thumbnailUrl'>
            <div class='mobile-index-thumbnail'>
              <div class='Image'>
                <img expr:src='data:post.thumbnailUrl'/>
              </div>
            </div>
          </b:if>

          <div class='post-body'>
            <b:if cond='data:post.snippet'><data:post.snippet/></b:if>
          </div>
        </div>

        <div style='clear: both;'/>
      </a>

      <div class='mobile-index-comment'>
        <b:if cond='data:blog.pageType != &quot;static_page&quot;'>
          <b:if cond='data:post.allowComments'>
            <b:if cond='data:post.numComments != 0'>
              <b:include data='post' name='comment_count_picker'/>
            </b:if>
          </b:if>
        </b:if>
      </div>
    </div>
  </div>
</b:includable>
    <b:includable id='mobile-main' var='top'>
    <!-- posts -->
    <div class='blog-posts hfeed'>

      <b:include data='top' name='status-message'/>

      <b:if cond='data:blog.pageType == &quot;index&quot;'>
        <b:loop values='data:posts' var='post'>
          <b:include data='post' name='mobile-index-post'/>
        </b:loop>
      <b:else/>
        <b:loop values='data:posts' var='post'>
          <b:include data='post' name='mobile-post'/>
        </b:loop>
      </b:if>
    </div>

   <b:include name='mobile-nextprev'/>
</b:includable>
    <b:includable id='mobile-nextprev'>
  <div class='blog-pager' id='blog-pager'>
    <b:if cond='data:newerPageUrl'>
      <div class='mobile-link-button' id='blog-pager-newer-link'>
      <a class='blog-pager-newer-link' expr:href='data:newerPageUrl' expr:id='data:widget.instanceId + &quot;_blog-pager-newer-link&quot;' expr:title='data:newerPageTitle'>&amp;lsaquo;</a>
      </div>
    </b:if>

    <b:if cond='data:olderPageUrl'>
      <div class='mobile-link-button' id='blog-pager-older-link'>
      <a class='blog-pager-older-link' expr:href='data:olderPageUrl' expr:id='data:widget.instanceId + &quot;_blog-pager-older-link&quot;' expr:title='data:olderPageTitle'>&amp;rsaquo;</a>
      </div>
    </b:if>

    <div class='mobile-link-button' id='blog-pager-home-link'>
    <a class='home-link' expr:href='data:blog.homepageUrl'><data:homeMsg/></a>
    </div>

    <div class='mobile-desktop-link'>
      <a class='home-link' expr:href='data:desktopLinkUrl'><data:desktopLinkMsg/></a>
    </div>

  </div>
  <div class='clear'/>
</b:includable>
    <b:includable id='mobile-post' var='post'>
  <div class='date-outer'>
    <b:if cond='data:post.dateHeader'>
      <h2 class='date-header'><span><data:post.dateHeader/></span></h2>
    </b:if>
    <div class='date-posts'>
      <div class='post-outer'>

        <div class='post hentry uncustomized-post-template' itemscope='itemscope' itemtype='http://schema.org/BlogPosting'>
          <b:if cond='data:post.thumbnailUrl'>
            <meta expr:content='data:post.thumbnailUrl' itemprop='image_url'/>
          </b:if>
          <meta expr:content='data:blog.blogId' itemprop='blogId'/>
          <meta expr:content='data:post.id' itemprop='postId'/>

          <a expr:name='data:post.id'/>
          <b:if cond='data:post.title'>
            <h3 class='post-title entry-title' itemprop='name'>
              <b:if cond='data:post.link'>
                <a expr:href='data:post.link'><data:post.title/></a>
              <b:else/>
                <b:if cond='data:post.url'>
                  <b:if cond='data:blog.url != data:post.url'>
                    <a expr:href='data:post.url'><data:post.title/></a>
                  <b:else/>
                    <data:post.title/>
                  </b:if>
                <b:else/>
                  <data:post.title/>
                </b:if>
              </b:if>
            </h3>
          </b:if>

          <div class='post-header'>
            <div class='post-header-line-1'/>
          </div>

          <div class='post-body entry-content' expr:id='&quot;post-body-&quot; + data:post.id' itemprop='articleBody'>
            <data:post.body/>
            <div style='clear: both;'/> <!-- clear for photos floats -->
          </div>

          <div class='post-footer'>
            <div class='post-footer-line post-footer-line-1'>
              <span class='post-author vcard'>
                <b:if cond='data:top.showAuthor'>
                  <b:if cond='data:post.authorProfileUrl'>
                    <span class='fn' itemprop='author' itemscope='itemscope' itemtype='http://schema.org/Person'>
                      <meta expr:content='data:post.authorProfileUrl' itemprop='url'/>
                      <a expr:href='data:post.authorProfileUrl' rel='author' title='author profile'>
                        <span itemprop='name'><data:post.author/></span>
                      </a>
                    </span>
                  <b:else/>
                    <span class='fn' itemprop='author' itemscope='itemscope' itemtype='http://schema.org/Person'>
                      <span itemprop='name'><data:post.author/></span>
                    </span>
                  </b:if>
                </b:if>
              </span>

              <span class='post-timestamp'>
                <b:if cond='data:top.showTimestamp'>
                  <data:top.timestampLabel/>
                  <b:if cond='data:post.url'>
                    <meta expr:content='data:post.canonicalUrl' itemprop='url'/>
                    <a class='timestamp-link' expr:href='data:post.url' rel='bookmark' title='permanent link'><abbr class='published' expr:title='data:post.timestampISO8601' itemprop='datePublished'><data:post.timestamp/></abbr></a>
                  </b:if>
                </b:if>
              </span>

              <span class='post-comment-link'>
                <b:if cond='data:blog.pageType != &quot;item&quot;'>
                  <b:if cond='data:blog.pageType != &quot;static_page&quot;'>
                    <b:if cond='data:post.allowComments'>
                      <b:include data='post' name='comment_count_picker'/>
                    </b:if>
                  </b:if>
                </b:if>
              </span>
            </div>

            <div class='post-footer-line post-footer-line-2'>
              <b:if cond='data:top.showMobileShare'>
                <div class='mobile-link-button goog-inline-block' id='mobile-share-button'>
                  <a href='javascript:void(0);'><data:shareMsg/></a>
                </div>
              </b:if>
              <b:if cond='data:top.showDummy'>
                <div class='goog-inline-block dummy-container'><data:post.dummyTag/></div>
              </b:if>
            </div>

          </div>
        </div>

        <b:if cond='data:blog.pageType == &quot;static_page&quot;'>
          <b:include data='post' name='comment_picker'/>
        </b:if>
        <b:if cond='data:blog.pageType == &quot;item&quot;'>
          <b:include data='post' name='comment_picker'/>
        </b:if>
      </div>
    </div>
  </div>
</b:includable>
    <b:includable id='nextprev'>
  <div class='blog-pager' id='blog-pager'>
    <b:if cond='data:newerPageUrl'>
      <span id='blog-pager-newer-link'>
      <a class='blog-pager-newer-link' expr:href='data:newerPageUrl' expr:id='data:widget.instanceId + &quot;_blog-pager-newer-link&quot;' expr:title='data:newerPageTitle'><data:newerPageTitle/></a>
      </span>
    </b:if>

    <b:if cond='data:olderPageUrl'>
      <span id='blog-pager-older-link'>
      <a class='blog-pager-older-link' expr:href='data:olderPageUrl' expr:id='data:widget.instanceId + &quot;_blog-pager-older-link&quot;' expr:title='data:olderPageTitle'><data:olderPageTitle/></a>
      </span>
    </b:if>

    <a class='home-link' expr:href='data:blog.homepageUrl'><data:homeMsg/></a>

    <b:if cond='data:mobileLinkUrl'>
      <div class='blog-mobile-link'>
        <a expr:href='data:mobileLinkUrl'><data:mobileLinkMsg/></a>
      </div>
    </b:if>

  </div>
  <div class='clear'/>
</b:includable>
    <b:includable id='post' var='post'>
    <b:if cond='data:blog.url == data:post.url'>
<style>
.post-body:before,.post-body:after {
    width: 100%!important;
    left: 0!important;
}
.post-body {
    border-radius: 0;
    margin-bottom: 0!important;
}
.post-body img {
max-width: 660px!important;
}
.author-box {
    width: 100%;
    float: left;
    position: relative;  min-height: 1px;    
}
.authorboxcontent {
    background-color: #FFFFFF;  margin-top: 65px;  margin-bottom: 65px;  border-radius: 5px;  overflow: hidden;  position: relative;  padding: 40px 30px;
}
.about-author img {
    float: left;  display: block;
    max-width: 100%;  height: auto;
}
.about-author div {
    margin-left: 120px;
}
.author-box h4 {
    margin-top: 0;
    -webkit-margin-before: 0;  
    -webkit-margin-after: 0;
    margin-bottom: 10px;
}
p {
margin: 0 0 10px;
}
.post-feeds,.blog-pager {
display: none;
}
.sidebar .widget:after, .sidebar .widget:before {
width: 100%;
left: 0;
}
    </style>
      </b:if>
  <div class='post hentry' itemprop='blogPost' itemscope='itemscope' itemtype='http://schema.org/BlogPosting'>
    <b:if cond='data:post.firstImageUrl'>
      <meta expr:content='data:post.firstImageUrl' itemprop='image_url'/>
    </b:if>
    <meta expr:content='data:blog.blogId' itemprop='blogId'/>
    <meta expr:content='data:post.id' itemprop='postId'/>

    <a expr:name='data:post.id'/>
    <b:if cond='data:post.title'>
      <h1 class='post-title entry-title' itemprop='name' style='display:none;'>
      <b:if cond='data:post.link'>
        <a expr:href='data:post.link'><data:post.title/></a>
      <b:else/>
        <b:if cond='data:post.url'>
          <b:if cond='data:blog.url != data:post.url'>
            <a expr:href='data:post.url'><data:post.title/></a>
          <b:else/>
            <data:post.title/>
          </b:if>
        <b:else/>
          <data:post.title/>
        </b:if>
      </b:if>
      </h1>
    </b:if>

    <div class='post-header'>
    <div class='post-header-line-1'/>
    </div>

      <div class='post-body entry-content' expr:id='&quot;post-body-&quot; + data:post.id' itemprop='articleBody'>
     <b:if cond='data:blog.pageType == &quot;index&quot;'>
<span expr:id='&quot;p&quot; + data:post.id'><data:post.body/></span>
<script type='text/javascript'>var x=&quot;<data:post.title/>&quot;,y=&quot;<data:post.url/>&quot;,z=&quot;<data:post.author/>&quot;,t=&quot;<data:post.timestamp/>&quot;,u=&quot;<data:post.numComments/>&quot;;rm(&quot;p<data:post.id/>&quot;)</script>
<b:else/>
<div class='entry-container'>
<div class='entry-content'>
<header class='post-header'>
      <h1 class='post-title entry-title' itemprop='name'>
<b:if cond='data:post.link'><a expr:href='data:post.link' expr:title='data:post.title'><data:post.title/></a>
<b:else/>
<data:post.title/>
<div class='post-details'><a expr:href='data:post.link'><data:post.timestamp/></a> by <a expr:href='data:post.authorProfileUrl'><data:post.author/></a></div>
  </b:if>
  </h1>
  </header>
<div class='post-content'>
  <data:post.body/>
  </div>
  </div>
  </div>
  </b:if>
        <div style='clear: both;'/> <!-- clear for photos floats -->
<div class='footersocial'>
<div class='postshare'>
<a class='color-transition' expr:href='&quot;http://www.facebook.com/sharer.php?u=&quot; + data:post.url' target='_blank'><i class='fa fa-facebook'/></a>
<a class='color-transition' expr:href='&quot;http://twitter.com/home?status=&quot; + data:post.title + &quot;%20-%20&quot; + data:post.url' target='_blank'><i class='fa fa-twitter'/></a>
<a class='color-transition' expr:href='&quot;https://plus.google.com/share?url=&quot; + data:post.url' target='_blank'><i class='fa fa-google-plus'/></a>
<a class='color-transition' expr:href='&quot;http://pinterest.com/pin/create/button/?source_url=&quot; + data:post.url + &quot;&amp;media=&quot; + data:post.firstImageUrl + &quot;&amp;description=&quot; + data:post.title' target='_blank'><i class='fa fa-pinterest'/></a>  
  </div>
<b:if cond='data:blog.url != data:post.url'>
<div class='postcomment'>
 <b:if cond='data:blog.pageType != &quot;item&quot;'>
          <b:if cond='data:post.allowComments'>
            <a class='color-transition' expr:href='data:post.addCommentUrl' expr:onclick='data:post.addCommentOnclick'><i class='fa fa-comments-o'/> <b:if cond='data:post.numComments == 0'>No Comments<b:else/> <b:if cond='data:post.numComments == 1'><data:post.numComments/> Comment<b:else/><data:post.numComments/> Comments</b:if> </b:if></a>
          </b:if>
        </b:if> </div>
<div class='postreadmore pull-right'>
<a class='color-transition' expr:href='data:post.url'><i class='fa fa-angle-double-right'/></a>
  </div>
  </b:if>
    </div>
  
      </div>
<b:if cond='data:blog.pageType == &quot;item&quot;'>

                    <div class='author-box'>
                        <div class='authorboxcontent'>
                            <div class='about-author'>
                                <img alt='' expr:src='data:post.authorPhoto.url' height='100' width='100'/>                                <div>
                                    <h4><data:post.author/></h4>
                                    <p>Vivamus fermentum ac massa vel egestas. Ut convallis augue quis pulvinar pellentesque. Cras vitae condimentum felis. Aliquam justo lectus, ultrices eget fringilla nec, aliquam ac dui. Donec nunc nunc, pretium vel metus eget, sodales auctor magna. In in nisl non nulla suscipit pharetra in ut augue.</p>
                                </div>
                            </div>
                        </div>
                    </div>
    </b:if>
    <b:if cond='data:post.hasJumpLink'>
      <div class='jump-link'>
        <a expr:href='data:post.url + &quot;#more&quot;' expr:title='data:post.title'><data:post.jumpText/></a>
      </div>
    </b:if>

    <div class='post-footer'>
    <div class='post-footer-line post-footer-line-1'>
    

      <span class='reaction-buttons'>
        <b:if cond='data:top.showReactions'>
          <table border='0' cellpadding='0' cellspacing='0' width='100%'><tr>
            <td class='reactions-label-cell' nowrap='nowrap' valign='top' width='1%'>
              <span class='reactions-label'>
              <data:top.reactionsLabel/></span>&#160;</td>
            <td><iframe allowtransparency='true' class='reactions-iframe' expr:src='data:post.reactionsUrl' frameborder='0' name='reactions' scrolling='no'/></td>
           </tr></table>
        </b:if>
      </span>

      <span class='star-ratings'>
        <b:if cond='data:top.showStars'>
           <div expr:g:background-color='data:backgroundColor' expr:g:text-color='data:textColor' expr:g:url='data:post.absoluteUrl' g:height='42' g:type='RatingPanel' g:width='280'/>
        </b:if>
      </span>

      <span class='post-comment-link'>
      </span>

       <!-- backlinks -->
       <span class='post-backlinks post-comment-link'>
         <b:if cond='data:blog.pageType != &quot;item&quot;'>
           <b:if cond='data:blog.pageType != &quot;static_page&quot;'>
             <b:if cond='data:post.showBacklinks'>
               <a class='comment-link' expr:href='data:post.url + &quot;#links&quot;'><data:top.backlinkLabel/></a>
             </b:if>
           </b:if>
         </b:if>
       </span>

      <span class='post-icons'>
        <!-- email post links -->
        <b:if cond='data:post.emailPostUrl'>
          <span class='item-action'>
          <a expr:href='data:post.emailPostUrl' expr:title='data:top.emailPostMsg'>
              <img alt='' class='icon-action' height='13' src='http://img1.blogblog.com/img/icon18_email.gif' width='18'/>
          </a>
          </span>
        </b:if>

        <!-- quickedit pencil -->
        <b:include data='post' name='postQuickEdit'/>
      </span>

      <!-- share buttons -->
      <div class='post-share-buttons goog-inline-block'>
        <b:if cond='data:post.sharePostUrl'>
          <b:include data='post' name='shareButtons'/>
        </b:if>
      </div>

      </div>

      <div class='post-footer-line post-footer-line-2'>
      <span class='post-labels' style='display:none;'>
        <b:if cond='data:post.labels'>
          <data:postLabelsLabel/>
          <b:loop values='data:post.labels' var='label'>
            <a expr:href='data:label.url' rel='tag'><data:label.name/></a><b:if cond='data:label.isLast != &quot;true&quot;'>,</b:if>
          </b:loop>
        </b:if>
      </span>
      </div>

      <div class='post-footer-line post-footer-line-3'>
      <span class='post-location'>
        <b:if cond='data:top.showLocation'>
          <b:if cond='data:post.location'>
            <data:postLocationLabel/>
            <a expr:href='data:post.location.mapsUrl' target='_blank'><data:post.location.name/></a>
          </b:if>
        </b:if>
      </span>
      </div>
      <b:if cond='data:post.authorAboutMe'>
        <div class='author-profile' itemprop='author' itemscope='itemscope' itemtype='http://schema.org/Person'>
          <b:if cond='data:post.authorPhoto.url'>
            <img expr:src='data:post.authorPhoto.url' itemprop='image' width='50px'/>
          </b:if>
          <div>
            <a class='g-profile' expr:href='data:post.authorProfileUrl' itemprop='url' rel='author' title='author profile'>
              <span itemprop='name'><data:post.author/></span>
            </a>
          </div>
          <span itemprop='description'><data:post.authorAboutMe/></span>
        </div>
      </b:if>
    </div>
  </div>
</b:includable>
    <b:includable id='postQuickEdit' var='post'>
  <b:if cond='data:post.editUrl'>
    <span expr:class='&quot;item-control &quot; + data:post.adminClass'>
      <a expr:href='data:post.editUrl' expr:title='data:top.editPostMsg'>
        <img alt='' class='icon-action' height='18' src='http://img2.blogblog.com/img/icon18_edit_allbkg.gif' width='18'/>
      </a>
    </span>
  </b:if>
</b:includable>
    <b:includable id='shareButtons' var='post'>
  <b:if cond='data:top.showEmailButton'><a class='goog-inline-block share-button sb-email' expr:href='data:post.sharePostUrl + &quot;&amp;target=email&quot;' expr:title='data:top.emailThisMsg' target='_blank'><span class='share-button-link-text'><data:top.emailThisMsg/></span></a></b:if><b:if cond='data:top.showBlogThisButton'><a class='goog-inline-block share-button sb-blog' expr:href='data:post.sharePostUrl + &quot;&amp;target=blog&quot;' expr:onclick='&quot;window.open(this.href, \&quot;_blank\&quot;, \&quot;height=270,width=475\&quot;); return false;&quot;' expr:title='data:top.blogThisMsg' target='_blank'><span class='share-button-link-text'><data:top.blogThisMsg/></span></a></b:if><b:if cond='data:top.showTwitterButton'><a class='goog-inline-block share-button sb-twitter' expr:href='data:post.sharePostUrl + &quot;&amp;target=twitter&quot;' expr:title='data:top.shareToTwitterMsg' target='_blank'><span class='share-button-link-text'><data:top.shareToTwitterMsg/></span></a></b:if><b:if cond='data:top.showFacebookButton'><a class='goog-inline-block share-button sb-facebook' expr:href='data:post.sharePostUrl + &quot;&amp;target=facebook&quot;' expr:onclick='&quot;window.open(this.href, \&quot;_blank\&quot;, \&quot;height=430,width=640\&quot;); return false;&quot;' expr:title='data:top.shareToFacebookMsg' target='_blank'><span class='share-button-link-text'><data:top.shareToFacebookMsg/></span></a></b:if><b:if cond='data:top.showOrkutButton'><a class='goog-inline-block share-button sb-orkut' expr:href='data:post.sharePostUrl + &quot;&amp;target=orkut&quot;' expr:title='data:top.shareToOrkutMsg' target='_blank'><span class='share-button-link-text'><data:top.shareToOrkutMsg/></span></a></b:if><b:if cond='data:top.showPinterestButton'><a class='goog-inline-block share-button sb-pinterest' expr:href='data:post.sharePostUrl + &quot;&amp;target=pinterest&quot;' expr:title='data:top.shareToPinterestMsg' target='_blank'><span class='share-button-link-text'><data:top.shareToPinterestMsg/></span></a></b:if><b:if cond='data:top.showDummy'><div class='goog-inline-block dummy-container'><data:post.dummyTag/></div></b:if>
</b:includable>
    <b:includable id='status-message'>
  <b:if cond='data:navMessage'>
  <div class='status-msg-wrap'>
    <div class='status-msg-body'>
      <data:navMessage/>
    </div>
    <div class='status-msg-border'>
      <div class='status-msg-bg'>
        <div class='status-msg-hidden'><data:navMessage/></div>
      </div>
    </div>
  </div>
  <div style='clear: both;'/>
  </b:if>
</b:includable>
    <b:includable id='threaded-comment-form' var='post'>
  <div class='comment-form'>
    <a name='comment-form'/>
    <b:if cond='data:mobile'>
      <p><data:blogCommentMessage/></p>
      <data:blogTeamBlogMessage/>
      <a expr:href='data:post.commentFormIframeSrc' id='comment-editor-src'/>
      <iframe allowtransparency='true' class='blogger-iframe-colorize blogger-comment-from-post' frameborder='0' height='410' id='comment-editor' name='comment-editor' src='' style='display: none' width='100%'/>
    <b:else/>
      <p><data:blogCommentMessage/></p>
      <data:blogTeamBlogMessage/>
      <a expr:href='data:post.commentFormIframeSrc' id='comment-editor-src'/>
      <iframe allowtransparency='true' class='blogger-iframe-colorize blogger-comment-from-post' frameborder='0' height='410' id='comment-editor' name='comment-editor' src='' width='100%'/>
    </b:if>
    <data:post.friendConnectJs/>
    <data:post.cmtfpIframe/>
    <script type='text/javascript'>
      BLOG_CMT_createIframe(&#39;<data:post.appRpcRelayPath/>&#39;, &#39;<data:post.communityId/>&#39;);
    </script>
  </div>
</b:includable>
    <b:includable id='threaded_comment_js' var='post'>
  <script async='async' expr:src='data:post.commentSrc' type='text/javascript'/>

  <script type='text/javascript'>
    (function() {
      var items = <data:post.commentJso/>;
      var msgs = <data:post.commentMsgs/>;
      var config = <data:post.commentConfig/>;

// <![CDATA[
      var cursor = null;
      if (items && items.length > 0) {
        cursor = parseInt(items[items.length - 1].timestamp) + 1;
      }

      var bodyFromEntry = function(entry) {
        if (entry.gd$extendedProperty) {
          for (var k in entry.gd$extendedProperty) {
            if (entry.gd$extendedProperty[k].name == 'blogger.contentRemoved') {
              return '<span class="deleted-comment">' + entry.content.$t + '</span>';
            }
          }
        }
        return entry.content.$t;
      }

      var parse = function(data) {
        cursor = null;
        var comments = [];
        if (data && data.feed && data.feed.entry) {
          for (var i = 0, entry; entry = data.feed.entry[i]; i++) {
            var comment = {};
            // comment ID, parsed out of the original id format
            var id = /blog-(\d+).post-(\d+)/.exec(entry.id.$t);
            comment.id = id ? id[2] : null;
            comment.body = bodyFromEntry(entry);
            comment.timestamp = Date.parse(entry.published.$t) + '';
            if (entry.author && entry.author.constructor === Array) {
              var auth = entry.author[0];
              if (auth) {
                comment.author = {
                  name: (auth.name ? auth.name.$t : undefined),
                  profileUrl: (auth.uri ? auth.uri.$t : undefined),
                  avatarUrl: (auth.gd$image ? auth.gd$image.src : undefined)
                };
              }
            }
            if (entry.link) {
              if (entry.link[2]) {
                comment.link = comment.permalink = entry.link[2].href;
              }
              if (entry.link[3]) {
                var pid = /.*comments\/default\/(\d+)\?.*/.exec(entry.link[3].href);
                if (pid && pid[1]) {
                  comment.parentId = pid[1];
                }
              }
            }
            comment.deleteclass = 'item-control blog-admin';
            if (entry.gd$extendedProperty) {
              for (var k in entry.gd$extendedProperty) {
                if (entry.gd$extendedProperty[k].name == 'blogger.itemClass') {
                  comment.deleteclass += ' ' + entry.gd$extendedProperty[k].value;
                } else if (entry.gd$extendedProperty[k].name == 'blogger.displayTime') {
                  comment.displayTime = entry.gd$extendedProperty[k].value;
                }
              }
            }
            comments.push(comment);
          }
        }
        return comments;
      };

      var paginator = function(callback) {
        if (hasMore()) {
          var url = config.feed + '?alt=json&v=2&orderby=published&reverse=false&max-results=50';
          if (cursor) {
            url += '&published-min=' + new Date(cursor).toISOString();
          }
          window.bloggercomments = function(data) {
            var parsed = parse(data);
            cursor = parsed.length < 50 ? null
                : parseInt(parsed[parsed.length - 1].timestamp) + 1
            callback(parsed);
            window.bloggercomments = null;
          }
          url += '&callback=bloggercomments';
          var script = document.createElement('script');
          script.type = 'text/javascript';
          script.src = url;
          document.getElementsByTagName('head')[0].appendChild(script);
        }
      };
      var hasMore = function() {
        return !!cursor;
      };
      var getMeta = function(key, comment) {
        if ('iswriter' == key) {
          var matches = !!comment.author
              && comment.author.name == config.authorName
              && comment.author.profileUrl == config.authorUrl;
          return matches ? 'true' : '';
        } else if ('deletelink' == key) {
          return config.baseUri + '/delete-comment.g?blogID='
               + config.blogId + '&postID=' + comment.id;
        } else if ('deleteclass' == key) {
          return comment.deleteclass;
        }
        return '';
      };

      var replybox = null;
      var replyUrlParts = null;
      var replyParent = undefined;

      var onReply = function(commentId, domId) {
        if (replybox == null) {
          // lazily cache replybox, and adjust to suit this style:
          replybox = document.getElementById('comment-editor');
          if (replybox != null) {
            replybox.height = '250px';
            replybox.style.display = 'block';
            replyUrlParts = replybox.src.split('#');
          }
        }
        if (replybox && (commentId !== replyParent)) {
          document.getElementById(domId).insertBefore(replybox, null);
          replybox.src = replyUrlParts[0]
              + (commentId ? '&parentID=' + commentId : '')
              + '#' + replyUrlParts[1];
          replyParent = commentId;
        }
      };

      var hash = (window.location.hash || '#').substring(1);
      var startThread, targetComment;
      if (/^comment-form_/.test(hash)) {
        startThread = hash.substring('comment-form_'.length);
      } else if (/^c[0-9]+$/.test(hash)) {
        targetComment = hash.substring(1);
      }

      // Configure commenting API:
      var configJso = {
        'maxDepth': config.maxThreadDepth
      };
      var provider = {
        'id': config.postId,
        'data': items,
        'loadNext': paginator,
        'hasMore': hasMore,
        'getMeta': getMeta,
        'onReply': onReply,
        'rendered': true,
        'initComment': targetComment,
        'initReplyThread': startThread,
        'config': configJso,
        'messages': msgs
      };

      var render = function() {
        if (window.goog && window.goog.comments) {
          var holder = document.getElementById('comment-holder');
          window.goog.comments.render(holder, provider);
        }
      };

      // render now, or queue to render when library loads:
      if (window.goog && window.goog.comments) {
        render();
      } else {
        window.goog = window.goog || {};
        window.goog.comments = window.goog.comments || {};
        window.goog.comments.loadQueue = window.goog.comments.loadQueue || [];
        window.goog.comments.loadQueue.push(render);
      }
    })();
// ]]>
  </script>
</b:includable>
    <b:includable id='threaded_comments' var='post'>
  <div class='comments' id='comments'>
    <a name='comments'/>
    <h4><data:post.commentLabelFull/>:</h4>

    <div class='comments-content'>
      <b:if cond='data:post.embedCommentForm'>
        <b:include data='post' name='threaded_comment_js'/>
      </b:if>
      <div id='comment-holder'>
         <data:post.commentHtml/>
      </div>
    </div>

    <p class='comment-footer'>
      <b:if cond='data:post.allowNewComments'>
        <b:include data='post' name='threaded-comment-form'/>
      <b:else/>
        <data:post.noNewCommentsText/>
      </b:if>
    </p>

    <b:if cond='data:showCmtPopup'>
      <div id='comment-popup'>
        <iframe allowtransparency='true' frameborder='0' id='comment-actions' name='comment-actions' scrolling='no'>
        </iframe>
      </div>
    </b:if>

    <div id='backlinks-container'>
    <div expr:id='data:widget.instanceId + &quot;_backlinks-container&quot;'>
       <b:if cond='data:post.showBacklinks'>
         <b:include data='post' name='backlinks'/>
       </b:if>
    </div>
    </div>
  </div>
</b:includable>
  </b:widget>
</b:section>
</div>
<div class='sidebar-wrapper'>
 <b:section class='sidebar' id='sidebar' showaddelement='yes'>
   <b:widget id='HTML101' locked='false' title='Find us on Facebook' type='HTML'>
     <b:includable id='main'>
  <!-- only display title if it's non-empty -->
  <b:if cond='data:title != &quot;&quot;'>
    <h2 class='title'><data:title/></h2>
  </b:if>
  <div class='widget-content'>
    <data:content/>
  </div>

  <b:include name='quickedit'/>
</b:includable>
   </b:widget>
   <b:widget id='HTML3' locked='false' title='Find us on Google Plus' type='HTML'>
     <b:includable id='main'>
  <!-- only display title if it's non-empty -->
  <b:if cond='data:title != &quot;&quot;'>
    <h2 class='title'><data:title/></h2>
  </b:if>
  <div class='widget-content'>
    <data:content/>
  </div>

  <b:include name='quickedit'/>
</b:includable>
   </b:widget>
   <b:widget id='Label1' locked='false' title='Labels' type='Label'>
     <b:includable id='main'>
  <b:if cond='data:title'>
    <h2><data:title/></h2>
  </b:if>
  <div expr:class='&quot;widget-content &quot; + data:display + &quot;-label-widget-content&quot;'>
    <b:if cond='data:display == &quot;list&quot;'>
      <ul>
      <b:loop values='data:labels' var='label'>
        <li>
          <b:if cond='data:blog.url == data:label.url'>
            <span expr:dir='data:blog.languageDirection'><data:label.name/></span>
          <b:else/>
            <a expr:dir='data:blog.languageDirection' expr:href='data:label.url'><data:label.name/></a>
          </b:if>
          <b:if cond='data:showFreqNumbers'>
            <span dir='ltr'>(<data:label.count/>)</span>
          </b:if>
        </li>
      </b:loop>
      </ul>
    <b:else/>
      <b:loop values='data:labels' var='label'>
        <span expr:class='&quot;label-size label-size-&quot; + data:label.cssSize'>
          <b:if cond='data:blog.url == data:label.url'>
            <span expr:dir='data:blog.languageDirection'><data:label.name/></span>
          <b:else/>
            <a expr:dir='data:blog.languageDirection' expr:href='data:label.url'><data:label.name/></a>
          </b:if>
          <b:if cond='data:showFreqNumbers'>
            <span class='label-count' dir='ltr'>(<data:label.count/>)</span>
          </b:if>
        </span>
      </b:loop>
    </b:if>
    <b:include name='quickedit'/>
  </div>
</b:includable>
   </b:widget>
   <b:widget id='Profile1' locked='false' title='Contributors' type='Profile'>
     <b:includable id='main'>
    <b:if cond='data:title != &quot;&quot;'>
      <h2><data:title/></h2>
    </b:if>
    <div class='widget-content'>
    <b:if cond='data:team == &quot;true&quot;'> <!-- team blog profile -->
      <ul>
        <b:loop values='data:authors' var='i'>
          <li><a class='profile-name-link g-profile' expr:href='data:i.userUrl' expr:style='&quot;background-image: url(&quot; + data:i.profileLogo + &quot;);&quot;'><data:i.display-name/></a></li>
        </b:loop>
      </ul>

    <b:else/> <!-- normal blog profile -->

      <b:if cond='data:photo.url != &quot;&quot;'>
        <a expr:href='data:userUrl'><img class='profile-img' expr:alt='data:photo.alt' expr:height='data:photo.height' expr:src='data:photo.url' expr:width='data:photo.width'/></a>
      </b:if>

      <dl class='profile-datablock'>
        <dt class='profile-data'>
          <a class='profile-name-link g-profile' expr:href='data:userUrl' expr:style='&quot;background-image: url(&quot; + data:profileLogo + &quot;);&quot;' rel='author'>
            <data:displayname/>
          </a>
          <b:if cond='data:hasgoogleprofile'>
            <br/>
            <div class='g-follow' data-annotation='bubble' data-height='20' expr:data-href='data:userUrl'/>
          </b:if>
        </dt>

        <b:if cond='data:showlocation == &quot;true&quot;'>
          <dd class='profile-data'><data:location/></dd>
        </b:if>

        <b:if cond='data:aboutme != &quot;&quot;'><dd class='profile-textblock'><data:aboutme/></dd></b:if>
      </dl>
      <a class='profile-link' expr:href='data:userUrl' rel='author'><data:viewProfileMsg/></a>
    </b:if>

     <b:include name='quickedit'/>
    </div>
  </b:includable>
   </b:widget>
   <b:widget id='PopularPosts1' locked='false' title='Popular Posts' type='PopularPosts'>
     <b:includable id='main'>
  <b:if cond='data:title'><h2><data:title/></h2></b:if>
  <div class='widget-content popular-posts'>
    <ul>
      <b:loop values='data:posts' var='post'>
      <li>
        <b:if cond='data:showThumbnails == &quot;false&quot;'>
          <b:if cond='data:showSnippets == &quot;false&quot;'>
            <!-- (1) No snippet/thumbnail -->
            <a expr:href='data:post.href'><data:post.title/></a>
          <b:else/>
            <!-- (2) Show only snippets -->
            <div class='item-title'><a expr:href='data:post.href'><data:post.title/></a></div>
            <div class='item-snippet'><data:post.snippet/></div>
          </b:if>
        <b:else/>
          <b:if cond='data:showSnippets == &quot;false&quot;'>
            <!-- (3) Show only thumbnails -->
            <div class='item-thumbnail-only'>
              <b:if cond='data:post.thumbnail'>
                <div class='item-thumbnail'>
                  <a expr:href='data:post.href' target='_blank'>
                    <img alt='' border='0' expr:height='data:thumbnailSize' expr:src='data:post.thumbnail' expr:width='data:thumbnailSize'/>
                  </a>
                </div>
              </b:if>
              <div class='item-title'><a expr:href='data:post.href'><data:post.title/></a></div>
            </div>
            <div style='clear: both;'/>
          <b:else/>
            <!-- (4) Show snippets and thumbnails -->
            <div class='item-content'>
              <b:if cond='data:post.thumbnail'>
                <div class='item-thumbnail'>
                  <a expr:href='data:post.href' target='_blank'>
                    <img alt='' border='0' expr:height='data:thumbnailSize' expr:src='data:post.thumbnail' expr:width='data:thumbnailSize'/>
                  </a>
                </div>
              </b:if>
              <div class='item-title'><a expr:href='data:post.href'><data:post.title/></a></div>
              <div class='item-snippet'><data:post.snippet/></div>
            </div>
            <div style='clear: both;'/>
          </b:if>
        </b:if>
      </li>
      </b:loop>
    </ul>
    <b:include name='quickedit'/>
  </div>
</b:includable>
   </b:widget>
   <b:widget id='Followers1' locked='false' title='Followers' type='Followers'>
     <b:includable id='main'>
  <b:if cond='data:title != &quot;&quot;'>
    <b:if cond='data:codeSnippet != &quot;&quot;'>
      <h2 class='title'><data:title/></h2>
    <b:else/>
      <b:if cond='data:totalFollowerCount != &quot;&quot;'>
        <h2 class='title'><data:title/> (<data:totalFollowerCount/>)</h2>
      </b:if>
    </b:if>  
  </b:if>
  <div class='widget-content'>
    <div expr:id='data:widget.instanceId + &quot;-wrapper&quot;'>
      <b:if cond='data:codeSnippet != &quot;&quot;'>
        <div style='margin-right:2px;'>
          <data:codeSnippet/>
        </div>
      <b:else/>
        <b:if cond='data:totalFollowerCount == &quot;&quot;'>
          <span class='item-control following-not-admin'>
            <b><data:failureSnippet/></b>
          </span>
          <span class='item-control blog-admin'>
            <b><data:adminFailureSnippet/></b>
          </span>
        <b:else/>
          <b:if cond='data:followingLinkPresent'>
            <div class='follow-this profile-link item-control following-follow-this'>
              <a expr:href='&quot;javascript:_FollowersView._openPopup(\&quot;&quot; + data:followUri + &quot;\&quot;);&quot;'>
                <data:followThisMessage/>
              </a>
            </div>
            <div class='follow-this profile-link item-control following-stop-following-this'>
              <a expr:href='&quot;javascript:_FollowersView._openPopup(\&quot;&quot; + data:followUri + &quot;\&quot;);&quot;'>
                <data:stopFollowingMessage/>
              </a>
            </div>
          </b:if>
  
          <div class='followers-grid'>
            <b:if cond='data:totalFollowerCount == 0'>
              <div class='profile-link item-control following-follow-this'>
                <data:emptyFollowersMessage/>
              </div>
            </b:if>
            <!--
            Relies on the js written out in navbar.gxp
            -->
            <b:loop values='data:followers' var='follower'>
              <div class='follower'>
                <a expr:href='data:follower.profileUrl' expr:title='data:follower.displayName' rel='nofollow'>
                <img class='follower-img' expr:alt='data:follower.displayName' expr:height='data:follower.imageHeight' expr:onerror='&quot;this.onerror=null;this.src=\&quot;&quot; + data:anonFollowerImageUrl + &quot;\&quot;;&quot;' expr:onload='&quot;setAttributeOnload(this, \&quot;src\&quot;, \&quot;&quot; + data:follower.imageUrl + &quot;\&quot;)&quot;' expr:width='data:follower.imageWidth' src='http://img1.blogblog.com/img/blank.gif'/>
                </a>
              </div>
            </b:loop>
            <div class='clear'/>
          </div>
  
          <div class='followers-canvas profile-link'>
            <data:followersFooterMessage/>
            <span class='item-control following-not-admin'>
              <a expr:href='data:followersUri'>
                <data:viewAllMessage/>
              </a>
            </span>
            <span class='item-control blog-admin'>
              <a expr:href='data:manageFollowersUri'>
                <data:manageFollowersMessage/>
              </a>
            </span>
          </div>
          </b:if>
      </b:if>
    </div>
    <b:include name='quickedit'/>
  </div>
</b:includable>
   </b:widget>
 </b:section>

    </div>
    </div></div>
<footer>
<div class='footer-top'>
<div class='container'>
  <b:section class='footer' id='footer1' showaddelement='yes'>
    <b:widget id='HTML2' locked='false' title='About Aniva' type='HTML'>
      <b:includable id='main'>
  <!-- only display title if it's non-empty -->
  <b:if cond='data:title != &quot;&quot;'>
    <h2 class='title'><data:title/></h2>
  </b:if>
  <div class='widget-content'>
    <data:content/>
  </div>

  <b:include name='quickedit'/>
</b:includable>
    </b:widget>
  </b:section>
   <b:section class='footer' id='footer2' showaddelement='yes'>
     <b:widget id='PlusFollowers1' locked='false' title='Google+ Followers' type='PlusFollowers'>
       <b:includable id='main'>
  <b:if cond='data:title != &quot;&quot;'>
    <h2 class='title'><data:title/></h2>
  </b:if>
  <div class='widget-content'>
    <b:if cond='data:profileUrl != &quot;&quot;'>
      <div class='g-plus' data-action='followers' data-source='blogger:blog:followers' expr:data-height='data:height' expr:data-href='data:profileUrl' expr:data-theme='data:theme' expr:data-width='data:width'/>
      <script type='text/javascript'>
        window.___gcfg = {&#39;lang&#39;: &#39;<data:language/>&#39;};
      </script>
    </b:if>
  </div>
</b:includable>
     </b:widget>
   </b:section>
 <b:section class='footer' id='footer3' showaddelement='yes'>
   <b:widget id='PopularPosts2' locked='false' title='Popular Posts' type='PopularPosts'>
     <b:includable id='main'>
  <b:if cond='data:title'><h2><data:title/></h2></b:if>
  <div class='widget-content popular-posts'>
    <ul>
      <b:loop values='data:posts' var='post'>
      <li>
        <b:if cond='data:showThumbnails == &quot;false&quot;'>
          <b:if cond='data:showSnippets == &quot;false&quot;'>
            <!-- (1) No snippet/thumbnail -->
            <a expr:href='data:post.href'><data:post.title/></a>
          <b:else/>
            <!-- (2) Show only snippets -->
            <div class='item-title'><a expr:href='data:post.href'><data:post.title/></a></div>
            <div class='item-snippet'><data:post.snippet/></div>
          </b:if>
        <b:else/>
          <b:if cond='data:showSnippets == &quot;false&quot;'>
            <!-- (3) Show only thumbnails -->
            <div class='item-thumbnail-only'>
              <b:if cond='data:post.thumbnail'>
                <div class='item-thumbnail'>
                  <a expr:href='data:post.href' target='_blank'>
                    <img alt='' border='0' expr:height='data:thumbnailSize' expr:src='data:post.thumbnail' expr:width='data:thumbnailSize'/>
                  </a>
                </div>
              </b:if>
              <div class='item-title'><a expr:href='data:post.href'><data:post.title/></a></div>
            </div>
            <div style='clear: both;'/>
          <b:else/>
            <!-- (4) Show snippets and thumbnails -->
            <div class='item-content'>
              <b:if cond='data:post.thumbnail'>
                <div class='item-thumbnail'>
                  <a expr:href='data:post.href' target='_blank'>
                    <img alt='' border='0' expr:height='data:thumbnailSize' expr:src='data:post.thumbnail' expr:width='data:thumbnailSize'/>
                  </a>
                </div>
              </b:if>
              <div class='item-title'><a expr:href='data:post.href'><data:post.title/></a></div>
              <div class='item-snippet'><data:post.snippet/></div>
            </div>
            <div style='clear: both;'/>
          </b:if>
        </b:if>
      </li>
      </b:loop>
    </ul>
    <b:include name='quickedit'/>
  </div>
</b:includable>
   </b:widget>
 </b:section>
  </div>
  </div>
<div class='footer-bottom'>
<div class='container'>
<div class='copyrights'>
  Copyright &#169; <script type='text/javascript'>var creditsyear = new Date();document.write(creditsyear.getFullYear());</script> |Published By <a href='http://gooyaabitemplates.com/' rel='dofollow' target='_blank' title='Blogger Templates'>Gooyaabi Templates</a>| Designed By - <a href='http://www.way2themes.com' id='mycontent'>Way2themes</a>
  </div>
  </div>
  </div>
  </footer>
</div><!--W2twrapper-->
<div id='fb-root'/>
<script>(function(d, s, id) {
  var js, fjs = d.getElementsByTagName(s)[0];
  if (d.getElementById(id)) return;
  js = d.createElement(s); js.id = id;
  js.async = true;
  js.src = &quot;//connect.facebook.net/en_US/all.js#xfbml=1&quot;;
  fjs.parentNode.insertBefore(js, fjs);
}(document, &#39;script&#39;, &#39;facebook-jssdk&#39;));</script>
<script type='text/javascript'>
(function() {
   var script = document.createElement(&#39;script&#39;);
   script.async = true;
   script.src = &#39;//platform.twitter.com/widgets.js&#39;;
   var entry = document.getElementsByTagName(&#39;script&#39;)[0];
   entry.parentNode.insertBefore(script, entry);
})();
</script> 
  </body> 
</html>