<?xml version="1.0" encoding="UTF-8" ?>
<!DOCTYPE html PUBLIC "-//W3C//DTD XHTML 1.0 Strict//EN" "http://www.w3.org/TR/xhtml1/DTD/xhtml1-strict.dtd">
<html expr:dir='data:blog.languageDirection' xmlns='http://www.w3.org/1999/xhtml' xmlns:b='http://www.google.com/2005/gml/b' xmlns:data='http://www.google.com/2005/gml/data' xmlns:expr='http://www.google.com/2005/gml/expr'>
  <head>
	<meta content='width=device-width, initial-scale=1, maximum-scale=1' name='viewport'/> 
	<link href='http://fonts.googleapis.com/css?family=Arvo:400,700' rel='stylesheet' type='text/css'/>

	<b:include data='blog' name='all-head-content'/>
    <b:if cond='data:blog.pageType == &quot;index&quot;'>
    <title><data:blog.pageTitle/></title>
    <b:else/>
    <title><data:blog.pageName/> - <data:blog.title/></title>
	<meta content='DESCRIPTION HERE' name='description'/>
	<meta content='KEYWORDS HERE' name='keywords'/>
	<meta content='AUTHOR NAME HERE' name='author'/>
    </b:if>
	
    <b:skin><![CDATA[/*
-----------------------------------------------
Blogger Template Style
Name:     	Arvo
Author:		http://www.btdesigner.net/
Date:     	10 Jan 2014
License:  	Free version
Don't remove the credit, we spent many hours creating this blogger template. It's only reasonable that you keep the link.
----------------------------------------------- */
/** Page structure tweaks for layout editor wireframe */
body#layout {display:inline-block;}
body#layout #outer-wrapper {padding:10px;width:100%;}
body#layout #wrap2 {padding:10px;width:980px;}
body#layout #header-wrapper{margin:50px auto 0;width:940px;}
body#layout #header{margin:0 auto 0;width:40%;float:left}
body#layout #subheader {display:none;}
body#layout #content-wrapper {width:100%;}
body#layout #main-wrapper {width:60%;float:left;}
body#layout #sidebar-wrapper {float:right;width:30%}
body#layout #footer {width: 940px}
body#layout ul,li,a {list-style:none;}

*{-webkit-box-sizing:border-box;-moz-box-sizing:border-box;box-sizing:border-box;margin:0;padding:0;}
html body{min-width:0;max-width:100%;height:101%;width:100%;}
body{background:#dedede url(http://1.bp.blogspot.com/-Ve9muT3_FFU/UtBWqp8fFWI/AAAAAAAAFXI/Hm93VwaMFUU/s1600/bg01.png);color:#222;font-family:Arvo, Georgia, serif;font-size:100%;line-height:1.6em;}
a:link{color:#c0392b;text-decoration:none;}
a:visited{color:#7f8c8d;}
a:hover{color:#000;-moz-transition:all .2s ease-out;-o-transition:all .2s ease-out;-webkit-transition:all .2s ease-out;-ms-transition:all .2s ease-out;transition:all .2s ease-out;}
a img{border-width:0;}
img{max-width:100%;height:auto;}
#navbar-iframe{height:0;visibility:hidden;display:none;}
#header-wrapper{width:100%;height:100%;overflow:hidden;border-bottom:medium double #CCC;margin:0 auto;}
#header-inner{background-position:center;margin-left:auto;margin-right:auto;}
#header{width:40%;min-height:150px;overflow:hidden;float:left;margin:0 auto;}
#header h1{font-family:Arvo, Georgia, serif;font-size:3.75em;font-weight:400;line-height:1.35;text-shadow:1px 2px 1px #FFF;margin:0;}
#header a{color:#222;text-decoration:none;}
#header .description{text-transform:uppercase;font-family:Arvo, Georgia, serif;font-size:.85em;max-width:422px;color:#222;margin:0 auto;}
#header img{margin-left:auto;margin-right:auto;}
#nav{float:left;font-size:.876em;text-transform:uppercase;overflow:hidden;width:100%;border-bottom:medium double #CCC;margin:0 auto;}
#nav ul{list-style:none;margin:0;padding:0;}
#nav ul li{float:left;}
#nav ul li a{float:left;color:#333;line-height:1.3em;text-decoration:none;background:transparent;padding:10px 15px 11px;}
#nav ul li a.current{background:#e74c3c;color:#fff;}
#nav ul li a:hover,#nav ul li:hover > a{color:#c0392b;}
#nav li ul a:hover,#nav ul li li:hover > a{color:#c0392b;}
#nav li ul{background:#eee;left:-999em;position:absolute;width:150px;z-index:9999;border-left:1px solid #ddd;border-right:1px solid #ddd;border-bottom:1px solid #ddd;margin:38px 0 0;}
#nav li:hover ul{left:auto;}
#nav li ul a{background:none;width:150px;font-size:.8em;}
.nav ul li ul{position:absolute;left:0;display:none;visibility:hidden;}
.nav ul li ul li{display:list-item;float:none;}
.nav ul li ul li ul{top:0;}
.nav ul li ul li a{width:160px;border-top-width:0;margin:0;padding:5px;}
#nav li li ul{visibility:hidden;margin:-1px 0 0 160px;}
#nav li li:hover ul{visibility:visible;}
#outer-wrapper{background:#e9e9e9 url(http://1.bp.blogspot.com/-Ve9muT3_FFU/UtBWqp8fFWI/AAAAAAAAFXI/Hm93VwaMFUU/s1600/bg01.png);border:3px solid #ccc;box-shadow:0 0 15px #000;max-width:1100px;text-align:left;margin:2.2% auto 0;padding:1.5%;}
#wrap2{border:medium double #ccc;overflow:hidden;padding:1% 1.7% 1.5%;}
#content-wrapper{width:100%;overflow:hidden;margin:1.5% auto;}
#crosscol-wrapper .widget{margin:0 auto;padding:1.5px 0;}
#main-wrapper{width:65%;float:left;word-wrap:break-word;overflow:hidden;}
#sidebar-wrapper{width:32%;float:right;word-wrap:break-word;overflow:hidden;}
.widget .zippy{color:#222;text-shadow:2px 2px 1px rgba(0,0,0,.1);}
.widget .popular-posts ul{list-style:none;}
.date-header{font-size:.6em;display:none;margin:1.5em 20px .5em;}
.post{border-bottom:medium double #CCC;margin:0 0 2.8%;padding:0 0 3.7%;}
.post h2{font-family:Arvo,Georgia, serif;text-shadow:1px 1px 2px #FFF;font-size:1.5em;font-weight:700;line-height:1.1em;color:#e74c3c;margin:5px 0;padding:0;}
.post h2 a,.post h2 a:visited,.post h2 strong{display:block;text-decoration:none;color:#232323;font-weight:700;}
.post h2 strong,.post h2 a:hover{color:#e74c3c;}
.post-body{font-size:16px;line-height:1.4em;position:relative;padding:0;}
.post-body blockquote{line-height:1.3em;}
.post-header{font-size:.8em;border-bottom:1px solid #ccc;margin:0 auto 1.5%;padding:1% 0;}
.post ul{list-style-type:disc;line-height:1.6em;font-size:95%;margin:0;padding:12px 0 12px 30px;}
.post ol{line-height:1.6em;font-size:1em;margin:0;padding:12px 0 12px 30px;}
.post li{margin:0;padding:0 0 8px;}
.post-labels{font-size:65%;font-family:Arvo,serif;text-transform:uppercase;margin:0 2px 0 0;padding:0;}
.post-labels a:link,.post-labels a:visited{text-decoration:none;}
.post-labels a:hover{text-decoration:underline;}
.post-footer{color:#222;border-bottom:1px solid #ccc;line-height:1.5em;font-size:.875em;margin:20px -2px;padding:5px 10px;}
.comment-link{margin-left:.6em;}
.post-body img,.post-body .tr-caption-container{max-width:100%;padding:0;}
.post-body .tr-caption-container{color:#777;}
.post-body .tr-caption-container img{background:transparent;border:0 none;padding:10px;}
.post blockquote{background:#232323;color:#fafafa;font-size:1.1em;font-family:Georgia, serif;font-weight:400;font-style:italic;line-height:1.3em;margin:1em 20px;padding:15px 20px 15px 15px;}
.post blockquote p{margin:.75em 0;}
#comments{background:none repeat scroll 0 0 #FFF;clear:both;color:#777;float:left;font-family:calibri;font-size:12px;background-color:transparent;border-top:1px solid #ddd;width:620px;margin:0 auto;padding:20px 10px 10px;}
#comments h4{font-weight:700;text-transform:uppercase;letter-spacing:.2em;color:$sidebarcolor;display:inline;line-height:40px;margin:1em 0;padding:10px;}
#comments-block{line-height:1.6em;margin:1em 0 1.5em;}
#comments-block .comment-author{margin:.5em 0;}
#comments-block .comment-body{margin:.25em 0 0;}
#comments-block .comment-footer{line-height:1.4em;text-transform:uppercase;letter-spacing:.1em;margin:-.25em 0 2em;}
#comments-block .comment-body p{margin:0 0 .75em;}
.deleted-comment{font-style:italic;color:gray;}
.comments .comments-content .icon.blog-author{display:inline-block;height:18px;width:18px;background-image:url(http://3.bp.blogspot.com/-oXtMYI4_PL4/UbCYKeISeSI/AAAAAAAABWk/Zx8WKou8CkU/s1600/Verificon.png);margin:0 0 -4px 6px;}
.comments .continue a{background:#0d86cc;text-align:center;display:none;padding:10px 0;}
#comments h4,.comments .continue a{line-height:30px;font-size:18px!important;text-transform:uppercase;font-weight:400!important;color:#444;margin:0;padding:20px 0 14px 10px;}
.comments .user a{color:#444!important;font-size:18px;line-height:25px;text-transform:capitalize;margin-top:20px;font-weight:600;padding-left:15px;}
.comments .comments-content .datetime{cursor:pointer;float:right;padding-top:6px;padding-right:20px;}
.icon.user{background:url(http://4.bp.blogspot.com/-IWb4aHUGy9Y/UbCY5Le708I/AAAAAAAABWs/7quaLpItlhM/s1600/online.png) no-repeat;height:12px;width:16px;display:inline-block;margin:0 0 -4px 6px;}
.comments .comment-thread.inline-thread .user a{font-size:13px;margin:0;padding:0;}
.comment-actions{background:#f2f2f2;margin-left:435px;border:1px solid #ddd;float:right;margin-top:-30px;margin-right:5px;padding:8px;}
.comment-thread a{color:#777;}
.comments .comment .comment-actions a:hover{text-decoration:underline;}
.comments .comment-block,.comments .comments-content .comment-replies,.comments .comment-replybox-single{margin-left:60px;width:490px;}
.comments .comment-block,.comments .comment-thread.inline-thread .comment{border:1px solid #ddd;background:#fff;background-color:#f1f1f1;padding:10px 0;}
.comment-header{border-bottom:1px solid #ddd;padding-bottom:10px;}
.thread-chrome.thread-expanded .comment-header{width:412px;margin-left:15px;}
.comments .comments-content .comment{width:100%;line-height:1em;font-size:13px;margin:15px 0 0;padding:0;}
.comments .comments-content .comment-content{text-align:justify;line-height:22px;overflow:hidden;}
.thread-chrome.thread-expanded .comment-content{width:380px;line-height:22px;overflow:hidden;}
.comments .comment-thread.inline-thread .comment-actions{display:none;}
.item-control.blog-admin{display:none;}
.comments .comments-content .comment-replies{margin-top:0;}
.comments .comment-content{line-height:1.4em;padding:15px;}
.comments .comment-thread.inline-thread{padding-left:0;}
.comments .comment-thread.inline-thread .comment{width:auto;}
.comments .comment-thread.inline-thread .comment:after{content:"";position:absolute;top:10px;left:-20px;border-top:1px solid #d2d2d2;width:10px;height:0;}
.comments .comment-thread.inline-thread .comment .comment-block{border:0;background:transparent;padding:0;}
.comments .comment-thread.inline-thread .comment-block{margin-left:48px;}
.comments .continue{border-top:0;width:100%;}
#comment-editor{width:98%!important;}
.comment-form{width:100%;max-width:100%;}
.comments .avatar-image-container,.comments .avatar-image-container img{width:48px;max-width:40px;height:40px;max-height:48px;background:#FFF;float:left;border-radius:50%;-moz-border-radius:50%;margin:0 10px 0 0;}
#comments .avatar-image-container img{border:1px solid #ddd;}
.comments .comment-thread.inline-thread .avatar-image-container,.comments .comment-thread.inline-thread .avatar-image-container img{width:36px;max-width:36px;height:36px;max-height:36px;margin-left:5px;}
#blog-pager{clear:both;text-align:center;margin:0 auto;padding:10px;}
#blog-pager a:link,#blog-pager a:visited{color:#fff;font-size:1em;background-color:#e74c3c;padding:5px 10px;}
#blog-pager a:hover{text-decoration:none;color:#fff;background-color:#c0392b;padding:5px 10px;}
#blog-pager-newer-link{float:left;}
#blog-pager-older-link{float:right;}
.showpageArea a{text-decoration:underline;}
.showpageNum a{text-decoration:none;border:1px solid #ccc;margin:0 2px;padding:3px;}
.showpageNum a:hover{border:1px solid #ccc;background-color:#ccc;}
.showpagePoint{color:#333;text-decoration:none;border:1px solid #ccc;background:#ccc;margin:0 3px;padding:5px 10px;}
.showpageOf{text-decoration:none;margin:0 3px 0 0;padding:3px;}
.showpage a{text-decoration:none;border:1px solid #ccc;padding:3px;}
.showpage a:hover{text-decoration:none;}
.showpageNum a:link,.showpage a:link{text-decoration:none;color:#333;}
.feed-links{display:none;}
.sidebar{color:#666;line-height:1.6em;font-size:.9em;padding:0;}
.sidebar h2{font-weight:400;font-size:1.3em;background:#e74c3c;color:#fff;text-transform:capitalize;line-height:24px;margin-bottom:10px;padding:10px 20px;}
.sidebar ul{list-style:none;margin:0;padding:0;}
.sidebar li{border-bottom:1px solid #eee;margin:0;padding:2px 15px 2px 0;}
.sidebar .widget{background:#eee;box-shadow:0 0 10px #BBB inset;margin:0 0 20px;padding:0;}
.sidebar .widget-content{padding:10px;}
.main .widget{margin:0 0 1.5em;padding:0 0 1.5em;}
.main .Blog{border-bottom-width:0;}
.Profile img,.Image img,.BlogList .item-thumbnail img{border:0 none;padding:4px;}
.sidebar .cloud-label-widget-content{padding-left:10px!important;margin:0;}
.sidebar .label-size a{color:#fff!important;background:#353535;float:left;display:block;-moz-transition:all .2s ease-out;-o-transition:all .2s ease-out;-webkit-transition:all .2s ease-out;-ms-transition:all .2s ease-out;transition:all .2s ease-out;margin:0 3px 3px 0;padding:6px 16px;}
.sidebar .label-size a:hover{background:#c0392b;color:#fff;text-decoration:none;}
.sidebar .label-size span{background:#e74c3c;color:#fff;clear:both;float:left;margin:0 0 3px;padding:8px 18px;}
.sidebar .label-size{position:relative;text-transform:uppercase;text-decoration:none;font-size:.8em;font-weight:400;color:#fff;}
.sidebar .label-size a,.sidebar .label-size a:visited{color:#fff;text-decoration:none;}
.sidebar .PopularPosts{text-transform:none;margin:0 0 20px;padding:0 auto;}
.sidebar .PopularPosts .widget-content{padding:0;}
.sidebar .PopularPosts ul{margin:0;padding:0;}
.sidebar .PopularPosts ul li{text-indent:0;line-height:1.3em;list-style:none;display:block;margin:0;padding:15px 10px;}
.sidebar .PopularPosts li a{color:#d35400;}
.sidebar .PopularPosts li a:hover{text-decoration:none;color:#e67e22;-o-transition:all .4s ease-out;-webkit-transition:all .4s ease-out;-ms-transition:all .4s ease-out;transition:all .4s ease-out;}
.sidebar .PopularPosts .item-content{margin:0;padding:0;}
.sidebar .PopularPosts .item-title{font-size:1em;font-weight:400;text-decoration:none;text-transform:uppercase;}
.sidebar .PopularPosts .item-snippet{font-size:.75em;line-height:1.4em;color:#888;margin:2px 0 0;padding:0;}
.sidebar .PopularPosts .item-thumbnail img{width:90px;height:65px;margin-right:3px;}
#under-wrapper{position:relative;width:100%;height:auto;margin:20px auto;padding:10px 0;}
#related-posts{position:relative;width:100%;margin:5px 0 30px;padding:10px 0;}
#related-posts h2{line-height:1.3em;font-size:1.5em;padding:15px 0;}
#related-posts a{font-family:Verdana, Arial, sans-serif;font-size:.875em;font-weight:400;color:#34495e;}
#related-posts a:hover{color:#724cd1;opacity:.7;filter:alpha(opacity=70);-moz-opacity:.7;-khtml-opacity:.7;}
#footer{width:100%;clear:both;line-height:1.5em;text-transform:none;letter-spacing:.01em;text-align:center;margin:0 auto;padding:0 auto;}
.footer .widget{margin:0;padding:15px 0;}
#credit-wrapper{width:100%;clear:both;margin:0 auto;}
#link-wrapper{width:100%;line-height:1.6em;text-align:center;font-size:.7em;color:#666;padding:20px 0;}
#subheader{background:#333 url(http://1.bp.blogspot.com/-Ve9muT3_FFU/UtBWqp8fFWI/AAAAAAAAFXI/Hm93VwaMFUU/s1600/bg01.png);width:100%;height:auto;float:left;margin:25px auto;padding:0;}
#subheader-left{background:#e6e6e6;width:49%;float:left;font-family:Arvo,serif;color:#222;text-shadow:1px 2px 1px #FFF;margin:2%;padding:2%;}
#subheader-left p{font-size:1.3em;color:#222;line-height:1.3em;}
#subheader-left h5{font-size:1.9em;font-weight:400;line-height:1.2em;}
#subheader-left .social{font-size:1.08em;color:#252525;padding:2% 0;}
#subheader-right img{float:right;width:43%;height:auto;background:#fefefe;margin:2%;padding:1%;}
.jump-link a{color:#c0392b;font-size:100%;line-height:1em;display:inline-block;margin:10px 0;}
.jump-link a:hover{color:#222;cursor:pointer;text-decoration:none;}
@media screen and max-device-width 480px {
.comments .comments-content .comment-replies{margin-left:0;}
}

]]></b:skin>

<b:if cond='data:blog.pageType == &quot;index&quot;'>
<script type='text/javascript'>
var thumbnail_mode = &quot;float&quot; ;
summary_noimg = 320;
summary_img = 230;
img_thumb_height = 439;
img_thumb_width = 658;
</script>
<script type='text/javascript'>
//<![CDATA[
// <!-- Summary Posts with thumbnails for Blogger/Blogspot version 3.0 (C)2008 by Anhvo -->
// <!-- http://btdesigner.blogspot.com/ -->

function removeHtmlTag(strx,chop){ 
	if(strx.indexOf("<")!=-1)
	{
		var s = strx.split("<"); 
		for(var i=0;i<s.length;i++){ 
			if(s[i].indexOf(">")!=-1){ 
				s[i] = s[i].substring(s[i].indexOf(">")+1,s[i].length); 
			} 
		} 
		strx =  s.join(""); 
	}
	chop = (chop < strx.length-1) ? chop : strx.length-2; 
	while(strx.charAt(chop-1)!=' ' && strx.indexOf(' ',chop)!=-1) chop++; 
	strx = strx.substring(0,chop-1); 
	return strx+'...'; 
}

function createSummaryAndThumb(pID){
	var div = document.getElementById(pID);
	var imgtag = "";
	var img = div.getElementsByTagName("img");
	var summ = summary_noimg;
	if(img.length>=1) {	
		if(thumbnail_mode == "float") {
			imgtag = '<span style="float:left; padding:0px 0px 0px 0px;margin:0 0 0 0 !important;"><img src="'+img[0].src+'" width="'+img_thumb_width+'px" height="'+img_thumb_height+'px"/></span>';
			summ = summary_img;
		} else {
			imgtag = '<div style="padding:0 5px" align="center"><img style="max-width:'+img_thumb_width+'px; max-height:'+img_thumb_height+'px;" src="'+img[0].src+'" /></div>';
			summ = summary_img;
		}
	}
	
	var summary = imgtag + '<div>' + removeHtmlTag(div.innerHTML,summ) + '</div>';
	div.innerHTML = summary;
}

//]]>
</script>
</b:if>

<style type='text/css'> 
<b:if cond='data:blog.pageType != &quot;item&quot;'>
.post-footer {display:none}
</b:if>
<b:if cond='data:blog.pageType == &quot;static_page&quot;'>
.post-footer {display:inline}
</b:if>

@media screen and (max-width: 830px) {
    #outer-wrapper{width:100%} 
	#wrap2{}
    #header-wrapper, #header{width:100%;height:auto;position:relative;text-align:center;}
    #subheader{width:100%;height:auto;float:none;margin:0 auto 10px;padding:5px;text-align:center;overflow:hidden}
	#main-wrapper{float:left;margin:0 auto;}
	#sidebar-wrapper,.sidebar{float:right;margin:0 auto;}
	.post{margin-bottom:10px;padding:10px;}
	.post-body{text-align:justify;line-height:1.3em;font-size:.9em;}
	.post-body img{width:100%;height:auto;}
	#footer-wrapper,#footer{float:none;width:auto;margin:0;padding:10px;}
	#content-wrapper,#credit-wrapper,#link-wrapper{width:100%;margin:0 auto;padding:20px 0;}
}
@media screen and (min-width: 200px) and (max-width: 640px) {
	body{background:#fff;}
    #outer-wrapper{width:auto;padding:1%} 
    #wrap2{width:auto;}
    #header-wrapper, #header{width:100%;height:auto;position:relative;float:left;text-align:center;}
    #nav { float: none;text-align: center;height: auto;}  
    #subheader{width:100%;height:auto;float:none;margin:0 auto 10px;padding:1%;text-align:center}
	#content-wrapper{width:auto;margin:20px auto;padding:0;}
	#main-wrapper{float:none;width:100%;}
	#sidebar-wrapper,.sidebar{width:100%;float:none;margin-top:10px;}
	.post{width:auto;margin-bottom:20px;padding:0;}
	.post-body{text-align:justify;line-height:1.3em;font-size:.9em;padding:10px;}
	.post-body img{width:100%;height:auto;}
	.main .widget {padding:0.5em;}
	#blog-pager{width:100%;padding:0;float:left;}
	#footer-wrapper,#footer{float:none;width:auto;margin:0;padding:10px;}
	#credit-wrapper,#link-wrapper{width:100%;margin:0 auto;padding:20px 0;}
	#subheader-left,#subheader-right img{width:100%;float:none;height:auto;margin:0 auto;}
}
</style>

<b:if cond='data:blog.pageType == &quot;item&quot;'>
<script src='http://ajax.googleapis.com/ajax/libs/jquery/1.8.3/jquery.min.js' type='text/javascript'/>
<script src='https://googledrive.com/host/0B-fJcibqg914TVZpUzVaT0tCc1k' type='text/javascript'/>
</b:if>

<script src='http://apis.google.com/js/plusone.js' type='text/javascript'>
{lang: &#39;en-US&#39;}
</script>

  </head>

<body>
<b:section class='navbar' id='navbar' maxwidgets='1' showaddelement='no'>
  <b:widget id='Navbar1' locked='true' title='Navbar' type='Navbar'>
    <b:includable id='main'>&lt;script type=&quot;text/javascript&quot;&gt;
    function setAttributeOnload(object, attribute, val) {
      if(window.addEventListener) {
        window.addEventListener(&#39;load&#39;,
          function(){ object[attribute] = val; }, false);
      } else {
        window.attachEvent(&#39;onload&#39;, function(){ object[attribute] = val; });
      }
    }
  &lt;/script&gt;
&lt;div id=&quot;navbar-iframe-container&quot;&gt;&lt;/div&gt;
&lt;script type=&quot;text/javascript&quot; src=&quot;https://apis.google.com/js/plusone.js&quot;&gt;&lt;/script&gt;
&lt;script type=&quot;text/javascript&quot;&gt;
        gapi.load(&quot;gapi.iframes:gapi.iframes.style.bubble&quot;, function() {
          if (gapi.iframes &amp;&amp; gapi.iframes.getContext) {
            gapi.iframes.getContext().openChild({
                url: &#39;https://draft.blogger.com/navbar.g?targetBlogID\0752943385996394715496\46blogName\75arvo+theme\46publishMode\75PUBLISH_MODE_BLOGSPOT\46navbarType\75DISABLED\46layoutType\75LAYOUTS\46searchRoot\75http://btd-templates.blogspot.com/search\46blogLocale\75en\46v\0752\46homepageUrl\75http://btd-templates.blogspot.com/\46blogFollowUrl\75https://plus.google.com/111221048711219991896\46vt\758581901840141715522&#39;,
                where: document.getElementById(&quot;navbar-iframe-container&quot;),
                id: &quot;navbar-iframe&quot;
            });
          }
        });
      &lt;/script&gt;&lt;script type=&quot;text/javascript&quot;&gt;
(function() {
var script = document.createElement(&#39;script&#39;);
script.type = &#39;text/javascript&#39;;
script.src = &#39;//pagead2.googlesyndication.com/pagead/js/google_top_exp.js&#39;;
var head = document.getElementsByTagName(&#39;head&#39;)[0];
if (head) {
head.appendChild(script);
}})();
&lt;/script&gt;
</b:includable>
  </b:widget>
</b:section>

<div id='outer-wrapper'><div id='wrap2'>

    <div id='header-wrapper'>
      <b:section class='header' id='header' maxwidgets='1' showaddelement='no'>
        <b:widget id='Header1' locked='true' title='arvo theme (Header)' type='Header'>
          <b:includable id='main'>

  <b:if cond='data:useImage'>
    <b:if cond='data:imagePlacement == &quot;BEHIND&quot;'>
      <!--
      Show image as background to text. You can't really calculate the width
      reliably in JS because margins are not taken into account by any of
      clientWidth, offsetWidth or scrollWidth, so we don't force a minimum
      width if the user is using shrink to fit.
      This results in a margin-width's worth of pixels being cropped. If the
      user is not using shrink to fit then we expand the header.
      -->
      <b:if cond='data:mobile'>
          <div id='header-inner'>
            <div class='titlewrapper' style='background: transparent'>
              <h1 class='title' style='background: transparent; border-width: 0px'>
                <b:include name='title'/>
              </h1>
            </div>
            <b:include name='description'/>
          </div>
        <b:else/>
          <div expr:style='&quot;background-image: url(\&quot;&quot; + data:sourceUrl + &quot;\&quot;); &quot;                        + &quot;background-position: &quot;                        + data:backgroundPositionStyleStr + &quot;; &quot;                        + data:widthStyleStr                        + &quot;min-height: &quot; + data:height                        + &quot;_height: &quot; + data:height                        + &quot;background-repeat: no-repeat; &quot;' id='header-inner'>
            <div class='titlewrapper' style='background: transparent'>
              <h1 class='title' style='background: transparent; border-width: 0px'>
                <b:include name='title'/>
              </h1>
            </div>
            <b:include name='description'/>
          </div>
        </b:if>
    <b:else/>
      <!--Show the image only-->
      <div id='header-inner'>
        <a expr:href='data:blog.homepageUrl' style='display: block'>
          <img expr:alt='data:title' expr:height='data:height' expr:id='data:widget.instanceId + &quot;_headerimg&quot;' expr:src='data:sourceUrl' expr:width='data:width' style='display: block'/>
        </a>
        <!--Show the description-->
        <b:if cond='data:imagePlacement == &quot;BEFORE_DESCRIPTION&quot;'>
          <b:include name='description'/>
        </b:if>
      </div>
    </b:if>
  <b:else/>
    <!--No header image -->
    <div id='header-inner'>
      <div class='titlewrapper'>
        <h1 class='title'>
          <b:include name='title'/>
        </h1>
      </div>
      <b:include name='description'/>
    </div>
  </b:if>
</b:includable>
          <b:includable id='description'>
  <div class='descriptionwrapper'>
    <p class='description'><span><data:description/></span></p>
  </div>
</b:includable>
          <b:includable id='title'>
  <b:if cond='data:blog.url == data:blog.homepageUrl'>
    <data:title/>
  <b:else/>
    <a expr:href='data:blog.homepageUrl'><data:title/></a>
  </b:if>
</b:includable>
        </b:widget>
      </b:section>
 	</div><!-- header-wrapper END -->

		<!-- start menu --> 
		<div id='nav'>
<ul> 
  <li><a class='current' href='/'>Home</a></li> 
  <li><a href='/'>Blogger</a></li> 
  <li><a href='/'>Templates</a></li> 
  <li><a href='/'>designer</a></li>  
  <li><a href='/'>dropdown</a> 
	<ul> 
    <li><a href='/'>lifestyle.1</a></li> 
    <li><a href='/'>lifestyle.2</a></li> 
    <li><a href='/'>lifestyle.3</a></li> 
    <li><a href='/'>lifestyle.4</a></li> 
    <li><a href='/'>lifestyle.5</a></li> 
  	</ul> 
  </li>
  	<li><a href='/'>templates</a> 
  	<ul> 
    <li><a href='/'>template.1</a></li> 
    <li><a href='/'>template.2</a></li> 
    <li><a href='/'>template.3</a></li> 
    <li><a href='/'>template.4</a></li> 
    </ul> 
  	</li> 
</ul>
</div>
<!-- end menu -->
<div style='clear: both;'/> 


<!--Subheader-->
<b:if cond='data:blog.pageType == &quot;index&quot;'>
<div id='subheader'>
<div id='subheader-left'>
  <p><h5>Welcome to <strong>Arvo</strong></h5><br/>Responsive Blogger Template by BTDesigner. Here you can write something.<br/>Lorem ipsum dolor sit amet, consectetuer adipiscing elit. Nullam eu est quis enim commodo aliquet.<br/><br/></p>
<div class='social'>Follow:
<a href='http://www.twitter.com'>Twitter</a> | <a href='http://www.facebook.com'>Facebook</a> | <a href='http://www.google.com'>Google +</a> | <a href='http://www.pinterest.com'>Pinterest</a>
</div>
</div>
<div id='subheader-right'>
  <img alt='Smiley face' height='auto' src='http://1.bp.blogspot.com/-WCNMRdfpxqc/Un-Yy88T_kI/AAAAAAAAFPo/aL0600oYPWc/s1600/In-Smiling-Girls-700.jpg' width='100%'/>
</div>
</div>
</b:if>
<!--/Subheader-->


    <div id='content-wrapper'>

      <div id='crosscol-wrapper' style='text-align:center;'>
        <b:section class='crosscol' id='crosscol'/>
      </div>

		<div id='main-wrapper'>
        <b:section class='main' id='main' showaddelement='no'>
          <b:widget id='Blog1' locked='true' title='Blog Posts' type='Blog'>
            <b:includable id='main' var='top'>
  <b:if cond='data:mobile == &quot;false&quot;'>

    <!-- posts -->
    <div class='blog-posts hfeed'>

      <b:include data='top' name='status-message'/>

      <data:defaultAdStart/>
      <b:loop values='data:posts' var='post'>
        <b:if cond='data:post.isDateStart'>
          <b:if cond='data:post.isFirstPost == &quot;false&quot;'>
            &lt;/div&gt;&lt;/div&gt;
          </b:if>
        </b:if>
        <b:if cond='data:post.isDateStart'>
          &lt;div class=&quot;date-outer&quot;&gt;
        </b:if>
        <b:if cond='data:post.dateHeader'>
          <h3 class='date-header'><span><data:post.dateHeader/></span></h3>
        </b:if>
        <b:if cond='data:post.isDateStart'>
          &lt;div class=&quot;date-posts&quot;&gt;
        </b:if>
        <div class='post-outer'>
        <b:include data='post' name='post'/>
<b:if cond='data:blog.pageType == &quot;static_page&quot;'>
         <b:if cond='data:post.showThreadedComments'>
           <b:include data='post' name='threaded_comments'/>
         <b:else/>
           <b:include data='post' name='comments'/>
         </b:if>
       </b:if>
       <b:if cond='data:blog.pageType == &quot;item&quot;'>
         <b:if cond='data:post.showThreadedComments'>
           <b:include data='post' name='threaded_comments'/>
         <b:else/>
           <b:include data='post' name='comments'/>
         </b:if>
       </b:if>
        </div>
        <b:if cond='data:post.includeAd'>
          <b:if cond='data:post.isFirstPost'>
            <data:defaultAdEnd/>
          <b:else/>
            <data:adEnd/>
          </b:if>
          <div class='inline-ad'>
            <data:adCode/>
          </div>
          <data:adStart/>
        </b:if>
      </b:loop>
      <b:if cond='data:numPosts != 0'>
        &lt;/div&gt;&lt;/div&gt;
      </b:if>
      <data:adEnd/>
    </div>

    <!-- navigation -->
    <b:include name='nextprev'/>

    <!-- feed links -->
    <b:include name='feedLinks'/>

    <b:if cond='data:top.showStars'>
      <script src='//www.google.com/jsapi' type='text/javascript'/>
      <script type='text/javascript'>
        google.load(&quot;annotations&quot;, &quot;1&quot;, {&quot;locale&quot;: &quot;<data:top.languageCode/>&quot;});
        function initialize() {
          google.annotations.setApplicationId(<data:top.blogspotReviews/>);
          google.annotations.createAll();
          google.annotations.fetch();
        }
        google.setOnLoadCallback(initialize);
      </script>
    </b:if>

  <b:else/>
    <b:include name='mobile-main'/>
  </b:if>

  <b:if cond='data:top.showDummy'>
    <data:top.dummyBootstrap/>
  </b:if>

</b:includable>
            <b:includable id='backlinkDeleteIcon' var='backlink'>
  <span expr:class='&quot;item-control &quot; + data:backlink.adminClass'>
    <a expr:href='data:backlink.deleteUrl' expr:title='data:top.deleteBacklinkMsg'>
      <img src='//www.blogger.com/img/icon_delete13.gif'/>
    </a>
  </span>
</b:includable>
            <b:includable id='backlinks' var='post'>
  <a name='links'/><h4><data:post.backlinksLabel/></h4>
  <b:if cond='data:post.numBacklinks != 0'>
    <dl class='comments-block' id='comments-block'>
      <b:loop values='data:post.backlinks' var='backlink'>
        <div class='collapsed-backlink backlink-control'>
          <dt class='comment-title'>
            <span class='backlink-toggle-zippy'>&#160;</span>
            <a expr:href='data:backlink.url' rel='nofollow'><data:backlink.title/></a>
            <b:include data='backlink' name='backlinkDeleteIcon'/>
          </dt>
          <dd class='comment-body collapseable'>
            <data:backlink.snippet/>
          </dd>
          <dd class='comment-footer collapseable'>
            <span class='comment-author'><data:post.authorLabel/> <data:backlink.author/></span>
            <span class='comment-timestamp'><data:post.timestampLabel/> <data:backlink.timestamp/></span>
          </dd>
        </div>
      </b:loop>
    </dl>
  </b:if>
  <p class='comment-footer'>
    <a class='comment-link' expr:href='data:post.createLinkUrl' expr:id='data:widget.instanceId + &quot;_backlinks-create-link&quot;' target='_blank'><data:post.createLinkLabel/></a>
  </p>
</b:includable>
            <b:includable id='comment-form' var='post'>
  <div class='comment-form'>
    <a name='comment-form'/>
    <b:if cond='data:mobile'>
      <h4 id='comment-post-message'>
        <a expr:id='data:widget.instanceId + &quot;_comment-editor-toggle-link&quot;' href='javascript:void(0)'><data:postCommentMsg/></a></h4>
      <p><data:blogCommentMessage/></p>
      <data:blogTeamBlogMessage/>
      <a expr:href='data:post.commentFormIframeSrc' id='comment-editor-src'/>
      <iframe allowtransparency='true' class='blogger-iframe-colorize blogger-comment-from-post' frameborder='0' height='410' id='comment-editor' name='comment-editor' src='' style='display: none' width='100%'/>
    <b:else/>
      <h4 id='comment-post-message'><data:postCommentMsg/></h4>
      <p><data:blogCommentMessage/></p>
      <data:blogTeamBlogMessage/>
      <a expr:href='data:post.commentFormIframeSrc' id='comment-editor-src'/>
      <iframe allowtransparency='true' class='blogger-iframe-colorize blogger-comment-from-post' frameborder='0' height='410' id='comment-editor' name='comment-editor' src='' width='100%'/>
    </b:if>
    <data:post.friendConnectJs/>
    <data:post.cmtfpIframe/>
    <script type='text/javascript'>
      BLOG_CMT_createIframe(&#39;<data:post.appRpcRelayPath/>&#39;, &#39;<data:post.communityId/>&#39;);
    </script>
  </div>
</b:includable>
            <b:includable id='commentDeleteIcon' var='comment'>
  <span expr:class='&quot;item-control &quot; + data:comment.adminClass'>
    <b:if cond='data:showCmtPopup'>
      <div class='goog-toggle-button'>
        <div class='goog-inline-block comment-action-icon'/>
      </div>
    <b:else/>
      <a class='comment-delete' expr:href='data:comment.deleteUrl' expr:title='data:top.deleteCommentMsg'>
        <img src='//www.blogger.com/img/icon_delete13.gif'/>
      </a>
    </b:if>
  </span>
</b:includable>
            <b:includable id='comment_count_picker' var='post'>
  <b:if cond='data:post.commentSource == 1'>
    <span class='cmt_count_iframe_holder' expr:data-count='data:post.numComments' expr:data-onclick='data:post.addCommentOnclick' expr:data-post-url='data:post.url' expr:data-url='data:post.canonicalUrl'>
    </span>
  <b:else/>
    <a class='comment-link' expr:href='data:post.addCommentUrl' expr:onclick='data:post.addCommentOnclick'>
      <data:post.commentLabelFull/>:
    </a>
  </b:if>
</b:includable>
            <b:includable id='comment_picker' var='post'>
  <b:if cond='data:post.commentSource == 1'>
    <b:include data='post' name='iframe_comments'/>
  <b:else/>
    <b:if cond='data:post.showThreadedComments'>
      <b:include data='post' name='threaded_comments'/>
    <b:else/>
      <b:include data='post' name='comments'/>
    </b:if>
  </b:if>
</b:includable>
            <b:includable id='comments' var='post'>
  <div class='comments' id='comments'>
    <a name='comments'/>
    <b:if cond='data:post.allowComments'>
      <h4>
        <b:if cond='data:post.numComments == 1'>
          1 <data:commentLabel/>:
        <b:else/>
          <data:post.numComments/> <data:commentLabelPlural/>:
        </b:if>
      </h4>

      <b:if cond='data:post.commentPagingRequired'>
        <span class='paging-control-container'>
          <a expr:class='data:post.oldLinkClass' expr:href='data:post.oldestLinkUrl'><data:post.oldestLinkText/></a>
          &#160;
          <a expr:class='data:post.oldLinkClass' expr:href='data:post.olderLinkUrl'><data:post.olderLinkText/></a>
          &#160;
          <data:post.commentRangeText/>
          &#160;
          <a expr:class='data:post.newLinkClass' expr:href='data:post.newerLinkUrl'><data:post.newerLinkText/></a>
          &#160;
          <a expr:class='data:post.newLinkClass' expr:href='data:post.newestLinkUrl'><data:post.newestLinkText/></a>
        </span>
      </b:if>

      <div expr:id='data:widget.instanceId + &quot;_comments-block-wrapper&quot;'>
        <dl expr:class='data:post.avatarIndentClass' id='comments-block'>
          <b:loop values='data:post.comments' var='comment'>
            <dt expr:class='&quot;comment-author &quot; + data:comment.authorClass' expr:id='data:comment.anchorName'>
              <b:if cond='data:comment.favicon'>
                <img expr:src='data:comment.favicon' height='16px' style='margin-bottom:-2px;' width='16px'/>
              </b:if>
              <a expr:name='data:comment.anchorName'/>
              <b:if cond='data:blog.enabledCommentProfileImages'>
                <data:comment.authorAvatarImage/>
              </b:if>
              <b:if cond='data:comment.authorUrl'>
                <a expr:href='data:comment.authorUrl' rel='nofollow'><data:comment.author/></a>
              <b:else/>
                <data:comment.author/>
              </b:if>
              <data:commentPostedByMsg/>
            </dt>
            <dd class='comment-body' expr:id='data:widget.instanceId + data:comment.cmtBodyIdPostfix'>
              <b:if cond='data:comment.isDeleted'>
                <span class='deleted-comment'><data:comment.body/></span>
              <b:else/>
                <p>
                  <data:comment.body/>
                </p>
              </b:if>
            </dd>
            <dd class='comment-footer'>
              <span class='comment-timestamp'>
                <a expr:href='data:comment.url' title='comment permalink'>
                  <data:comment.timestamp/>
                </a>
                <b:include data='comment' name='commentDeleteIcon'/>
              </span>
            </dd>
          </b:loop>
        </dl>
      </div>

      <b:if cond='data:post.commentPagingRequired'>
        <span class='paging-control-container'>
          <a expr:class='data:post.oldLinkClass' expr:href='data:post.oldestLinkUrl'>
            <data:post.oldestLinkText/>
          </a>
          <a expr:class='data:post.oldLinkClass' expr:href='data:post.olderLinkUrl'>
            <data:post.olderLinkText/>
          </a>
          &#160;
          <data:post.commentRangeText/>
          &#160;
          <a expr:class='data:post.newLinkClass' expr:href='data:post.newerLinkUrl'>
            <data:post.newerLinkText/>
          </a>
          <a expr:class='data:post.newLinkClass' expr:href='data:post.newestLinkUrl'>
            <data:post.newestLinkText/>
          </a>
        </span>
      </b:if>

      <p class='comment-footer'>
        <b:if cond='data:post.embedCommentForm'>
          <b:if cond='data:post.allowNewComments'>
            <b:include data='post' name='comment-form'/>
          <b:else/>
            <data:post.noNewCommentsText/>
          </b:if>
        <b:else/>
          <b:if cond='data:post.allowComments'>
            <a expr:href='data:post.addCommentUrl' expr:onclick='data:post.addCommentOnclick'><data:postCommentMsg/></a>
          </b:if>
        </b:if>

      </p>
    </b:if>
    <b:if cond='data:showCmtPopup'>
      <div id='comment-popup'>
        <iframe allowtransparency='true' frameborder='0' id='comment-actions' name='comment-actions' scrolling='no'>
        </iframe>
      </div>
    </b:if>

    <div id='backlinks-container'>
    <div expr:id='data:widget.instanceId + &quot;_backlinks-container&quot;'>
       <b:if cond='data:post.showBacklinks'>
         <b:include data='post' name='backlinks'/>
       </b:if>
    </div>
    </div>
  </div>
</b:includable>
            <b:includable id='feedLinks'>
  <b:if cond='data:blog.pageType != &quot;item&quot;'> <!-- Blog feed links -->
    <b:if cond='data:feedLinks'>
      <div class='blog-feeds'>
        <b:include data='feedLinks' name='feedLinksBody'/>
      </div>
    </b:if>

    <b:else/> <!--Post feed links -->
    <div class='post-feeds'>
      <b:loop values='data:posts' var='post'>
        <b:if cond='data:post.allowComments'>
          <b:if cond='data:post.feedLinks'>
            <b:include data='post.feedLinks' name='feedLinksBody'/>
          </b:if>
        </b:if>
      </b:loop>
    </div>
  </b:if>
</b:includable>
            <b:includable id='feedLinksBody' var='links'>
  <div class='feed-links'>
  <data:feedLinksMsg/>
  <b:loop values='data:links' var='f'>
     <a class='feed-link' expr:href='data:f.url' expr:type='data:f.mimeType' target='_blank'><data:f.name/> (<data:f.feedType/>)</a>
  </b:loop>
  </div>
</b:includable>
            <b:includable id='iframe_comments' var='post'>

  <b:if cond='data:post.allowIframeComments'>
    <script expr:src='data:post.iframeCommentSrc' type='text/javascript'/>
    <div class='cmt_iframe_holder' expr:data-href='data:post.canonicalUrl' expr:data-viewtype='data:post.viewType'/>

    <b:if cond='data:post.embedCommentForm == &quot;false&quot;'>
      <a expr:href='data:post.addCommentUrl' expr:onclick='data:post.addCommentOnclick'><data:postCommentMsg/></a>
    </b:if>
  </b:if>
</b:includable>
            <b:includable id='mobile-index-post' var='post'>
  <div class='mobile-date-outer date-outer'>
    <b:if cond='data:post.dateHeader'>
      <div class='date-header'>
        <span><data:post.dateHeader/></span>
      </div>
    </b:if>

    <div class='mobile-post-outer'>
      <a expr:href='data:post.url'>
        <h2 class='mobile-index-title entry-title'>
          <data:post.title/>
        </h2>

        <div class='mobile-index-arrow'>&amp;rsaquo;</div>

        <div class='mobile-index-contents'>
          <b:if cond='data:post.thumbnailUrl'>
            <div class='mobile-index-thumbnail'>
              <div class='Image'>
                <img expr:src='data:post.thumbnailUrl'/>
              </div>
            </div>
          </b:if>

          <div class='post-body'>
            <b:if cond='data:post.snippet'><data:post.snippet/></b:if>
          </div>
        </div>

        <div style='clear: both;'/>
      </a>

      <div class='mobile-index-comment'>
        <b:if cond='data:blog.pageType != &quot;static_page&quot;'>
          <b:if cond='data:post.allowComments'>
            <b:if cond='data:post.numComments != 0'>
              <a class='comment-link' expr:href='data:post.addCommentUrl' expr:onclick='data:post.addCommentOnclick'><b:if cond='data:post.numComments == 1'>1 <data:top.commentLabel/><b:else/><data:post.numComments/> <data:top.commentLabelPlural/></b:if></a>
            </b:if>
          </b:if>
        </b:if>
      </div>
    </div>
  </div>
</b:includable>
            <b:includable id='mobile-main' var='top'>
    <!-- posts -->
    <div class='blog-posts hfeed'>

      <b:include data='top' name='status-message'/>

      <b:if cond='data:blog.pageType == &quot;index&quot;'>
        <b:loop values='data:posts' var='post'>
          <b:include data='post' name='mobile-index-post'/>
        </b:loop>
      <b:else/>
        <b:loop values='data:posts' var='post'>
          <b:include data='post' name='mobile-post'/>
        </b:loop>
      </b:if>
    </div>

   <b:include name='mobile-nextprev'/>
</b:includable>
            <b:includable id='mobile-nextprev'>
  <div class='blog-pager' id='blog-pager'>
    <b:if cond='data:newerPageUrl'>
      <div class='mobile-link-button' id='blog-pager-newer-link'>
      <a class='blog-pager-newer-link' expr:href='data:newerPageUrl' expr:id='data:widget.instanceId + &quot;_blog-pager-newer-link&quot;' expr:title='data:newerPageTitle'>&amp;lsaquo;</a>
      </div>
    </b:if>

    <b:if cond='data:olderPageUrl'>
      <div class='mobile-link-button' id='blog-pager-older-link'>
      <a class='blog-pager-older-link' expr:href='data:olderPageUrl' expr:id='data:widget.instanceId + &quot;_blog-pager-older-link&quot;' expr:title='data:olderPageTitle'>&amp;rsaquo;</a>
      </div>
    </b:if>

    <div class='mobile-link-button' id='blog-pager-home-link'>
    <a class='home-link' expr:href='data:blog.homepageUrl'><data:homeMsg/></a>
    </div>

    <div class='mobile-desktop-link'>
      <a class='home-link' expr:href='data:desktopLinkUrl'><data:desktopLinkMsg/></a>
    </div>

  </div>
  <div class='clear'/>
</b:includable>
            <b:includable id='mobile-post' var='post'>
  <div class='date-outer'>
    <b:if cond='data:post.dateHeader'>
      <h3 class='date-header'><span><data:post.dateHeader/></span></h3>
    </b:if>
    <div class='date-posts'>
      <div class='post-outer'>

        <div class='post hentry uncustomized-post-template'>
          <a expr:name='data:post.id'/>
          <b:if cond='data:post.title'>
            <h2 class='post-title entry-title'>
              <b:if cond='data:post.link'>
                <a expr:href='data:post.link'><data:post.title/></a>
              <b:else/>
                <b:if cond='data:post.url'>
                  <b:if cond='data:blog.url != data:post.url'>
                    <a expr:href='data:post.url'><data:post.title/></a>
                  <b:else/>
                    <data:post.title/>
                  </b:if>
                <b:else/>
                  <data:post.title/>
                </b:if>
              </b:if>
            </h2>
          </b:if>

          <div class='post-header'>
            <div class='post-header-line-1'>

          </div>
			</div>
          <div class='post-body entry-content' expr:id='&quot;post-body-&quot; + data:post.id'>
            <data:post.body/>
            <div style='clear: both;'/> <!-- clear for photos floats -->
          </div>

          <div class='post-footer'>
            <div class='post-footer-line post-footer-line-1'/>

            <div class='post-footer-line post-footer-line-2'>
              <b:if cond='data:top.showMobileShare'>
                <div class='mobile-link-button goog-inline-block' id='mobile-share-button'>
                  <a href='javascript:void(0);'><data:shareMsg/></a>
                </div>
              </b:if>
              <b:if cond='data:top.showDummy'>
                <div class='goog-inline-block dummy-container'><data:post.dummyTag/></div>
              </b:if>
            </div>

          </div>
        </div>

        <b:if cond='data:blog.pageType == &quot;static_page&quot;'>
          <b:if cond='data:post.showThreadedComments'>
            <b:include data='post' name='threaded_comments'/>
          <b:else/>
            <b:include data='post' name='comments'/>
          </b:if>
        </b:if>
        <b:if cond='data:blog.pageType == &quot;item&quot;'>
          <b:if cond='data:post.showThreadedComments'>
            <b:include data='post' name='threaded_comments'/>
          <b:else/>
            <b:include data='post' name='comments'/>
          </b:if>
        </b:if>
      </div>
    </div>
  </div>
</b:includable>
            <b:includable id='nextprev'>
  <div class='blog-pager' id='blog-pager'>
    <b:if cond='data:newerPageUrl'>
      <span id='blog-pager-newer-link'>
      <a class='blog-pager-newer-link' expr:href='data:newerPageUrl' expr:id='data:widget.instanceId + &quot;_blog-pager-newer-link&quot;' expr:title='data:newerPageTitle'><data:newerPageTitle/></a>
      </span>
    </b:if>

    <b:if cond='data:olderPageUrl'>
      <span id='blog-pager-older-link'>
      <a class='blog-pager-older-link' expr:href='data:olderPageUrl' expr:id='data:widget.instanceId + &quot;_blog-pager-older-link&quot;' expr:title='data:olderPageTitle'><data:olderPageTitle/></a>
      </span>
    </b:if>

    <a class='home-link' expr:href='data:blog.homepageUrl'><data:homeMsg/></a>

    <b:if cond='data:mobileLinkUrl'>
      <div class='blog-mobile-link'>
        <a expr:href='data:mobileLinkUrl'><data:mobileLinkMsg/></a>
      </div>
    </b:if>

  </div>
  <div class='clear'/>
</b:includable>
            <b:includable id='post' var='post'>
  <div class='post hentry'>
    <a expr:name='data:post.id'/>
    <b:if cond='data:post.title'>

<b:if cond='data:blog.pageType != &quot;item&quot;'>
<span class='post-labels'>
<b:if cond='data:post.labels'>
<b:loop values='data:post.labels' var='label'>
<a expr:href='data:label.url + &quot;?&amp;max-results=5&quot;' rel='tag'><data:label.name/></a><b:if cond='data:label.isLast != &quot;true&quot;'>,</b:if>
</b:loop>
</b:if>
</span>
</b:if>
      <h2 class='post-title entry-title'>
      <b:if cond='data:post.link'>
        <a expr:href='data:post.link'><data:post.title/></a>
      <b:else/>
        <b:if cond='data:post.url'>
          <b:if cond='data:blog.url != data:post.url'>
            <a expr:href='data:post.url'><data:post.title/></a>
          <b:else/>
            <data:post.title/>
          </b:if>
        <b:else/>
          <data:post.title/>
        </b:if>
      </b:if>
      </h2>
    </b:if>

    <div class='post-header'>
    <div class='post-header-line-1'>

<span class='post-author vcard'>
                <b:if cond='data:top.showAuthor'>
                  <b:if cond='data:post.authorProfileUrl'>
                    <span class='fn' itemprop='author' itemscope='itemscope' itemtype='http://schema.org/Person'>
                      <meta expr:content='data:post.authorProfileUrl' itemprop='url'/>
                      <a expr:href='data:post.authorProfileUrl' rel='author' title='author profile'>
                        <span itemprop='name'><data:post.author/></span>
                      </a>
                    </span>
                  <b:else/>
                    <span class='fn' itemprop='author' itemscope='itemscope' itemtype='http://schema.org/Person'>
                      <span itemprop='name'><data:post.author/></span>
                    </span>
                  </b:if>
                </b:if>
              </span>

              <span class='post-timestamp'>
                <b:if cond='data:top.showTimestamp'>
                  <data:top.timestampLabel/>
                  <b:if cond='data:post.url'>
                    <meta expr:content='data:post.canonicalUrl' itemprop='url'/>
                    <a class='timestamp-link' expr:href='data:post.url' rel='bookmark' title='permanent link'><abbr class='published' expr:title='data:post.timestampISO8601' itemprop='datePublished'><data:post.timestamp/></abbr></a>
                  </b:if>
                </b:if>
              </span>

              <span class='post-comment-link'>
                <b:if cond='data:blog.pageType != &quot;item&quot;'>
                  <b:if cond='data:blog.pageType != &quot;static_page&quot;'>
                    <b:if cond='data:post.allowComments'>
                      <b:include data='post' name='comment_count_picker'/>
                    </b:if>
                  </b:if>
                </b:if>
              </span>
      <br/>
	
<b:if cond='data:blog.pageType == &quot;item&quot;'>
<!-- AddThis Button BEGIN -->
<div class='addthis_toolbox addthis_default_style '>
<a class='addthis_button_preferred_1'/>
<a class='addthis_button_preferred_2'/>
<a class='addthis_button_preferred_3'/>
<a class='addthis_button_preferred_4'/>
<a class='addthis_button_compact'/>
<a class='addthis_counter addthis_bubble_style'/>
</div>
<script type='text/javascript'>var addthis_config = {&quot;data_track_addressbar&quot;:true};</script>
<script src='//s7.addthis.com/js/300/addthis_widget.js#pubid=ra-4fea027b6493fe59' type='text/javascript'/>
<!-- AddThis Button END -->

      </b:if>
		</div> 	
    </div>

    <div class='post-body entry-content' expr:id='&quot;post-body-&quot; + data:post.id'>
      <b:if cond='data:blog.pageType == &quot;item&quot;'>
<data:post.body/>
 
<b:else/>
<b:if cond='data:blog.pageType == &quot;static_page&quot;'>
<data:post.body/>
<b:else/>
<div expr:id='&quot;summary&quot; + data:post.id'>
<data:post.body/>
</div>
<script type='text/javascript'>
createSummaryAndThumb(&quot;summary<data:post.id/>&quot;);
</script>
  <span class='jump-link' style='float:left;padding-top:10px;'><a expr:href='data:post.url'>Continue Reading...</a></span>
</b:if>
</b:if>

     <div style='clear: both;'/> <!-- clear for photos floats -->
    </div>

    <b:if cond='data:post.hasJumpLink'>
      <div class='jump-link'>
        <a expr:href='data:post.url + &quot;#more&quot;' expr:title='data:post.title'><data:post.jumpText/></a>
      </div>
    </b:if>

    <div class='post-footer'>
    <div class='post-footer-line post-footer-line-1'><span class='post-author vcard'>
        <b:if cond='data:top.showAuthor'>
          <data:top.authorLabel/>
            <b:if cond='data:post.authorProfileUrl'>
              <span class='fn' itemprop='author' itemscope='itemscope' itemtype='http://schema.org/Person'>
                <meta expr:content='data:post.authorProfileUrl' itemprop='url'/>
                <a class='g-profile' expr:href='data:post.authorProfileUrl' rel='author' title='author profile'>
                  <span itemprop='name'><data:post.author/></span>
                </a>
              </span>
            <b:else/>
              <span class='fn' itemprop='author' itemscope='itemscope' itemtype='http://schema.org/Person'>
                <span itemprop='name'><data:post.author/></span>
              </span>
            </b:if>
        </b:if>
      </span> <span class='post-timestamp'>
        <b:if cond='data:top.showTimestamp'>
          <data:top.timestampLabel/>
        <b:if cond='data:post.url'>
          <meta expr:content='data:post.canonicalUrl' itemprop='url'/>
          <a class='timestamp-link' expr:href='data:post.url' rel='bookmark' title='permanent link'><abbr class='published' expr:title='data:post.timestampISO8601' itemprop='datePublished'><data:post.timestamp/></abbr></a>
        </b:if>
        </b:if>
      </span> <span class='post-comment-link'>
        <b:if cond='data:blog.pageType != &quot;item&quot;'>
          <b:if cond='data:blog.pageType != &quot;static_page&quot;'>
            <b:if cond='data:post.allowComments'>
              <b:include data='post' name='comment_count_picker'/>
            </b:if>
          </b:if>
        </b:if>
      </span> <span class='post-icons'>
        <!-- email post links -->
        <b:if cond='data:post.emailPostUrl'>
          <span class='item-action'>
          <a expr:href='data:post.emailPostUrl' expr:title='data:top.emailPostMsg'>
              <img alt='' class='icon-action' height='13' src='http://img1.blogblog.com/img/icon18_email.gif' width='18'/>
          </a>
          </span>
        </b:if>

        <!-- quickedit pencil -->
        <b:include data='post' name='postQuickEdit'/>
      </span> <span class='post-backlinks post-comment-link'>
         <b:if cond='data:blog.pageType != &quot;item&quot;'>
           <b:if cond='data:blog.pageType != &quot;static_page&quot;'>
             <b:if cond='data:post.showBacklinks'>
               <a class='comment-link' expr:href='data:post.url + &quot;#links&quot;'><data:top.backlinkLabel/></a>
             </b:if>
           </b:if>
         </b:if>
       </span> <span class='post-labels' style='padding-left:20px;'>
        <b:if cond='data:post.labels'>
          <data:postLabelsLabel/>
          <b:loop values='data:post.labels' var='label'>
            <a expr:href='data:label.url' rel='tag'><data:label.name/></a><b:if cond='data:label.isLast != &quot;true&quot;'>,</b:if>
          </b:loop>
        </b:if>
      </span> </div>

      <div class='post-footer-line post-footer-line-2'><div class='post-share-buttons goog-inline-block'>
        <b:if cond='data:post.sharePostUrl'>
          <b:include data='post' name='shareButtons'/>
        </b:if>
      </div> 
<span class='reaction-buttons'>
        <b:if cond='data:top.showReactions'>
          <table border='0' cellpadding='0' cellspacing='0' width='100%'><tr>
            <td class='reactions-label-cell' nowrap='nowrap' valign='top' width='1%'>
              <span class='reactions-label'>
              <data:top.reactionsLabel/></span>&#160;</td>
            <td><iframe allowtransparency='true' class='reactions-iframe' expr:src='data:post.reactionsUrl' frameborder='0' name='reactions' scrolling='no'/></td>
           </tr></table>
        </b:if>
      </span> <span class='post-location'>
        <b:if cond='data:top.showLocation'>
          <b:if cond='data:post.location'>
            <data:postLocationLabel/>
            <a expr:href='data:post.location.mapsUrl' target='_blank'><data:post.location.name/></a>
          </b:if>
        </b:if>
      </span> </div>

      <div class='post-footer-line post-footer-line-3'/>
      <b:if cond='data:post.authorAboutMe'>
        <div class='author-profile' itemprop='author' itemscope='itemscope' itemtype='http://schema.org/Person'>
          <b:if cond='data:post.authorPhoto.url'>
            <img expr:src='data:post.authorPhoto.url' itemprop='image' width='80px'/>
          </b:if>
          <div>
            <a class='g-profile' expr:href='data:post.authorProfileUrl' itemprop='url' rel='author' title='author profile'>
              <span itemprop='name'><data:post.author/></span>
            </a>
          </div>
          <span itemprop='description'><data:post.authorAboutMe/></span>
        </div>
      </b:if>
    </div>
  </div>

<b:if cond='data:blog.pageType == &quot;item&quot;'>
<div id='under-wrapper'>
<div style='text-align: left;margin:0 auto; padding:5px 0;width:100%;'>
<div style='float:left;padding:1px;margin-right:15px;font:normal 16px Arial;color:#21759b;'>
<strong>Share this article</strong> : 
</div>
<!-- AddThis Button BEGIN -->
<div class='addthis_toolbox addthis_default_style '>
<a class='addthis_button_facebook_like' fb:like:layout='button_count'/>
<a class='addthis_button_tweet'/>
<a class='addthis_button_google_plusone' g:plusone:size='medium'/> 
<a class='addthis_button_pinterest_pinit'/>
<a class='addthis_counter addthis_pill_style'/>
</div>
<script type='text/javascript'>var addthis_config = {&quot;data_track_addressbar&quot;:true};</script>
<script src='http://s7.addthis.com/js/300/addthis_widget.js#pubid=ra-4fea027b6493fe59' type='text/javascript'/>
<!-- AddThis Button END -->
</div>
    
    <!-- Related Posts with Thumbnails Code Start-->
<b:if cond='data:blog.pageType == &quot;item&quot;'>
<div id='related-posts'>
<b:loop values='data:post.labels' var='label'>
<b:if cond='data:label.isLast != &quot;true&quot;'>
</b:if>
<b:if cond='data:blog.pageType == &quot;item&quot;'>
<script expr:src='&quot;/feeds/posts/default/-/&quot; + data:label.name + &quot;?alt=json-in-script&amp;callback=related_results_labels_thumbs&amp;max-results=6&quot;' type='text/javascript'/></b:if></b:loop>
<script type='text/javascript'>
var currentposturl=&quot;<data:post.url/>&quot;;
var maxresults=3;
var relatedpoststitle=&quot;Related Posts:&quot;;
removeRelatedDuplicates_thumbs();
printRelatedLabels_thumbs();
</script>
</div><div style='clear:both'/>
</b:if>
<!-- Related Posts with Thumbnails Code End-->
</div>
      </b:if>


</b:includable>
            <b:includable id='postQuickEdit' var='post'>
  <b:if cond='data:post.editUrl'>
    <span expr:class='&quot;item-control &quot; + data:post.adminClass'>
      <a expr:href='data:post.editUrl' expr:title='data:top.editPostMsg'>
        <img alt='' class='icon-action' height='18' src='http://img2.blogblog.com/img/icon18_edit_allbkg.gif' width='18'/>
      </a>
    </span>
  </b:if>
</b:includable>
            <b:includable id='shareButtons' var='post'>
  <b:if cond='data:top.showEmailButton'><a class='goog-inline-block share-button sb-email' expr:href='data:post.sharePostUrl + &quot;&amp;target=email&quot;' expr:title='data:top.emailThisMsg' target='_blank'><span class='share-button-link-text'><data:top.emailThisMsg/></span></a></b:if><b:if cond='data:top.showBlogThisButton'><a class='goog-inline-block share-button sb-blog' expr:href='data:post.sharePostUrl + &quot;&amp;target=blog&quot;' expr:onclick='&quot;window.open(this.href, \&quot;_blank\&quot;, \&quot;height=270,width=475\&quot;); return false;&quot;' expr:title='data:top.blogThisMsg' target='_blank'><span class='share-button-link-text'><data:top.blogThisMsg/></span></a></b:if><b:if cond='data:top.showTwitterButton'><a class='goog-inline-block share-button sb-twitter' expr:href='data:post.sharePostUrl + &quot;&amp;target=twitter&quot;' expr:title='data:top.shareToTwitterMsg' target='_blank'><span class='share-button-link-text'><data:top.shareToTwitterMsg/></span></a></b:if><b:if cond='data:top.showFacebookButton'><a class='goog-inline-block share-button sb-facebook' expr:href='data:post.sharePostUrl + &quot;&amp;target=facebook&quot;' expr:onclick='&quot;window.open(this.href, \&quot;_blank\&quot;, \&quot;height=430,width=640\&quot;); return false;&quot;' expr:title='data:top.shareToFacebookMsg' target='_blank'><span class='share-button-link-text'><data:top.shareToFacebookMsg/></span></a></b:if><b:if cond='data:top.showOrkutButton'><a class='goog-inline-block share-button sb-orkut' expr:href='data:post.sharePostUrl + &quot;&amp;target=orkut&quot;' expr:title='data:top.shareToOrkutMsg' target='_blank'><span class='share-button-link-text'><data:top.shareToOrkutMsg/></span></a></b:if><b:if cond='data:top.showDummy'><div class='goog-inline-block dummy-container'><data:post.dummyTag/></div></b:if>
</b:includable>
            <b:includable id='status-message'>
  <b:if cond='data:navMessage'>
  <div class='status-msg-wrap'>
    <div class='status-msg-body'>
      <data:navMessage/>
    </div>
    <div class='status-msg-border'>
      <div class='status-msg-bg'>
        <div class='status-msg-hidden'><data:navMessage/></div>
      </div>
    </div>
  </div>
  <div style='clear: both;'/>
  </b:if>
</b:includable>
            <b:includable id='threaded-comment-form' var='post'>
  <div class='comment-form'>
    <a name='comment-form'/>
    <b:if cond='data:mobile'>
      <p><data:blogCommentMessage/></p>
      <data:blogTeamBlogMessage/>
      <a expr:href='data:post.commentFormIframeSrc' id='comment-editor-src'/>
      <iframe allowtransparency='true' class='blogger-iframe-colorize blogger-comment-from-post' frameborder='0' height='410' id='comment-editor' name='comment-editor' src='' style='display: none' width='100%'/>
    <b:else/>
      <p><data:blogCommentMessage/></p>
      <data:blogTeamBlogMessage/>
      <a expr:href='data:post.commentFormIframeSrc' id='comment-editor-src'/>
      <iframe allowtransparency='true' class='blogger-iframe-colorize blogger-comment-from-post' frameborder='0' height='410' id='comment-editor' name='comment-editor' src='' width='100%'/>
    </b:if>
    <data:post.friendConnectJs/>
    <data:post.cmtfpIframe/>
    <script type='text/javascript'>
      BLOG_CMT_createIframe(&#39;<data:post.appRpcRelayPath/>&#39;, &#39;<data:post.communityId/>&#39;);
    </script>
  </div>
</b:includable>
            <b:includable id='threaded_comment_js' var='post'>
  <script async='async' expr:src='data:post.commentSrc' type='text/javascript'/>

  <script type='text/javascript'>
    (function() {
      var items = <data:post.commentJso/>;
      var msgs = <data:post.commentMsgs/>;
      var config = <data:post.commentConfig/>;

// <![CDATA[
      var cursor = null;
      if (items && items.length > 0) {
        cursor = parseInt(items[items.length - 1].timestamp) + 1;
      }

      var bodyFromEntry = function(entry) {
        if (entry.gd$extendedProperty) {
          for (var k in entry.gd$extendedProperty) {
            if (entry.gd$extendedProperty[k].name == 'blogger.contentRemoved') {
              return '<span class="deleted-comment">' + entry.content.$t + '</span>';
            }
          }
        }
        return entry.content.$t;
      }

      var parse = function(data) {
        cursor = null;
        var comments = [];
        if (data && data.feed && data.feed.entry) {
          for (var i = 0, entry; entry = data.feed.entry[i]; i++) {
            var comment = {};
            // comment ID, parsed out of the original id format
            var id = /blog-(\d+).post-(\d+)/.exec(entry.id.$t);
            comment.id = id ? id[2] : null;
            comment.body = bodyFromEntry(entry);
            comment.timestamp = Date.parse(entry.published.$t) + '';
            if (entry.author && entry.author.constructor === Array) {
              var auth = entry.author[0];
              if (auth) {
                comment.author = {
                  name: (auth.name ? auth.name.$t : undefined),
                  profileUrl: (auth.uri ? auth.uri.$t : undefined),
                  avatarUrl: (auth.gd$image ? auth.gd$image.src : undefined)
                };
              }
            }
            if (entry.link) {
              if (entry.link[2]) {
                comment.link = comment.permalink = entry.link[2].href;
              }
              if (entry.link[3]) {
                var pid = /.*comments\/default\/(\d+)\?.*/.exec(entry.link[3].href);
                if (pid && pid[1]) {
                  comment.parentId = pid[1];
                }
              }
            }
            comment.deleteclass = 'item-control blog-admin';
            if (entry.gd$extendedProperty) {
              for (var k in entry.gd$extendedProperty) {
                if (entry.gd$extendedProperty[k].name == 'blogger.itemClass') {
                  comment.deleteclass += ' ' + entry.gd$extendedProperty[k].value;
                }
              }
            }
            comments.push(comment);
          }
        }
        return comments;
      };

      var paginator = function(callback) {
        if (hasMore()) {
          var url = config.feed + '?alt=json&v=2&orderby=published&reverse=false&max-results=50';
          if (cursor) {
            url += '&published-min=' + new Date(cursor).toISOString();
          }
          window.bloggercomments = function(data) {
            var parsed = parse(data);
            cursor = parsed.length < 50 ? null
                : parseInt(parsed[parsed.length - 1].timestamp) + 1
            callback(parsed);
            window.bloggercomments = null;
          }
          url += '&callback=bloggercomments';
          var script = document.createElement('script');
          script.type = 'text/javascript';
          script.src = url;
          document.getElementsByTagName('head')[0].appendChild(script);
        }
      };
      var hasMore = function() {
        return !!cursor;
      };
      var getMeta = function(key, comment) {
        if ('iswriter' == key) {
          var matches = !!comment.author
              && comment.author.name == config.authorName
              && comment.author.profileUrl == config.authorUrl;
          return matches ? 'true' : '';
        } else if ('deletelink' == key) {
          return config.baseUri + '/delete-comment.g?blogID='
               + config.blogId + '&postID=' + comment.id;
        } else if ('deleteclass' == key) {
          return comment.deleteclass;
        }
        return '';
      };

      var replybox = null;
      var replyUrlParts = null;
      var replyParent = undefined;

      var onReply = function(commentId, domId) {
        if (replybox == null) {
          // lazily cache replybox, and adjust to suit this style:
          replybox = document.getElementById('comment-editor');
          if (replybox != null) {
            replybox.height = '250px';
            replybox.style.display = 'block';
            replyUrlParts = replybox.src.split('#');
          }
        }
        if (replybox && (commentId !== replyParent)) {
          document.getElementById(domId).insertBefore(replybox, null);
          replybox.src = replyUrlParts[0]
              + (commentId ? '&parentID=' + commentId : '')
              + '#' + replyUrlParts[1];
          replyParent = commentId;
        }
      };

      var hash = (window.location.hash || '#').substring(1);
      var startThread, targetComment;
      if (/^comment-form_/.test(hash)) {
        startThread = hash.substring('comment-form_'.length);
      } else if (/^c[0-9]+$/.test(hash)) {
        targetComment = hash.substring(1);
      }

      // Configure commenting API:
      var configJso = {
        'maxDepth': config.maxThreadDepth
      };
      var provider = {
        'id': config.postId,
        'data': items,
        'loadNext': paginator,
        'hasMore': hasMore,
        'getMeta': getMeta,
        'onReply': onReply,
        'rendered': true,
        'initComment': targetComment,
        'initReplyThread': startThread,
        'config': configJso,
        'messages': msgs
      };

      var render = function() {
        if (window.goog && window.goog.comments) {
          var holder = document.getElementById('comment-holder');
          window.goog.comments.render(holder, provider);
        }
      };

      // render now, or queue to render when library loads:
      if (window.goog && window.goog.comments) {
        render();
      } else {
        window.goog = window.goog || {};
        window.goog.comments = window.goog.comments || {};
        window.goog.comments.loadQueue = window.goog.comments.loadQueue || [];
        window.goog.comments.loadQueue.push(render);
      }
    })();
// ]]>
  </script>
</b:includable>
            <b:includable id='threaded_comments' var='post'>
  <div class='comments' id='comments'>
    <a name='comments'/>
    <h4>
      <b:if cond='data:post.numComments == 1'>
        1 <data:commentLabel/>:
      <b:else/>
        <data:post.numComments/> <data:commentLabelPlural/>:
      </b:if>
    </h4>

    <div class='comments-content'>
      <b:if cond='data:post.embedCommentForm'>
        <b:include data='post' name='threaded_comment_js'/>
      </b:if>
      <div id='comment-holder'>
         <data:post.commentHtml/>
      </div>
    </div>

    <p class='comment-footer'>
      <b:if cond='data:post.allowNewComments'>
        <b:include data='post' name='threaded-comment-form'/>
      <b:else/>
        <data:post.noNewCommentsText/>
      </b:if>
    </p>

    <b:if cond='data:showCmtPopup'>
      <div id='comment-popup'>
        <iframe allowtransparency='true' frameborder='0' id='comment-actions' name='comment-actions' scrolling='no'>
        </iframe>
      </div>
    </b:if>

    <div id='backlinks-container'>
    <div expr:id='data:widget.instanceId + &quot;_backlinks-container&quot;'>
       <b:if cond='data:post.showBacklinks'>
         <b:include data='post' name='backlinks'/>
       </b:if>
    </div>
    </div>
  </div>
</b:includable>
          </b:widget>
        </b:section>
      </div>

      		<div id='sidebar-wrapper'>
        <b:section class='sidebar' id='sidebar' preferred='yes'>
          <b:widget id='Attribution1' locked='true' title='' type='Attribution'>
            <b:includable id='main'>
    <b:if cond='data:feedbackSurveyLink'>
      <div class='mobile-survey-link' style='text-align: center;'>
        <data:feedbackSurveyLink/>
      </div>
    </b:if>

    <div class='widget-content' style='text-align: center;'>
      <b:if cond='data:attribution != &quot;&quot;'>
       <data:attribution/>
      </b:if>
    </div>

    <b:include name='quickedit'/>
  </b:includable>
          </b:widget>
        </b:section>
      </div>
		

      <!-- spacer for skins that want sidebar and main to be the same height-->
      <div class='clear'>&#160;</div>

    </div> <!-- end content-wrapper -->

    <div id='footer-wrapper'>
      <b:section class='footer' id='footer'/>
</div>  <!-- end footer-wrapper -->

  </div></div> <!-- end outer-wrapper --> <!-- end wrap2 -->

<div id='credit-wrapper'>
<div id='link-wrapper'>
Copyright &#169; 2014. <a class='sitename' expr:href='data:blog.homepageUrl' expr:title='data:blog.title'><data:blog.title/></a> .All Rights Reserved<br/>
Template Design by <a href='http://www.btdesigner.net'>BTDesigner</a>. Published.. <a href='http://gooyaabitemplates.com/'>Blogger Templates</a>  powered by <a href='http://www.blogger.com'>Blogger</a>
</div>
</div>

  <b:include data='blog' name='google-analytics'/>

<!--Page Navigation Starts-->
<script type='text/javascript'>
var home_page=&quot;/&quot;;
var urlactivepage=location.href;
var postperpage=3;
var numshowpage=4;
var upPageWord =&#39;Previous&#39;;
var downPageWord =&#39;Next&#39;;
</script>
<script src='http://mybloggertricksorg.googlecode.com/files/colorizetemplates-pagenav.js' type='text/javascript'/>
<!--Page Navigation Ends -->
</body>
</html>