<?xml version="1.0" encoding="UTF-8" ?>
<!DOCTYPE html PUBLIC "-//W3C//DTD XHTML 1.0 Strict//EN" "http://www.w3.org/TR/xhtml1/DTD/xhtml1-strict.dtd">
<html expr:dir='data:blog.languageDirection' xmlns='http://www.w3.org/1999/xhtml' xmlns:b='http://www.google.com/2005/gml/b' xmlns:data='http://www.google.com/2005/gml/data' xmlns:expr='http://www.google.com/2005/gml/expr'>
  <head>
    
    <b:include data='blog' name='all-head-content'/>
    <b:if cond='data:blog.pageType == &quot;index&quot;'>
    <title><data:blog.pageTitle/></title>
    <b:else/>
    <title><data:blog.pageName/> - <data:blog.title/></title>
    </b:if>

	<link href='http://fonts.googleapis.com/css?family=Oswald' rel='stylesheet' type='text/css'/>
   
    <b:skin><![CDATA[/*
-----------------------------------------------
Blogger Template Style
Name          : ANOUS Magazine
Author        : BTDesigner
Url Author    : http://www.btdesigner.net
Date          : 24/10/2013

Updated by: Blogger Team
----------------------------------------------- */
/* Use this with templates/template-twocol.html */


/** Page structure tweaks for layout editor wireframe */
body#layout #outer-wrapper {width:980px;margin:0 auto;padding:0;}
body#layout #head{margin:70px auto;padding:0;}
body#layout .navigation li {display:none;}
body#layout #content-wrapper {width:980px;}
body#layout #main-wrapper {width:660px !important;float:left !important;}
body#layout #sidebar-wrapper {float: right;width: 320px}
body#layout #lowerbar1,#lowerbar2,#lowerbar3 {width:320px;float:left;}
body#layout ul,li,a {list-style:none;}

html,body,div,form,fieldset,legend,label{margin:0;padding:0;}
table{border-collapse:collapse;border-spacing:0;}
th,td{text-align:left;vertical-align:top;}
h1,h2,h3,h4,h5,h6,th,td,caption{font-weight:400;}
img{border:0;}
#navbar,#navbar-iframe{display:none;height:0;visibility:hidden;}
body{background:#fff;color:#777;font-size:13px;font-family:Arial, Helvetica, Sans-Serif;margin:0 auto;-webkit-font-smoothing:antialiased;-webkit-text-size-adjust:100%;}
a:link,a:visited{text-decoration:none;outline:none;color:#3498db;transition:all .2s ease-in-out 0;}
a:hover{color:#d54e21;text-decoration:none;transition:all .2s ease-in-out 0;}
a img{border-width:0;}
ol,ul{list-style:none;}
#outer-wrapper{width:100%;margin:0 auto;}

#header-wrapper{background:#34495e;width:100%;height:auto;}
#header-inner{background-position:center;margin-left:auto;margin-right:auto;}
#head{width:980px;margin:0 auto;height:85px;position:relative;}
#header{margin:0 auto;text-align:left;color:#ccc;width:300px;float:left;}
#header h1{color:#fff;font-family:Oswald,Arial,Verdana,sans-serif;font-size:35px;font-weight:700;margin:0;text-transform:uppercase;letter-spacing:.1em;}
#header a{color:#ccc;text-decoration:none;}
#header a:hover{color:#ccc;}
#header .description{max-width:300px;color:#fff;font-size:12px;margin:0;padding:5px 0;text-transform:uppercase;}
#header img{margin-left:auto;margin-right:auto;}
#header-banner{width:468px;height:60px;float:right;margin:10px auto;}

#menu{background:#2c3e50;color:#FFF;height:60px;width:100%;}
#nav{background:#2c3e50;color:#FFF;height:60px;width:980px;margin:0 auto;text-align:left;}
#nav ul{float:left;list-style:none;margin:0;padding:0;}
#nav li{list-style:none;margin:0;padding:0;}
#nav li{float:left;padding:0;}
#nav li a,#nav li a:link,#nav li a:visited{color:#fff;display:block;font-family:Oswald, Arial, sans-serif;font-size:14px;line-height:24px;text-transform:uppercase;margin:0;padding:18px 22px;}
#nav li a:hover,#nav li a:active{color:#C5FFFF;-webkit-transition:all .1s ease-in-out;-moz-transition:all .1s ease-in-out;-ms-transition:all .1s ease-in-out;-o-transition:all .1s ease-in-out;transition:all .1s ease-in-out;background:rgba(255,255,255,0.2);}
#nav li li a,#nav li li a:link,#nav li li a:visited{background:#34495e;color:#fff;font:normal 14px Oswald,Arial, Sans-Serif;line-height:40px;text-transform:capitalize;border-top:1px solid rgba(255,255,255,0.15);padding:0 10px;}
#nav li li a:hover,#nav li li a:active{color:#C5FFFF;-webkit-transition:all .1s ease-in-out;-moz-transition:all .1s ease-in-out;-ms-transition:all .1s ease-in-out;-o-transition:all .1s ease-in-out;transition:all .1s ease-in-out;background:rgba(255,255,255,0.2);background:#2c3e50;padding-left:10px;}
#nav li ul{z-index:9999;position:absolute;left:-999em;height:auto;width:170px;margin:0;padding:0;}
#nav li ul a{width:140px;}
#nav li ul ul{margin:-32px 0 0 171px;}
#nav li:hover ul ul,#nav li:hover ul ul ul,#nav li.sfhover ul ul,#nav li.sfhover ul ul ul{left:-999em;}
#nav li:hover ul,#nav li li:hover ul,#nav li li li:hover ul,#nav li.sfhover ul,#nav li li.sfhover ul,#nav li li li.sfhover ul{left:auto;}
#nav li:hover,#nav li.sfhover{position:static;}

#search-area{background:#fff;height:32px;margin:0 auto;padding:10px 0;width:300px;}
#searchform{display:inline;margin:0;padding:0;overflow:hidden;}
#sbox{border:1px solid #d1d1d1;color:#556d70;display:inline;float:left;font-size:12px;font-weight:400;height:27px;margin:0;padding:0 0 0 5px;width:225px;}
#searchbutton{background-color:#34495e;border:0 none;color:#FFF;cursor:pointer;float:right;font-size:11px;height:29px;margin:0;padding:0;position:relative;text-align:center;right:0;width:65px;}

#content-wrapper{width:980px;margin:0 auto;padding:20px 0;text-align:left;overflow:hidden;}
#main-wrapper{width:660px;float:left;word-wrap:break-word;/* fix for long text breaking sidebar float in IE */overflow:hidden;/* fix for long non-text content breaking IE sidebar float */}
#sidebar-wrapper{width:300px;float:right;word-wrap:break-word;/* fix for long text breaking sidebar float in IE */overflow:hidden;/* fix for long non-text content breaking IE sidebar float */}

h2{background:#34495e;color:#fff;font:normal normal 20px Oswald, Verdana, Arial, sans-serif;line-height:24px;margin-bottom:20px;padding:10px;text-transform:capitalize;}

h2.date-header{margin:0 0 20px;text-align:left;display:none;}
.post{border-bottom:1px dotted #d5d5d5;margin-bottom:20px;padding:0;}
.post h3{font-family:Oswald, Arial, sans-serif;font-size:25px;line-height:30px;color:#2c3e50;}
.post h3 a,.post h3 a:visited,.post h3 strong{display:block;text-decoration:none;color:#2c3e50;}
.post h3 strong,.post h3 a:hover{color:#34495e;text-decoration:none;}
.post-header{font-size:10px;color:#666;margin:0;padding:10px 0;}
.post-body{font-size:13px;margin:0 0 .75em;line-height:1.5em;}
.post-body p{/* Fix bug in IE5/Win with italics in posts */margin:0;padding:1px 0;display:inline;/* to fix floating-ads wrapping problem in IE */height:1%;overflow:visible;}
.post-body p a,.post-body p a:visited{color:#f0f;text-decoration:underline;}
.post-body a:hover{text-decoration:underline;color:red;}
.post img{margin:0;padding:5px;}
.post img,table.tr-caption-container{border:none;max-width:580px;}
.tr-caption-container img{border:none;padding:0;}
.post blockquote{border-left:4px solid #5ac;color:#777;font-size:18px;font-family:Georgia,tahoma, Verdana, Arial, Sans-Serif;font-weight:400;font-style:italic;line-height:1.3em;margin:1em 20px;padding:0 20px 0 15px;}
.post blockquote p{margin:.75em 0;}
.post ul{margin:0;padding:12px 0 12px 30px;list-style-type:disc;line-height:1.6em;font-size:95%;}
.post ol{margin:0;padding:12px 0 12px 30px;line-height:1.6em;font-size:95%;}
.post li{margin:0;padding:0 0 8px;}
.post-footer{display:block;margin:25px 0 30px;padding:4px 7px;text-align:left;color:#999;font-weight:400;line-height:1.6em;text-decoration:none;}
.comment-link{margin-left:.6em;}

#comments h4{margin:-5px 0 0;font-weight:700;line-height:1.4em;text-transform:uppercase;letter-spacing:1px;color:#34495e;font-family:&#39;font-size:18px;background:;padding:2px;}
#comments{clear:both;float:center;width:610px;padding:10px;margin-left:-3px;font-family:calibri;background:#fff;box-shadow:2px 2px 3px rgba(0,0,0,0.05);margin-top:-10px;color:#999;font-sizer:12px;}

.comments .comments-content .datetime a{font-family:calibri;font-size:12px;text-decoration:none;color:#ededed;float:right;padding:5px;}

cite.user{color:#000;background:;text-align:center;text-transform:uppercase;font-size:14px;padding:8px;text-decoration:none;font-family:Oswald,Arial,Verdana,sans-serif;font-weight:400;position:relative;margin-left:-5px;font-family:&#39;font-size:14px;font-weight:400;}
cite.user a{color:#fff;}
.comments .comments-content .icon.blog-author{background-repeat:no-repeat;background-image:url(http://static.tumblr.com/8buytvw/SjEmpq54q/userw2.png);}

.comments .comment-block{padding:0;margin-left:54px;position:relative;border:1px solid #ddd;background:#fafafa;padding:4px;}
.comments.comments-content.comment-replies{margin-left:0;}
}
.comment-content{white-space:pre-wrap;width:95%;word-wrap:break-word;}
.comments .comments-content .comment{margin-bottom:16px;padding-bottom:8px;}

.comment-header{background:#34495e;font-size:15px;padding:8px;}
.comment-header a{color:#fff;}
.comments .comments-content{padding:0 5px 0 2px;}

.comments .comment .comment-actions a,.comments .comment .continue a{display:inline-block;margin:10px 0 10px 10px;padding:6px;color:#828282;text-align:center;text-decoration:none;height:auto;font-weight:400;cursor:pointer;background:;}
.comments .comment .comment-actions a:hover,.comments .comment .continue a:hover{text-decoration:none;color:#6ac2aa;}

.avatar-image-container{float:leftvertical-align:middle;overflow:hidden;width:65px!important;height:51px!important;max-width:65px!important;max-height:51px!important;}
.comments .avatar-image-container img{padding:2px;width:45px!important;height:45px!important;max-width:45px!important;max-height:45px!important;background:#ccc;}
@media screen and max-device-width480px {
.comments .comments-content .comment-replies{margin-left:0;}
}
.deleted-comment{font-style:italic;color:gray;}
#blog-pager-newer-link{float:left;}
#blog-pager-older-link{float:right;}
#blog-pager{text-align:center;}
#blog-pager,.pagenavi{clear:both;text-align:left;margin:30px auto 10px;padding:10px;}
#blog-pager a,.pagenavi span,.pagenavi a{background:#34495e;color:#fff;border:none;margin-right:3px;padding:8px 12px;line-height:100%;font-family:Oswald, Verdana, Arial, sans-serif;font-size:13px;font-weight:400;}
#blog-pager a:visited,.pagenavi a:visited{color:#fff;}
#blog-pager a:hover,.pagenavi a:hover{color:#fff;text-decoration:none;background:#0A659E;}
#blog-pager-older-link,#blog-pager-newer-link{float:none;}
.pagenavi .current{color:#fff;text-decoration:none;background:#888;}
.pagenavi .pages,.pagenavi .current{font-weight:700;}
.pagenavi .pages{color:#fff;background:#888;}
.feed-links{clear:both;line-height:2.5em;}

.sidebar{color:#444;font-size:12px;line-height:1.5em;margin:0 auto;}
.sidebar ul{list-style:none;margin:0;padding:0;}
.sidebar li{margin:0;padding-top:0;padding-right:0;padding-bottom:.25em;padding-left:15px;line-height:1.5em;border-bottom:1px dashed #DDD;}
.sidebar li a:hover{color:#015bb3;}
.sidebar .widget{border-bottom:1px dotted #d5d5d5;padding:10px 0;}
.sidebar a img{margin:0;padding:0;border:0 solid #fff;}
.main .Blog{border-bottom-width:0;}

.profile-img{float:left;margin-top:0;margin-right:5px;margin-bottom:5px;margin-left:0;padding:4px;border:1px solid #666;}
.profile-data{margin:0;text-transform:uppercase;letter-spacing:.1em;font:normal 78% Arial, Verdana, Sans-serif;color:#999;font-weight:700;line-height:1.6em;}
.profile-datablock{margin:.5em 0;}
.profile-textblock{margin:.5em 0;line-height:1.6em;}
.profile-link{font:normal normal 78% Arial, Verdana, Sans-serif;text-transform:uppercase;letter-spacing:.1em;}

#footer{width:960px;clear:both;margin:20px auto;padding-top:0;line-height:1.6em;text-align:center;}

#lower{background:#222;margin:auto;padding:0 0 10px;width:100%;}
#lower-wrapper{margin:auto;padding:10px 0;width:980px;}
#lowerbar-wrapper{color:#7c7c7c;float:left;margin:0 5px auto;padding-bottom:20px;width:32%;font-size:100%;line-height:1.6em;word-wrap:break-word;/* fix for long text breaking sidebar float in IE */overflow:hidden;/* fix for long non-text content breaking IE sidebar float */}
.lowerbar{margin:0;padding:0;}
.lowerbar .widget{margin:0;padding:5px 10px 0;}
.lowerbar h2{}
.lowerbar ul{margin:0;padding:0;list-style-type:none;}
.lowerbar li a{margin:0 0 2px;padding:0 0 1px;color:#bbb;}
.lowerbar a:link{color:#bbb;}
.lowerbar a:hover{color:#d54e21;}

#credits{background:#000;margin:0 auto;padding:20px 0;width:100%;}
#copyright{width:980px;margin:0 auto;padding:0;overflow:hidden;text-align:left;}
#credit-wrap{float:left;width:55%;margin:0;padding:0;}
#credits p{color:#343434;margin:0;padding:9px 0;}
#credits a{color:#373737;margin:0;}
#credits a:hover{color:#777;text-decoration:none;}
#socials-wrap{float:right;width:40%;margin:0;padding:0;}
.social li{display:block;float:right;margin-right:8px;background:none!important;}
.social a{background:url(http://4.bp.blogspot.com/-swj5TAMuCS0/UlK34q9iK7I/AAAAAAAAFLc/HXfTuiPiu3o/s1600/social.png) 0 0 no-repeat;display:block;}
.social a{height:33px;width:33px;}
.social a:hover{opacity:0.8;}
.social a.social-facebook{background-position:0 0;}
.social a.social-flick{background-position:0 -83px;}
.social a.social-pinterest{background-position:0 -166px;}
.social a.social-rss{background-position:0 -249px;}
.social a.social-twitter{background-position:0 -332px;}
.social a.social-youtube{background-position:0 -415px;}

.breadcrumbs{background:#34495e;color:#fff;font:normal normal 16px Oswald, Verdana, Arial, sans-serif;line-height:24px;margin-bottom:20px;text-transform:capitalize;padding:10px;}
#under-wrapper{position:relative;width:100%;height:auto;margin:20px auto;padding:0;}

#related-posts{float:left;width:660px;border-top:0 solid #ddd;margin:10px 0;}
#related-posts h2{}
#related-posts a{font-family:Oswald, Verdana, Arial, sans-serif;font-size:15px;font-weight:400;color:#34495e;}
#related-posts a:hover{color:#724cd1;}
#related-posts a:hover{opacity:.7;filter:alpha(opacity=70);-moz-opacity:.7;-khtml-opacity:.7;}

.jump-link a{background:#2c3e50;color:#fff!important;line-height:1em;padding:5px 10px;text-align:center;display:inline-block;margin:10px 0;}
.jump-link a:hover{background:#34495e;cursor:pointer;text-decoration:none;}
.jump-link a:active{}
.status-msg-wrap{background:#2c3e50;color:#fff;font:normal normal 20px Oswald, Verdana, Arial, sans-serif;line-height:24px;margin-bottom:20px;text-transform:capitalize;border:none;}
.PopularPosts .item-snippet{margin-left:95px;}
.PopularPosts .item-title{font-family:Oswald, Arial, sans-serif;font-size:16px;line-height:1.3;font-weight:400;}
.PopularPosts li img{padding-right:.4em;width:75px;height:65px;float:left;margin-right:10px;}
.PopularPosts{padding:0;}
.PopularPosts .widget{border:none!important;background:#fff!important;}

.tabberlive{margin:20px 0;padding:0;clear:both;}
.tabbernav{background:#2c3e50;margin:0;padding:10px 0;font-family:Oswald,Arial,sans-serif;font-size:16px;font-weight:400;}
.tabbernav li{list-style:none;margin:0;display:inline;}
.tabbernav li a{background:#2c3e50;color:#FFF;font-size:16px;text-transform:capitalize;margin:0;padding:10px;}
.tabbernav li a:hover{background:#34495e;text-decoration:none;}
.tabbernav li.tabberactive a,.tabbernav li.tabberactive a:hover{background:#34495e;color:#fff;}
.tabberlive .tabbertab{padding:5px;border-top:0;}
.tabberlive .tabbertab h2,.tabberlive .tabbertabhide{display:none;}
.tabbertab .widget-content ul{list-style:none;margin:0 0 10px;padding:0;}
.tabbertab .widget-content li{margin:0 5px;padding:2px 0 5px;}

/* ************ END OF CSS STYLING ************ */

]]></b:skin>
  
<b:if cond='data:blog.pageType != &quot;item&quot;'>
<b:if cond='data:blog.pageType != &quot;static_page&quot;'>
<style type='text/css'>
 #main-wrapper {float:left;width:660px;word-wrap:break-word;overflow:hidden}
 .post {float:left;width:310px;height:auto;margin-bottom: 16px;margin-right: 20px;position: relative;}
.post h3 a,.post h3 a:visited,.post h3 strong {display:block;font-weight:400;font-size:18px;text-decoration:none;padding:0;margin:0;}
  .post img {padding:0;margin:0;}
  .post-footer, .feed-links,h2.date-header, .post-header {display:none}
  .post-body{text-align:justify;margin:0 auto;}
</style>
</b:if></b:if>

<!-- JavaScript Resumo do Post -->
<script type='text/javascript'>
var thumbnail_mode = &quot;float&quot; ;
summary_noimg = 450;
summary_img = 180;
img_thumb_height = 192;
img_thumb_width = 310;
</script>

<script type='text/javascript'>
//<![CDATA[
// <!-- Summary Posts with thumbnails for Blogger/Blogspot version 3.0 (C)2008 by Anhvo -->
// <!-- http://btdesigner.blogspot.com/ -->

function removeHtmlTag(strx,chop){ 
	if(strx.indexOf("<")!=-1)
	{
		var s = strx.split("<"); 
		for(var i=0;i<s.length;i++){ 
			if(s[i].indexOf(">")!=-1){ 
				s[i] = s[i].substring(s[i].indexOf(">")+1,s[i].length); 
			} 
		} 
		strx =  s.join(""); 
	}
	chop = (chop < strx.length-1) ? chop : strx.length-2; 
	while(strx.charAt(chop-1)!=' ' && strx.indexOf(' ',chop)!=-1) chop++; 
	strx = strx.substring(0,chop-1); 
	return strx+'...'; 
}

function createSummaryAndThumb(pID){
	var div = document.getElementById(pID);
	var imgtag = "";
	var img = div.getElementsByTagName("img");
	var summ = summary_noimg;
	if(img.length>=1) {	
		if(thumbnail_mode == "float") {
			imgtag = '<span style="float:left; padding:0px 20px 5px 0px;margin:0 0 0 0 !important;"><img src="'+img[0].src+'" width="'+img_thumb_width+'px" height="'+img_thumb_height+'px"/></span>';
			summ = summary_img;
		} else {
			imgtag = '<div style="padding:0 5px" align="center"><img style="max-width:'+img_thumb_width+'px; max-height:'+img_thumb_height+'px;" src="'+img[0].src+'" /></div>';
			summ = summary_img;
		}
	}
	
	var summary = imgtag + '<div>' + removeHtmlTag(div.innerHTML,summ) + '</div>';
	div.innerHTML = summary;
}

//]]>
</script>

<!--Related Posts with thumbnails Scripts and Styles Start-->
<script src='http://ajax.googleapis.com/ajax/libs/jquery/1.8.3/jquery.min.js' type='text/javascript'/>

<script type='text/javascript'>//<![CDATA[
var relatedTitles=new Array();var relatedTitlesNum=0;var relatedUrls=new Array();var thumburl=new Array();function related_results_labels_thumbs(json){for(var i=0;i<json.feed.entry.length;i++){var entry=json.feed.entry[i];relatedTitles[relatedTitlesNum]=entry.title.$t;try{thumburl[relatedTitlesNum]=entry.gform_foot.url}catch(error){s=entry.content.$t;a=s.indexOf("<img");b=s.indexOf("src=\"",a);c=s.indexOf("\"",b+5);d=s.substr(b+5,c-b-5);if((a!=-1)&&(b!=-1)&&(c!=-1)&&(d!="")){thumburl[relatedTitlesNum]=d}else thumburl[relatedTitlesNum]='http://1.bp.blogspot.com/_u4gySN2ZgqE/SosvnavWq0I/AAAAAAAAArk/yL95WlyTqr0/s400/noimage.png'}if(relatedTitles[relatedTitlesNum].length>35)relatedTitles[relatedTitlesNum]=relatedTitles[relatedTitlesNum].substring(0,35)+"...";for(var k=0;k<entry.link.length;k++){if(entry.link[k].rel=='alternate'){relatedUrls[relatedTitlesNum]=entry.link[k].href;relatedTitlesNum++}}}}function removeRelatedDuplicates_thumbs(){var tmp=new Array(0);var tmp2=new Array(0);var tmp3=new Array(0);for(var i=0;i<relatedUrls.length;i++){if(!contains_thumbs(tmp,relatedUrls[i])){tmp.length+=1;tmp[tmp.length-1]=relatedUrls[i];tmp2.length+=1;tmp3.length+=1;tmp2[tmp2.length-1]=relatedTitles[i];tmp3[tmp3.length-1]=thumburl[i]}}relatedTitles=tmp2;relatedUrls=tmp;thumburl=tmp3}function contains_thumbs(a,e){for(var j=0;j<a.length;j++)if(a[j]==e)return true;return false}function printRelatedLabels_thumbs(){for(var i=0;i<relatedUrls.length;i++){if((relatedUrls[i]==currentposturl)||(!(relatedTitles[i]))){relatedUrls.splice(i,1);relatedTitles.splice(i,1);thumburl.splice(i,1);i--}}var r=Math.floor((relatedTitles.length-1)*Math.random());var i=0;if(relatedTitles.length>0)document.write('<h2>'+relatedpoststitle+'</h2>');document.write('<div style="clear: both;"/>');while(i<relatedTitles.length&&i<20&&i<maxresults){document.write('<a style="text-decoration:none;margin:0 10px 10px 0;float:left;');if(i!=0)document.write('"');else document.write('"');document.write(' href="'+relatedUrls[r]+'"><img style="width:200px;height:134px;border:0;padding:0;" src="'+thumburl[r]+'"/><br/><div style="width:200px;padding-left:3px;height:40px;text-align:center;margin:3px 0px;line-height:25px;">'+relatedTitles[r]+'</div></a>');if(r<relatedTitles.length-1){r++}else{r=0}i++}document.write('</div>');relatedUrls.splice(0,relatedUrls.length);thumburl.splice(0,thumburl.length);relatedTitles.splice(0,relatedTitles.length)}
//]]></script>
<!--Related Posts with thumbnails Scripts and Styles End--> 

<!--Tabber Scripts Start--> 
<script type='text/javascript'> 
//<![CDATA[ 
document.write('<style type="text/css">.tabber{display:none;}<\/style>'); 
function tabberObj(argsObj) 
{ 
  var arg; 
  this.div = null; 
  this.classMain = "tabber"; 
  this.classMainLive = "tabberlive"; 
  this.classTab = "tabbertab"; 
  this.classTabDefault = "tabbertabdefault"; 
  this.classNav = "tabbernav"; 
  this.classTabHide = "tabbertabhide"; 
  this.classNavActive = "tabberactive"; 
  this.titleElements = ['h2','h3','h4','h5','h6']; 
  this.titleElementsStripHTML = true; 
  this.removeTitle = true; 
  this.addLinkId = false; 
  this.linkIdFormat = '<tabberid>nav<tabnumberone>'; 
  for (arg in argsObj) { this[arg] = argsObj[arg]; } 
  this.REclassMain = new RegExp('\\b' + this.classMain + '\\b', 'gi'); 
  this.REclassMainLive = new RegExp('\\b' + this.classMainLive + '\\b', 'gi'); 
  this.REclassTab = new RegExp('\\b' + this.classTab + '\\b', 'gi'); 
  this.REclassTabDefault = new RegExp('\\b' + this.classTabDefault + '\\b', 'gi'); 
  this.REclassTabHide = new RegExp('\\b' + this.classTabHide + '\\b', 'gi'); 
  this.tabs = new Array(); 
  if (this.div) { 
    this.init(this.div); 
    this.div = null; 
  } 
}
tabberObj.prototype.init = function(e) 
{
  var 
  childNodes, 
  i, i2, 
  t, 
  defaultTab=0, 
  DOM_ul, 
  DOM_li, 
  DOM_a, 
  aId, 
  headingElement; 
  if (!document.getElementsByTagName) { return false; } 
  if (e.id) { 
    this.id = e.id; 
  } 
  this.tabs.length = 0; 
  childNodes = e.childNodes; 
  for(i=0; i < childNodes.length; i++) { 
    if(childNodes[i].className && 
       childNodes[i].className.match(this.REclassTab)) { 
      t = new Object(); 
      t.div = childNodes[i]; 
      this.tabs[this.tabs.length] = t;
      if (childNodes[i].className.match(this.REclassTabDefault)) { 
    defaultTab = this.tabs.length-1; 
      } 
    } 
  } 
  DOM_ul = document.createElement("ul"); 
  DOM_ul.className = this.classNav; 
  for (i=0; i < this.tabs.length; i++) {
    t = this.tabs[i];
    t.headingText = t.div.title;
    if (this.removeTitle) { t.div.title = ''; }
    if (!t.headingText) {
      for (i2=0; i2<this.titleElements.length; i2++) { 
    headingElement = t.div.getElementsByTagName(this.titleElements[i2])[0]; 
    if (headingElement) { 
      t.headingText = headingElement.innerHTML; 
      if (this.titleElementsStripHTML) { 
        t.headingText.replace(/<br>/gi," "); 
        t.headingText = t.headingText.replace(/<[^>]+>/g,""); 
      } 
      break; 
    } 
      } 
    }
    if (!t.headingText) { 
      t.headingText = i + 1; 
    }
    DOM_li = document.createElement("li");
    t.li = DOM_li;
    DOM_a = document.createElement("a"); 
    DOM_a.appendChild(document.createTextNode(t.headingText)); 
    DOM_a.href = "javascript:void(null);"; 
    DOM_a.title = t.headingText; 
    DOM_a.onclick = this.navClick;
    DOM_a.tabber = this; 
    DOM_a.tabberIndex = i;
    if (this.addLinkId && this.linkIdFormat) {
      aId = this.linkIdFormat; 
      aId = aId.replace(/<tabberid>/gi, this.id); 
      aId = aId.replace(/<tabnumberzero>/gi, i); 
      aId = aId.replace(/<tabnumberone>/gi, i+1); 
      aId = aId.replace(/<tabtitle>/gi, t.headingText.replace(/[^a-zA-Z0-9\-]/gi, ''));
      DOM_a.id = aId; 
    }
    DOM_li.appendChild(DOM_a);
    DOM_ul.appendChild(DOM_li); 
  }
  e.insertBefore(DOM_ul, e.firstChild);
  e.className = e.className.replace(this.REclassMain, this.classMainLive);
  this.tabShow(defaultTab);
  if (typeof this.onLoad == 'function') { 
    this.onLoad({tabber:this}); 
  }
  return this; 
};
tabberObj.prototype.navClick = function(event) 
{
  var 
  rVal, 
  a, 
  self, 
  tabberIndex, 
  onClickArgs;
  a = this; 
  if (!a.tabber) { return false; }
  self = a.tabber; 
  tabberIndex = a.tabberIndex;
  a.blur();
  if (typeof self.onClick == 'function') {
    onClickArgs = {'tabber':self, 'index':tabberIndex, 'event':event};
    /* IE uses a different way to access the event object */ 
    if (!event) { onClickArgs.event = window.event; }
    rVal = self.onClick(onClickArgs); 
    if (rVal === false) { return false; } 
  }
  self.tabShow(tabberIndex);
  return false; 
};
tabberObj.prototype.tabHideAll = function() 
{ 
  var i;
  for (i = 0; i < this.tabs.length; i++) { 
    this.tabHide(i); 
  } 
};
tabberObj.prototype.tabHide = function(tabberIndex) 
{ 
  var div;
  if (!this.tabs[tabberIndex]) { return false; }
  div = this.tabs[tabberIndex].div;
  if (!div.className.match(this.REclassTabHide)) { 
    div.className += ' ' + this.classTabHide; 
  } 
  this.navClearActive(tabberIndex);
  return this; 
};
tabberObj.prototype.tabShow = function(tabberIndex) 
{
  var div;
  if (!this.tabs[tabberIndex]) { return false; }
  this.tabHideAll();
  div = this.tabs[tabberIndex].div;
  div.className = div.className.replace(this.REclassTabHide, '');
  this.navSetActive(tabberIndex);
  if (typeof this.onTabDisplay == 'function') { 
    this.onTabDisplay({'tabber':this, 'index':tabberIndex}); 
  }
  return this; 
};
tabberObj.prototype.navSetActive = function(tabberIndex) 
{
  this.tabs[tabberIndex].li.className = this.classNavActive;
  return this; 
};
tabberObj.prototype.navClearActive = function(tabberIndex) 
{
  this.tabs[tabberIndex].li.className = '';
  return this; 
};
function tabberAutomatic(tabberArgs) 
{ 
  var 
    tempObj, 
    divs, 
    i;
  if (!tabberArgs) { tabberArgs = {}; }
  tempObj = new tabberObj(tabberArgs);
  divs = document.getElementsByTagName("div"); 
  for (i=0; i < divs.length; i++) { 
    if (divs[i].className && 
    divs[i].className.match(tempObj.REclassMain)) { 
      tabberArgs.div = divs[i]; 
      divs[i].tabber = new tabberObj(tabberArgs); 
    } 
  } 
  return this; 
} 
function tabberAutomaticOnLoad(tabberArgs) 
{ 
  var oldOnLoad;
  if (!tabberArgs) { tabberArgs = {}; }
  oldOnLoad = window.onload; 
  if (typeof window.onload != 'function') { 
    window.onload = function() { 
      tabberAutomatic(tabberArgs); 
    }; 
  } else { 
    window.onload = function() { 
      oldOnLoad(); 
      tabberAutomatic(tabberArgs); 
    }; 
  } 
}
/* Run tabberAutomaticOnload() unless the "manualStartup" option was specified */
if (typeof tabberOptions == 'undefined') {
    tabberAutomaticOnLoad();
} else {
  if (!tabberOptions['manualStartup']) { 
    tabberAutomaticOnLoad(tabberOptions); 
  }
}
//]]> 
</script>
<!--Tabber Scripts End--> 
   
<!--[if IE]>
<style type="text/css">
#menu li {position:static;}
</style>
<![endif]-->

<!--[if lt IE 9]>
	<script src="http://css3-mediaqueries-js.googlecode.com/svn/trunk/css3-mediaqueries.js"></script>
<![endif]-->



</head>

<body>

    
      <b:section class='navbar' id='navbar' maxwidgets='1' showaddelement='no'>
        <b:widget id='Navbar1' locked='false' title='Navbar' type='Navbar'>
          <b:includable id='main'>&lt;script type=&quot;text/javascript&quot;&gt;
    function setAttributeOnload(object, attribute, val) {
      if(window.addEventListener) {
        window.addEventListener(&#39;load&#39;,
          function(){ object[attribute] = val; }, false);
      } else {
        window.attachEvent(&#39;onload&#39;, function(){ object[attribute] = val; });
      }
    }
  &lt;/script&gt;
&lt;div id=&quot;navbar-iframe-container&quot;&gt;&lt;/div&gt;
&lt;script type=&quot;text/javascript&quot; src=&quot;https://apis.google.com/js/plusone.js&quot;&gt;&lt;/script&gt;
&lt;script type=&quot;text/javascript&quot;&gt;
        gapi.load(&quot;iframes-styles-bubble&quot;, function() {
          if (window.iframes &amp;&amp; iframes.open) {
            iframes.open(
                &#39;//draft.blogger.com/navbar.g?targetBlogID\0755686804031805104093\46blogName\75A+NOUS\46publishMode\75PUBLISH_MODE_BLOGSPOT\46navbarType\75BLUE\46layoutType\75LAYOUTS\46searchRoot\75http://blogfortestlearn.blogspot.com/search\46blogLocale\75en\46v\0752\46homepageUrl\75http://blogfortestlearn.blogspot.com/\46blogFollowUrl\75https://plus.google.com/111221048711219991896\46vt\0751665144367277316488&#39;,
                {
                  container: &quot;navbar-iframe-container&quot;,
                  id: &quot;navbar-iframe&quot;
                },
                {
                });
          }
        });
      &lt;/script&gt;&lt;script type=&quot;text/javascript&quot;&gt;
(function() {
var script = document.createElement(&#39;script&#39;);
script.type = &#39;text/javascript&#39;;
script.src = &#39;//pagead2.googlesyndication.com/pagead/js/google_top_exp.js&#39;;
var head = document.getElementsByTagName(&#39;head&#39;)[0];
if (head) {
head.appendChild(script);
}})();
&lt;/script&gt;
</b:includable>
        </b:widget>
      </b:section>

		<div id='outer-wrapper'><div id='wrap2'>

           <div id='header-wrapper'>
			<div id='head'>
			<div class='headerleft'>
      <b:section class='header' id='header' maxwidgets='1' showaddelement='no'>
        <b:widget id='Header1' locked='true' title='A NOUS (Header)' type='Header'>
          <b:includable id='main'>

  <b:if cond='data:useImage'>
    <b:if cond='data:imagePlacement == &quot;BEHIND&quot;'>
      <!--
      Show image as background to text. You can't really calculate the width
      reliably in JS because margins are not taken into account by any of
      clientWidth, offsetWidth or scrollWidth, so we don't force a minimum
      width if the user is using shrink to fit.
      This results in a margin-width's worth of pixels being cropped. If the
      user is not using shrink to fit then we expand the header.
      -->
      <b:if cond='data:mobile'>
          <div id='header-inner'>
            <div class='titlewrapper' style='background: transparent'>
              <h1 class='title' style='background: transparent; border-width: 0px'>
                <b:include name='title'/>
              </h1>
            </div>
            <b:include name='description'/>
          </div>
        <b:else/>
          <div expr:style='&quot;background-image: url(\&quot;&quot; + data:sourceUrl + &quot;\&quot;); &quot;                        + &quot;background-position: &quot;                        + data:backgroundPositionStyleStr + &quot;; &quot;                        + data:widthStyleStr                        + &quot;min-height: &quot; + data:height                        + &quot;_height: &quot; + data:height                        + &quot;background-repeat: no-repeat; &quot;' id='header-inner'>
            <div class='titlewrapper' style='background: transparent'>
              <h1 class='title' style='background: transparent; border-width: 0px'>
                <b:include name='title'/>
              </h1>
            </div>
            <b:include name='description'/>
          </div>
        </b:if>
    <b:else/>
      <!--Show the image only-->
      <div id='header-inner'>
        <a expr:href='data:blog.homepageUrl' style='display: block'>
          <img expr:alt='data:title' expr:height='data:height' expr:id='data:widget.instanceId + &quot;_headerimg&quot;' expr:src='data:sourceUrl' expr:width='data:width' style='display: block'/>
        </a>
        <!--Show the description-->
        <b:if cond='data:imagePlacement == &quot;BEFORE_DESCRIPTION&quot;'>
          <b:include name='description'/>
        </b:if>
      </div>
    </b:if>
  <b:else/>
    <!--No header image -->
    <div id='header-inner'>
      <div class='titlewrapper'>
        <h1 class='title'>
          <b:include name='title'/>
        </h1>
      </div>
      <b:include name='description'/>
    </div>
  </b:if>
</b:includable>
          <b:includable id='description'>
  <div class='descriptionwrapper'>
    <p class='description'><span><data:description/></span></p>
  </div>
</b:includable>
          <b:includable id='title'>
  <b:if cond='data:blog.url == data:blog.homepageUrl'>
    <data:title/>
  <b:else/>
    <a expr:href='data:blog.homepageUrl'><data:title/></a>
  </b:if>
</b:includable>
        </b:widget>
      </b:section>
            </div>
			<div class='headerright'>
	<div id='header-banner'>
      <b:section class='header-banner' id='banner1' maxwidgets='1' showaddelement='yes'/>
    </div>
              </div>
	
    </div><!-- end head -->

<!-- menu -->
<div id='menu'>
      <ul id='nav'>
        <li><a expr:href='data:blog.homepageUrl'>Home</a></li>
        <li><a href='#'>About</a></li>
        <li><a href='#'>Contact</a></li>
        <li><a href='#'>Tutorial</a></li>
		 <li>
         <a href='/'>DropDown &#9660;</a>
          <ul>
            <li><a href='#'>Sub Page 1</a></li>
            <li><a href='#'>Sub Page 2</a></li>
			<li><a href='#'>Any Labels</a></li>
          </ul>
        </li>
        <li><a href='#'>Music</a></li>
		<li><a href='#'>Fashion</a></li>
		<li><a href='#'>Business</a></li>
       	<li><a href='#'>Fashion</a></li>
		  </ul>
    </div><!-- end menu -->

</div><!-- end header-wrapper -->

<div style='clear: both;'/>
				<div id='content-wrapper'>

		<div id='main-wrapper'>
        	<b:section class='main' id='main' showaddelement='no'>
<b:widget id='Blog1' locked='true' title='Blog Posts' type='Blog'>
  <b:includable id='main' var='top'>
  <b:if cond='data:mobile == &quot;false&quot;'>

    <!-- posts -->
    <div class='blog-posts hfeed'>

      <b:include data='posts' name='breadcrumb'/>
      <b:include data='top' name='status-message'/>

      <data:defaultAdStart/>
      <b:loop values='data:posts' var='post'>
        <b:if cond='data:post.isDateStart'>
          <b:if cond='data:post.isFirstPost == &quot;false&quot;'>
            &lt;/div&gt;&lt;/div&gt;
          </b:if>
        </b:if>
        <b:if cond='data:post.isDateStart'>
          &lt;div class=&quot;date-outer&quot;&gt;
        </b:if>
        <b:if cond='data:post.dateHeader'>
          <h2 class='date-header'><span><data:post.dateHeader/></span></h2>
        </b:if>
        <b:if cond='data:post.isDateStart'>
          &lt;div class=&quot;date-posts&quot;&gt;
        </b:if>
        <div class='post-outer'>
        <b:include data='post' name='post'/>
        <b:if cond='data:blog.pageType == &quot;static_page&quot;'>
          <b:if cond='data:post.showThreadedComments'>
            <b:include data='post' name='threaded_comments'/>
          <b:else/>
            <b:include data='post' name='comments'/>
          </b:if>
        </b:if>
        <b:if cond='data:blog.pageType == &quot;item&quot;'>
          <b:if cond='data:post.showThreadedComments'>
            <b:include data='post' name='threaded_comments'/>
          <b:else/>
            <b:include data='post' name='comments'/>
          </b:if>
        </b:if>
        </div>
        <b:if cond='data:post.includeAd'>
          <b:if cond='data:post.isFirstPost'>
            <data:defaultAdEnd/>
          <b:else/>
            <data:adEnd/>
          </b:if>
          <div class='inline-ad'>
            <data:adCode/>
          </div>
          <data:adStart/>
        </b:if>
      </b:loop>
      <b:if cond='data:numPosts != 0'>
        &lt;/div&gt;&lt;/div&gt;
      </b:if>
      <data:adEnd/>
    </div>

    <!-- navigation -->
    <b:if cond='data:blog.pageType == &quot;index&quot;'>
<b:include name='page-navi'/>
<b:else/>
<b:if cond='data:blog.pageType == &quot;archive&quot;'>
<b:include name='page-navi'/>
</b:if>
<b:else/>
<b:if cond='data:blog.pageType == &quot;item&quot;'>
<b:include name='nextprev'/>
</b:if>
</b:if>

    <!-- feed links -->
    <b:include name='feedLinks'/>

    <b:if cond='data:top.showStars'>
      <script src='//www.google.com/jsapi' type='text/javascript'/>
      <script type='text/javascript'>
        google.load(&quot;annotations&quot;, &quot;1&quot;, {&quot;locale&quot;: &quot;<data:top.languageCode/>&quot;});
        function initialize() {
          google.annotations.setApplicationId(<data:top.blogspotReviews/>);
          google.annotations.createAll();
          google.annotations.fetch();
        }
        google.setOnLoadCallback(initialize);
      </script>
    </b:if>

  <b:else/>
    <b:include name='mobile-main'/>
  </b:if>

  <b:if cond='data:top.showDummy'>
    <data:top.dummyBootstrap/>
  </b:if>

</b:includable>
  <b:includable id='backlinkDeleteIcon' var='backlink'>
  <span expr:class='&quot;item-control &quot; + data:backlink.adminClass'>
    <a expr:href='data:backlink.deleteUrl' expr:title='data:top.deleteBacklinkMsg'>
      <img src='//www.blogger.com/img/icon_delete13.gif'/>
    </a>
  </span>
</b:includable>
  <b:includable id='backlinks' var='post'>
  <a name='links'/><h4><data:post.backlinksLabel/></h4>
  <b:if cond='data:post.numBacklinks != 0'>
    <dl class='comments-block' id='comments-block'>
      <b:loop values='data:post.backlinks' var='backlink'>
        <div class='collapsed-backlink backlink-control'>
          <dt class='comment-title'>
            <span class='backlink-toggle-zippy'>&#160;</span>
            <a expr:href='data:backlink.url' rel='nofollow'><data:backlink.title/></a>
            <b:include data='backlink' name='backlinkDeleteIcon'/>
          </dt>
          <dd class='comment-body collapseable'>
            <data:backlink.snippet/>
          </dd>
          <dd class='comment-footer collapseable'>
            <span class='comment-author'><data:post.authorLabel/> <data:backlink.author/></span>
            <span class='comment-timestamp'><data:post.timestampLabel/> <data:backlink.timestamp/></span>
          </dd>
        </div>
      </b:loop>
    </dl>
  </b:if>
  <p class='comment-footer'>
    <a class='comment-link' expr:href='data:post.createLinkUrl' expr:id='data:widget.instanceId + &quot;_backlinks-create-link&quot;' target='_blank'><data:post.createLinkLabel/></a>
  </p>
</b:includable>
  <b:includable id='breadcrumb' var='posts'>
<b:if cond='data:blog.homepageUrl != data:blog.url'>
<b:if cond='data:blog.pageType == &quot;static_page&quot;'>
<div class='breadcrumbs'><span><a expr:href='data:blog.homepageUrl' rel='tag'>Home</a></span> &#187; <span><data:blog.pageName/></span></div>
<b:else/>
<b:if cond='data:blog.pageType == &quot;item&quot;'>
<!-- breadcrumb for the post page -->
<b:loop values='data:posts' var='post'>
<b:if cond='data:post.labels'>
<div class='breadcrumbs' xmlns:v='http://rdf.data-vocabulary.org/#'>
<span typeof='v:Breadcrumb'><a expr:href='data:blog.homepageUrl' property='v:title' rel='v:url'>Home</a></span>
<b:loop values='data:post.labels' var='label'>
<b:if cond='data:label.isLast == &quot;true&quot;'>
 &#187; <span typeof='v:Breadcrumb'><a expr:href='data:label.url' property='v:title' rel='v:url'><data:label.name/></a></span>
</b:if>
</b:loop>
 &#187; <span><data:post.title/></span>
</div>
<b:else/>
<div class='breadcrumbs'><span><a expr:href='data:blog.homepageUrl' rel='tag'>Home</a></span> &#187; <span>Unlabelled</span> &#187; <span><data:post.title/></span></div>
</b:if>
</b:loop>
<b:else/>
<b:if cond='data:blog.pageType == &quot;archive&quot;'>
<!-- breadcrumb for the label archive page and search pages.. -->
<div class='breadcrumbs'>
<span><a expr:href='data:blog.homepageUrl'>Home</a></span> &#187; <span>Archives for <data:blog.pageName/></span>
</div>
<b:else/>
<b:if cond='data:blog.pageType == &quot;index&quot;'>
<div class='breadcrumbs'>
<b:if cond='data:blog.pageName == &quot;&quot;'>
<span><a expr:href='data:blog.homepageUrl'>Home</a></span> &#187; <span>All posts</span>
<b:else/>
<span><a expr:href='data:blog.homepageUrl'>Home</a></span> &#187; <span>Posts filed under <data:blog.pageName/></span>
</b:if>
</div>
</b:if>
</b:if>
</b:if>
</b:if>
</b:if>
</b:includable>
  <b:includable id='comment-form' var='post'>
  <div class='comment-form'>
    <a name='comment-form'/>
    <b:if cond='data:mobile'>
      <h4 id='comment-post-message'>
        <a expr:id='data:widget.instanceId + &quot;_comment-editor-toggle-link&quot;' href='javascript:void(0)'><data:postCommentMsg/></a></h4>
      <p><data:blogCommentMessage/></p>
      <data:blogTeamBlogMessage/>
      <a expr:href='data:post.commentFormIframeSrc' id='comment-editor-src'/>
      <iframe allowtransparency='true' class='blogger-iframe-colorize blogger-comment-from-post' frameborder='0' height='410' id='comment-editor' name='comment-editor' src='' style='display: none' width='100%'/>
    <b:else/>
      <h4 id='comment-post-message'><data:postCommentMsg/></h4>
      <p><data:blogCommentMessage/></p>
      <data:blogTeamBlogMessage/>
      <a expr:href='data:post.commentFormIframeSrc' id='comment-editor-src'/>
      <iframe allowtransparency='true' class='blogger-iframe-colorize blogger-comment-from-post' frameborder='0' height='410' id='comment-editor' name='comment-editor' src='' width='100%'/>
    </b:if>
    <data:post.friendConnectJs/>
    <data:post.cmtfpIframe/>
    <script type='text/javascript'>
      BLOG_CMT_createIframe(&#39;<data:post.appRpcRelayPath/>&#39;, &#39;<data:post.communityId/>&#39;);
    </script>
  </div>
</b:includable>
  <b:includable id='commentDeleteIcon' var='comment'>
  <span expr:class='&quot;item-control &quot; + data:comment.adminClass'>
    <b:if cond='data:showCmtPopup'>
      <div class='goog-toggle-button'>
        <div class='goog-inline-block comment-action-icon'/>
      </div>
    <b:else/>
      <a class='comment-delete' expr:href='data:comment.deleteUrl' expr:title='data:top.deleteCommentMsg'>
        <img src='//www.blogger.com/img/icon_delete13.gif'/>
      </a>
    </b:if>
  </span>
</b:includable>
  <b:includable id='comment_count_picker' var='post'>
  <b:if cond='data:post.forceIframeComments'>
    <span class='cmt_count_iframe_holder' expr:data-count='data:post.numComments' expr:data-onclick='data:post.addCommentOnclick' expr:data-post-url='data:post.url' expr:data-url='data:post.canonicalUrl'>
    </span>
  <b:else/>
    <b:if cond='data:post.commentSource == 1'>
      <span class='cmt_count_iframe_holder' expr:data-count='data:post.numComments' expr:data-onclick='data:post.addCommentOnclick' expr:data-post-url='data:post.url' expr:data-url='data:post.canonicalUrl'>
      </span>
    <b:else/>
      <a class='comment-link' expr:href='data:post.addCommentUrl' expr:onclick='data:post.addCommentOnclick'>
        <data:post.commentLabelFull/>:
      </a>
    </b:if>
  </b:if>
</b:includable>
  <b:includable id='comment_picker' var='post'>
  <b:if cond='data:post.forceIframeComments'>
    <b:include data='post' name='iframe_comments'/>
    <b:if cond='data:post.showThreadedComments'>
      <b:include data='post' name='threaded_comments'/>
    <b:else/>
      <b:include data='post' name='comments'/>
    </b:if>
  <b:else/>
    <b:if cond='data:post.commentSource == 1'>
      <b:include data='post' name='iframe_comments'/>
    <b:else/>
      <b:if cond='data:post.showThreadedComments'>
        <b:include data='post' name='threaded_comments'/>
      <b:else/>
        <b:include data='post' name='comments'/>
      </b:if>
    </b:if>
  </b:if>
</b:includable>
  <b:includable id='comments' var='post'>
  <div class='comments' id='comments'>
    <a name='comments'/>
    <b:if cond='data:post.allowComments'>
      <h4>
        <b:if cond='data:post.numComments == 1'>
          1 <data:commentLabel/>:
        <b:else/>
          <data:post.numComments/> <data:commentLabelPlural/>:
        </b:if>
      </h4>

      <b:if cond='data:post.commentPagingRequired'>
        <span class='paging-control-container'>
          <a expr:class='data:post.oldLinkClass' expr:href='data:post.oldestLinkUrl'><data:post.oldestLinkText/></a>
          &#160;
          <a expr:class='data:post.oldLinkClass' expr:href='data:post.olderLinkUrl'><data:post.olderLinkText/></a>
          &#160;
          <data:post.commentRangeText/>
          &#160;
          <a expr:class='data:post.newLinkClass' expr:href='data:post.newerLinkUrl'><data:post.newerLinkText/></a>
          &#160;
          <a expr:class='data:post.newLinkClass' expr:href='data:post.newestLinkUrl'><data:post.newestLinkText/></a>
        </span>
      </b:if>

      <div expr:id='data:widget.instanceId + &quot;_comments-block-wrapper&quot;'>
        <dl expr:class='data:post.avatarIndentClass' id='comments-block'>
          <b:loop values='data:post.comments' var='comment'>
            <dt expr:class='&quot;comment-author &quot; + data:comment.authorClass' expr:id='data:comment.anchorName'>
              <b:if cond='data:comment.favicon'>
                <img expr:src='data:comment.favicon' height='16px' style='margin-bottom:-2px;' width='16px'/>
              </b:if>
              <a expr:name='data:comment.anchorName'/>
              <b:if cond='data:blog.enabledCommentProfileImages'>
                <data:comment.authorAvatarImage/>
              </b:if>
              <b:if cond='data:comment.authorUrl'>
                <a expr:href='data:comment.authorUrl' rel='nofollow'><data:comment.author/></a>
              <b:else/>
                <data:comment.author/>
              </b:if>
              <data:commentPostedByMsg/>
            </dt>
            <dd class='comment-body' expr:id='data:widget.instanceId + data:comment.cmtBodyIdPostfix'>
              <b:if cond='data:comment.isDeleted'>
                <span class='deleted-comment'><data:comment.body/></span>
              <b:else/>
                <p>
                  <data:comment.body/>
                </p>
              </b:if>
            </dd>
            <dd class='comment-footer'>
              <span class='comment-timestamp'>
                <a expr:href='data:comment.url' title='comment permalink'>
                  <data:comment.timestamp/>
                </a>
                <b:include data='comment' name='commentDeleteIcon'/>
              </span>
            </dd>
          </b:loop>
        </dl>
      </div>

      <b:if cond='data:post.commentPagingRequired'>
        <span class='paging-control-container'>
          <a expr:class='data:post.oldLinkClass' expr:href='data:post.oldestLinkUrl'>
            <data:post.oldestLinkText/>
          </a>
          <a expr:class='data:post.oldLinkClass' expr:href='data:post.olderLinkUrl'>
            <data:post.olderLinkText/>
          </a>
          &#160;
          <data:post.commentRangeText/>
          &#160;
          <a expr:class='data:post.newLinkClass' expr:href='data:post.newerLinkUrl'>
            <data:post.newerLinkText/>
          </a>
          <a expr:class='data:post.newLinkClass' expr:href='data:post.newestLinkUrl'>
            <data:post.newestLinkText/>
          </a>
        </span>
      </b:if>

      <p class='comment-footer'>
        <b:if cond='data:post.embedCommentForm'>
          <b:if cond='data:post.allowNewComments'>
            <b:include data='post' name='comment-form'/>
          <b:else/>
            <data:post.noNewCommentsText/>
          </b:if>
        <b:else/>
          <b:if cond='data:post.allowComments'>
            <a expr:href='data:post.addCommentUrl' expr:onclick='data:post.addCommentOnclick'><data:postCommentMsg/></a>
          </b:if>
        </b:if>

      </p>
    </b:if>
    <b:if cond='data:showCmtPopup'>
      <div id='comment-popup'>
        <iframe allowtransparency='true' frameborder='0' id='comment-actions' name='comment-actions' scrolling='no'>
        </iframe>
      </div>
    </b:if>

    <div id='backlinks-container'>
    <div expr:id='data:widget.instanceId + &quot;_backlinks-container&quot;'>
       <b:if cond='data:post.showBacklinks'>
         <b:include data='post' name='backlinks'/>
       </b:if>
    </div>
    </div>
  </div>
</b:includable>
  <b:includable id='feedLinks'>
  <b:if cond='data:blog.pageType != &quot;item&quot;'> <!-- Blog feed links -->
    <b:if cond='data:feedLinks'>
      <div class='blog-feeds'>
        <b:include data='feedLinks' name='feedLinksBody'/>
      </div>
    </b:if>

    <b:else/> <!--Post feed links -->
    <div class='post-feeds'>
      <b:loop values='data:posts' var='post'>
        <b:if cond='data:post.allowComments'>
          <b:if cond='data:post.feedLinks'>
            <b:include data='post.feedLinks' name='feedLinksBody'/>
          </b:if>
        </b:if>
      </b:loop>
    </div>
  </b:if>
</b:includable>
  <b:includable id='feedLinksBody' var='links'>
  <div class='feed-links'>
  <data:feedLinksMsg/>
  <b:loop values='data:links' var='f'>
     <a class='feed-link' expr:href='data:f.url' expr:type='data:f.mimeType' target='_blank'><data:f.name/> (<data:f.feedType/>)</a>
  </b:loop>
  </div>
</b:includable>
  <b:includable id='iframe_comments' var='post'>

  <b:if cond='data:post.allowIframeComments'>
    <script expr:src='data:post.iframeCommentSrc' type='text/javascript'/>
    <div class='cmt_iframe_holder'/>

    <b:if cond='data:post.embedCommentForm == &quot;false&quot;'>
      <a expr:href='data:post.addCommentUrl' expr:onclick='data:post.addCommentOnclick'><data:postCommentMsg/></a>
    </b:if>
  </b:if>
</b:includable>
  <b:includable id='mobile-index-post' var='post'>
  <div class='mobile-date-outer date-outer'>
    <b:if cond='data:post.dateHeader'>
      <div class='date-header'>
        <span><data:post.dateHeader/></span>
      </div>
    </b:if>

    <div class='mobile-post-outer'>
      <a expr:href='data:post.url'>
        <h3 class='mobile-index-title entry-title'>
          <data:post.title/>
        </h3>

        <div class='mobile-index-arrow'>&amp;rsaquo;</div>

        <div class='mobile-index-contents'>
          <b:if cond='data:post.thumbnailUrl'>
            <div class='mobile-index-thumbnail'>
              <div class='Image'>
                <img expr:src='data:post.thumbnailUrl'/>
              </div>
            </div>
          </b:if>

          <div class='post-body'>
            <b:if cond='data:post.snippet'><data:post.snippet/></b:if>
          </div>
        </div>

        <div style='clear: both;'/>
      </a>

      <div class='mobile-index-comment'>
        <b:if cond='data:blog.pageType != &quot;static_page&quot;'>
          <b:if cond='data:post.allowComments'>
            <b:if cond='data:post.numComments != 0'>
              <a class='comment-link' expr:href='data:post.addCommentUrl' expr:onclick='data:post.addCommentOnclick'><b:if cond='data:post.numComments == 1'>1 <data:top.commentLabel/><b:else/><data:post.numComments/> <data:top.commentLabelPlural/></b:if></a>
            </b:if>
          </b:if>
        </b:if>
      </div>
    </div>
  </div>
</b:includable>
  <b:includable id='mobile-main' var='top'>
    <!-- posts -->
    <div class='blog-posts hfeed'>

       <b:include data='top' name='status-message'/>
      
      <b:if cond='data:blog.pageType == &quot;index&quot;'>
        <b:loop values='data:posts' var='post'>
          <b:include data='post' name='mobile-index-post'/>
        </b:loop>
      <b:else/>
        <b:loop values='data:posts' var='post'>
          <b:include data='post' name='mobile-post'/>
        </b:loop>
      </b:if>
    </div>

   <b:include name='mobile-nextprev'/>
</b:includable>
  <b:includable id='mobile-nextprev'>
  <div class='blog-pager' id='blog-pager'>
    <b:if cond='data:newerPageUrl'>
      <div class='mobile-link-button' id='blog-pager-newer-link'>
      <a class='blog-pager-newer-link' expr:href='data:newerPageUrl' expr:id='data:widget.instanceId + &quot;_blog-pager-newer-link&quot;' expr:title='data:newerPageTitle'>&amp;lsaquo;</a>
      </div>
    </b:if>

    <b:if cond='data:olderPageUrl'>
      <div class='mobile-link-button' id='blog-pager-older-link'>
      <a class='blog-pager-older-link' expr:href='data:olderPageUrl' expr:id='data:widget.instanceId + &quot;_blog-pager-older-link&quot;' expr:title='data:olderPageTitle'>&amp;rsaquo;</a>
      </div>
    </b:if>

    <div class='mobile-link-button' id='blog-pager-home-link'>
    <a class='home-link' expr:href='data:blog.homepageUrl'><data:homeMsg/></a>
    </div>

    <div class='mobile-desktop-link'>
      <a class='home-link' expr:href='data:desktopLinkUrl'><data:desktopLinkMsg/></a>
    </div>

  </div>
  <div class='clear'/>
</b:includable>
  <b:includable id='mobile-post' var='post'>
  <div class='date-outer'>
    <b:if cond='data:post.dateHeader'>
      <h2 class='date-header'><span><data:post.dateHeader/></span></h2>
    </b:if>
    <div class='date-posts'>
      <div class='post-outer'>

        <div class='post hentry uncustomized-post-template'>
          <a expr:name='data:post.id'/>
          <b:if cond='data:post.title'>
            <h3 class='post-title entry-title'>
              <b:if cond='data:post.link'>
                <a expr:href='data:post.link'><data:post.title/></a>
              <b:else/>
                <b:if cond='data:post.url'>
                  <b:if cond='data:blog.url != data:post.url'>
                    <a expr:href='data:post.url'><data:post.title/></a>
                  <b:else/>
                    <data:post.title/>
                  </b:if>
                <b:else/>
                  <data:post.title/>
                </b:if>
              </b:if>
            </h3>
          </b:if>

          <div class='post-header'>
            <div class='post-header-line-1'/>
          </div>

          <div class='post-body entry-content' expr:id='&quot;post-body-&quot; + data:post.id'>
          <data:post.body/>

            <div style='clear: both;'/> <!-- clear for photos floats -->
          </div>
       
          <div class='post-footer'>
            <div class='post-footer-line post-footer-line-1'>
              <span class='post-author vcard'>
                <b:if cond='data:top.showAuthor'>
                  <b:if cond='data:post.authorProfileUrl'>
                    <span class='fn'>
                      <a expr:href='data:post.authorProfileUrl' rel='author' title='author profile'>
                        <data:post.author/>
                      </a>
                    </span>
                  <b:else/>
                    <span class='fn'><data:post.author/></span>
                  </b:if>
                </b:if>
              </span>

              <span class='post-timestamp'>
                <b:if cond='data:top.showTimestamp'>
                  <data:top.timestampLabel/>
                  <b:if cond='data:post.url'>
                    <a class='timestamp-link' expr:href='data:post.url' rel='bookmark' title='permanent link'><abbr class='published' expr:title='data:post.timestampISO8601'><data:post.timestamp/></abbr></a>
                  </b:if>
                </b:if>
              </span>

              <span class='post-comment-link'>
                <b:if cond='data:blog.pageType != &quot;item&quot;'>
                  <b:if cond='data:blog.pageType != &quot;static_page&quot;'>
                    <b:if cond='data:post.allowComments'>
                      <a class='comment-link' expr:href='data:post.addCommentUrl' expr:onclick='data:post.addCommentOnclick'><b:if cond='data:post.numComments == 1'>1 <data:top.commentLabel/><b:else/><data:post.numComments/> <data:top.commentLabelPlural/></b:if></a>
                    </b:if>
                  </b:if>
                </b:if>
              </span>
            </div>

            <div class='post-footer-line post-footer-line-2'>
              <b:if cond='data:top.showMobileShare'>
                <div class='mobile-link-button goog-inline-block' id='mobile-share-button'>
                  <a href='javascript:void(0);'><data:shareMsg/></a>
                </div>
              </b:if>
              <b:if cond='data:top.showDummy'>
                <div class='goog-inline-block dummy-container'><data:post.dummyTag/></div>
              </b:if>
            </div>

          </div>
        </div>

        <b:if cond='data:blog.pageType == &quot;static_page&quot;'>
          <b:if cond='data:post.showThreadedComments'>
            <b:include data='post' name='threaded_comments'/>
          <b:else/>
            <b:include data='post' name='comments'/>
          </b:if>
        </b:if>
        <b:if cond='data:blog.pageType == &quot;item&quot;'>
          <b:if cond='data:post.showThreadedComments'>
            <b:include data='post' name='threaded_comments'/>
          <b:else/>
            <b:include data='post' name='comments'/>
          </b:if>
        </b:if>
      </div>
    </div>
  </div>
</b:includable>
  <b:includable id='nextprev'>
  <div class='blog-pager' id='blog-pager'>
    <b:if cond='data:newerPageUrl'>
      <span id='blog-pager-newer-link'>
      <a class='blog-pager-newer-link' expr:href='data:newerPageUrl' expr:id='data:widget.instanceId + &quot;_blog-pager-newer-link&quot;' expr:title='data:newerPageTitle'><data:newerPageTitle/></a>
      </span>
    </b:if>

    <b:if cond='data:olderPageUrl'>
      <span id='blog-pager-older-link'>
      <a class='blog-pager-older-link' expr:href='data:olderPageUrl' expr:id='data:widget.instanceId + &quot;_blog-pager-older-link&quot;' expr:title='data:olderPageTitle'><data:olderPageTitle/></a>
      </span>
    </b:if>

    <a class='home-link' expr:href='data:blog.homepageUrl'><data:homeMsg/></a>

    <b:if cond='data:mobileLinkUrl'>
      <div class='blog-mobile-link'>
        <a expr:href='data:mobileLinkUrl'><data:mobileLinkMsg/></a>
      </div>
    </b:if>

  </div>
  <div class='clear'/>
</b:includable>
  <b:includable id='page-navi'>
<div class='pagenavi'>
<script type='text/javascript'>
var pageNaviConf = {
perPage: 4,numPages: 5,firstText: &quot;First&quot;,
lastText: &quot;Last&quot;,
nextText: &quot;&#187;&quot;,
prevText: &quot;&#171;&quot;
}
</script>

<script src='http://yourjavascript.com/815315225/www.mybloggerblog.com.js' type='text/javascript'/>
<div class='clear'/>
</div>
</b:includable>
  <b:includable id='post' var='post'>
  <div class='post hentry'>
    <a expr:name='data:post.id'/>
    <b:if cond='data:post.title'>
      <h3 class='post-title entry-title'>
      <b:if cond='data:post.link'>
        <a expr:href='data:post.link'><data:post.title/></a>
      <b:else/>
        <b:if cond='data:post.url'>
          <b:if cond='data:blog.url != data:post.url'>
            <a expr:href='data:post.url'><data:post.title/></a>
          <b:else/>
            <data:post.title/>
          </b:if>
        <b:else/>
          <data:post.title/>
        </b:if>
      </b:if>
      </h3>
    </b:if>

    <div class='post-header'>
    <div class='post-header-line-1'><span class='post-author vcard'>
        <b:if cond='data:top.showAuthor'>
          <data:top.authorLabel/>
            <b:if cond='data:post.authorProfileUrl'>
              <span class='fn'>
                <a expr:href='data:post.authorProfileUrl' rel='author' title='author profile'>
                  <data:post.author/>
                </a>
              </span>
            <b:else/>
              <span class='fn'><data:post.author/></span>
            </b:if>
        </b:if>
      </span> <span class='post-labels' style='padding-left:20px;'>
        <b:if cond='data:post.labels'>
          <data:postLabelsLabel/>
          <b:loop values='data:post.labels' var='label'>
            <a expr:href='data:label.url' rel='tag'><data:label.name/></a><b:if cond='data:label.isLast != &quot;true&quot;'>,</b:if>
          </b:loop>
        </b:if>
      </span> <span class='post-comment-link' style='padding-left:20px;'>
        <b:if cond='data:blog.pageType != &quot;item&quot;'>
          <b:if cond='data:blog.pageType != &quot;static_page&quot;'>
            <b:if cond='data:post.allowComments'>
              <a class='comment-link' expr:href='data:post.addCommentUrl' expr:onclick='data:post.addCommentOnclick'><b:if cond='data:post.numComments == 1'>1 <data:top.commentLabel/><b:else/><data:post.numComments/> <data:top.commentLabelPlural/></b:if></a>
            </b:if>
          </b:if>
        </b:if>
      </span> </div>
    </div>

    <div class='post-body entry-content' expr:id='&quot;post-body-&quot; + data:post.id'>
      <!-- Resumo 2ª parte -->
<b:if cond='data:blog.pageType == &quot;static_page&quot;'>
<data:post.body/>
<b:else/>
<p><b:if cond='data:blog.pageType != &quot;item&quot;'>
<div expr:id='&quot;summary&quot; + data:post.id'><data:post.body/></div>
<script type='text/javascript'>createSummaryAndThumb
(&quot;summary<data:post.id/>&quot;);</script>
<span class='jump-link' style='float:right'><a expr:href='data:post.url'>Read more...</a>
</span></b:if>
<b:if cond='data:blog.pageType == &quot;item&quot;'><data:post.body/></b:if></p>
</b:if>
<!-- Fim resumo automático -->
      <div style='clear: both;'/> <!-- clear for photos floats -->
    </div>

    <b:if cond='data:post.hasJumpLink'>
      <div class='jump-link'>
        <a expr:href='data:post.url + &quot;#more&quot;' expr:title='data:post.title'><data:post.jumpText/></a>
      </div>
    </b:if>

	
    <div class='post-footer'>
    <div class='post-footer-line post-footer-line-1'><div class='post-share-buttons goog-inline-block'>
        <b:if cond='data:post.sharePostUrl'>
          <b:include data='post' name='shareButtons'/>
        </b:if>
      </div> <span class='post-icons'>
        <!-- email post links -->
        <b:if cond='data:post.emailPostUrl'>
          <span class='item-action'>
          <a expr:href='data:post.emailPostUrl' expr:title='data:top.emailPostMsg'>
              <img alt='' class='icon-action' height='13' src='http://img1.blogblog.com/img/icon18_email.gif' width='18'/>
          </a>
          </span>
        </b:if>

        <!-- quickedit pencil -->
        <b:include data='post' name='postQuickEdit'/>
      </span> </div>

      <div class='post-footer-line post-footer-line-2'/>

      <div class='post-footer-line post-footer-line-3'/>

<b:if cond='data:blog.pageType == &quot;item&quot;'>
<div id='under-wrapper'>
<div style='text-align: left;margin:0 auto; padding:5px 0;width:100%;'>
<div style='float:left;padding:1px;margin-right:15px;font:bold 15px Oswald;color:#21759b;'>
<strong>Share this article</strong> : 
</div>
<!-- AddThis Button BEGIN -->
<div class='addthis_toolbox addthis_default_style '>
<a class='addthis_button_facebook_like' fb:like:layout='button_count'/>
<a class='addthis_button_tweet'/>
<a class='addthis_button_google_plusone' g:plusone:size='medium'/> 
<a class='addthis_button_pinterest_pinit'/>
<a class='addthis_counter addthis_pill_style'/>
</div>
<script type='text/javascript'>var addthis_config = {&quot;data_track_addressbar&quot;:true};</script>
<script src='http://s7.addthis.com/js/300/addthis_widget.js#pubid=ra-4fea027b6493fe59' type='text/javascript'/>
<!-- AddThis Button END -->
</div></div>
      </b:if>
    
    <!-- Related Posts with Thumbnails Code Start-->
<b:if cond='data:blog.pageType == &quot;item&quot;'>
<div id='related-posts'>
<b:loop values='data:post.labels' var='label'>
<b:if cond='data:label.isLast != &quot;true&quot;'>
</b:if>
<b:if cond='data:blog.pageType == &quot;item&quot;'>
<script expr:src='&quot;/feeds/posts/default/-/&quot; + data:label.name + &quot;?alt=json-in-script&amp;callback=related_results_labels_thumbs&amp;max-results=6&quot;' type='text/javascript'/></b:if></b:loop><a href='http://www.bloggerplugins.org/2009/08/related-posts-thumbnails-blogger-widget.html' style='display:none;'>Related Posts with thumbnails for blogger</a><a href='http://www.bloggerplugins.org/' style='display:none;'>blogger tutorials</a>
<script type='text/javascript'>
var currentposturl=&quot;<data:post.url/>&quot;;
var maxresults=3;
var relatedpoststitle=&quot;Like this? Read these:&quot;;
removeRelatedDuplicates_thumbs();
printRelatedLabels_thumbs();
</script>
</div><div style='clear:both'/>
</b:if>
<!-- Related Posts with Thumbnails Code End-->

    </div>
  </div>
</b:includable>
  <b:includable id='postQuickEdit' var='post'>
  <b:if cond='data:post.editUrl'>
    <span expr:class='&quot;item-control &quot; + data:post.adminClass'>
      <a expr:href='data:post.editUrl' expr:title='data:top.editPostMsg'>
        <img alt='' class='icon-action' height='18' src='http://img2.blogblog.com/img/icon18_edit_allbkg.gif' width='18'/>
      </a>
    </span>
  </b:if>
</b:includable>
  <b:includable id='shareButtons' var='post'>
  <b:if cond='data:top.showEmailButton'><a class='goog-inline-block share-button sb-email' expr:href='data:post.sharePostUrl + &quot;&amp;target=email&quot;' expr:title='data:top.emailThisMsg' target='_blank'><span class='share-button-link-text'><data:top.emailThisMsg/></span></a></b:if><b:if cond='data:top.showBlogThisButton'><a class='goog-inline-block share-button sb-blog' expr:href='data:post.sharePostUrl + &quot;&amp;target=blog&quot;' expr:onclick='&quot;window.open(this.href, \&quot;_blank\&quot;, \&quot;height=270,width=475\&quot;); return false;&quot;' expr:title='data:top.blogThisMsg' target='_blank'><span class='share-button-link-text'><data:top.blogThisMsg/></span></a></b:if><b:if cond='data:top.showTwitterButton'><a class='goog-inline-block share-button sb-twitter' expr:href='data:post.sharePostUrl + &quot;&amp;target=twitter&quot;' expr:title='data:top.shareToTwitterMsg' target='_blank'><span class='share-button-link-text'><data:top.shareToTwitterMsg/></span></a></b:if><b:if cond='data:top.showFacebookButton'><a class='goog-inline-block share-button sb-facebook' expr:href='data:post.sharePostUrl + &quot;&amp;target=facebook&quot;' expr:onclick='&quot;window.open(this.href, \&quot;_blank\&quot;, \&quot;height=430,width=640\&quot;); return false;&quot;' expr:title='data:top.shareToFacebookMsg' target='_blank'><span class='share-button-link-text'><data:top.shareToFacebookMsg/></span></a></b:if><b:if cond='data:top.showOrkutButton'><a class='goog-inline-block share-button sb-orkut' expr:href='data:post.sharePostUrl + &quot;&amp;target=orkut&quot;' expr:title='data:top.shareToOrkutMsg' target='_blank'><span class='share-button-link-text'><data:top.shareToOrkutMsg/></span></a></b:if><b:if cond='data:top.showDummy'><div class='goog-inline-block dummy-container'><data:post.dummyTag/></div></b:if>
</b:includable>
  <b:includable id='status-message'>
  <b:if cond='data:navMessage'>
  <div class='status-msg-wrap'>
    <div class='status-msg-body'>
      <data:navMessage/>
    </div>
    <div class='status-msg-border'>
      <div class='status-msg-bg'>
        <div class='status-msg-hidden'><data:navMessage/></div>
      </div>
    </div>
  </div>
  <div style='clear: both;'/>
  </b:if>
</b:includable>
  <b:includable id='threaded-comment-form' var='post'>
  <div class='comment-form'>
    <a name='comment-form'/>
    <b:if cond='data:mobile'>
      <p><data:blogCommentMessage/></p>
      <data:blogTeamBlogMessage/>
      <a expr:href='data:post.commentFormIframeSrc' id='comment-editor-src'/>
      <iframe allowtransparency='true' class='blogger-iframe-colorize blogger-comment-from-post' frameborder='0' height='410' id='comment-editor' name='comment-editor' src='' style='display: none' width='100%'/>
    <b:else/>
      <p><data:blogCommentMessage/></p>
      <data:blogTeamBlogMessage/>
      <a expr:href='data:post.commentFormIframeSrc' id='comment-editor-src'/>
      <iframe allowtransparency='true' class='blogger-iframe-colorize blogger-comment-from-post' frameborder='0' height='410' id='comment-editor' name='comment-editor' src='' width='100%'/>
    </b:if>
    <data:post.friendConnectJs/>
    <data:post.cmtfpIframe/>
    <script type='text/javascript'>
      BLOG_CMT_createIframe(&#39;<data:post.appRpcRelayPath/>&#39;, &#39;<data:post.communityId/>&#39;);
    </script>
  </div>
</b:includable>
  <b:includable id='threaded_comment_js' var='post'>
  <script async='async' expr:src='data:post.commentSrc' type='text/javascript'/>

  <script type='text/javascript'>
    (function() {
      var items = <data:post.commentJso/>;
      var msgs = <data:post.commentMsgs/>;
      var config = <data:post.commentConfig/>;

// <![CDATA[
      var cursor = null;
      if (items && items.length > 0) {
        cursor = parseInt(items[items.length - 1].timestamp) + 1;
      }

      var bodyFromEntry = function(entry) {
        if (entry.gd$extendedProperty) {
          for (var k in entry.gd$extendedProperty) {
            if (entry.gd$extendedProperty[k].name == 'blogger.contentRemoved') {
              return '<span class="deleted-comment">' + entry.content.$t + '</span>';
            }
          }
        }
        return entry.content.$t;
      }

      var parse = function(data) {
        cursor = null;
        var comments = [];
        if (data && data.feed && data.feed.entry) {
          for (var i = 0, entry; entry = data.feed.entry[i]; i++) {
            var comment = {};
            // comment ID, parsed out of the original id format
            var id = /blog-(\d+).post-(\d+)/.exec(entry.id.$t);
            comment.id = id ? id[2] : null;
            comment.body = bodyFromEntry(entry);
            comment.timestamp = Date.parse(entry.published.$t) + '';
            if (entry.author && entry.author.constructor === Array) {
              var auth = entry.author[0];
              if (auth) {
                comment.author = {
                  name: (auth.name ? auth.name.$t : undefined),
                  profileUrl: (auth.uri ? auth.uri.$t : undefined),
                  avatarUrl: (auth.gd$image ? auth.gd$image.src : undefined)
                };
              }
            }
            if (entry.link) {
              if (entry.link[2]) {
                comment.link = comment.permalink = entry.link[2].href;
              }
              if (entry.link[3]) {
                var pid = /.*comments\/default\/(\d+)\?.*/.exec(entry.link[3].href);
                if (pid && pid[1]) {
                  comment.parentId = pid[1];
                }
              }
            }
            comment.deleteclass = 'item-control blog-admin';
            if (entry.gd$extendedProperty) {
              for (var k in entry.gd$extendedProperty) {
                if (entry.gd$extendedProperty[k].name == 'blogger.itemClass') {
                  comment.deleteclass += ' ' + entry.gd$extendedProperty[k].value;
                }
              }
            }
            comments.push(comment);
          }
        }
        return comments;
      };

      var paginator = function(callback) {
        if (hasMore()) {
          var url = config.feed + '?alt=json&v=2&orderby=published&reverse=false&max-results=50';
          if (cursor) {
            url += '&published-min=' + new Date(cursor).toISOString();
          }
          window.bloggercomments = function(data) {
            var parsed = parse(data);
            cursor = parsed.length < 50 ? null
                : parseInt(parsed[parsed.length - 1].timestamp) + 1
            callback(parsed);
            window.bloggercomments = null;
          }
          url += '&callback=bloggercomments';
          var script = document.createElement('script');
          script.type = 'text/javascript';
          script.src = url;
          document.getElementsByTagName('head')[0].appendChild(script);
        }
      };
      var hasMore = function() {
        return !!cursor;
      };
      var getMeta = function(key, comment) {
        if ('iswriter' == key) {
          var matches = !!comment.author
              && comment.author.name == config.authorName
              && comment.author.profileUrl == config.authorUrl;
          return matches ? 'true' : '';
        } else if ('deletelink' == key) {
          return config.baseUri + '/delete-comment.g?blogID='
               + config.blogId + '&postID=' + comment.id;
        } else if ('deleteclass' == key) {
          return comment.deleteclass;
        }
        return '';
      };

      var replybox = null;
      var replyUrlParts = null;
      var replyParent = undefined;

      var onReply = function(commentId, domId) {
        if (replybox == null) {
          // lazily cache replybox, and adjust to suit this style:
          replybox = document.getElementById('comment-editor');
          if (replybox != null) {
            replybox.height = '250px';
            replybox.style.display = 'block';
            replyUrlParts = replybox.src.split('#');
          }
        }
        if (replybox && (commentId !== replyParent)) {
          document.getElementById(domId).insertBefore(replybox, null);
          replybox.src = replyUrlParts[0]
              + (commentId ? '&parentID=' + commentId : '')
              + '#' + replyUrlParts[1];
          replyParent = commentId;
        }
      };

      var hash = (window.location.hash || '#').substring(1);
      var startThread, targetComment;
      if (/^comment-form_/.test(hash)) {
        startThread = hash.substring('comment-form_'.length);
      } else if (/^c[0-9]+$/.test(hash)) {
        targetComment = hash.substring(1);
      }

      // Configure commenting API:
      var configJso = {
        'maxDepth': config.maxThreadDepth
      };
      var provider = {
        'id': config.postId,
        'data': items,
        'loadNext': paginator,
        'hasMore': hasMore,
        'getMeta': getMeta,
        'onReply': onReply,
        'rendered': true,
        'initComment': targetComment,
        'initReplyThread': startThread,
        'config': configJso,
        'messages': msgs
      };

      var render = function() {
        if (window.goog && window.goog.comments) {
          var holder = document.getElementById('comment-holder');
          window.goog.comments.render(holder, provider);
        }
      };

      // render now, or queue to render when library loads:
      if (window.goog && window.goog.comments) {
        render();
      } else {
        window.goog = window.goog || {};
        window.goog.comments = window.goog.comments || {};
        window.goog.comments.loadQueue = window.goog.comments.loadQueue || [];
        window.goog.comments.loadQueue.push(render);
      }
    })();
// ]]>
  </script>
</b:includable>
  <b:includable id='threaded_comments' var='post'>
  <div class='comments' id='comments'>
    <a name='comments'/>
    <h4>
      <b:if cond='data:post.numComments == 1'>
        1 <data:commentLabel/>:
      <b:else/>
        <data:post.numComments/> <data:commentLabelPlural/>:
      </b:if>
    </h4>

    <div class='comments-content'>
      <b:if cond='data:post.embedCommentForm'>
        <b:include data='post' name='threaded_comment_js'/>
      </b:if>
      <div id='comment-holder'>
         <data:post.commentHtml/>
      </div>
    </div>

    <p class='comment-footer'>
      <b:if cond='data:post.allowNewComments'>
        <b:include data='post' name='threaded-comment-form'/>
      <b:else/>
        <data:post.noNewCommentsText/>
      </b:if>
    </p>

    <b:if cond='data:showCmtPopup'>
      <div id='comment-popup'>
        <iframe allowtransparency='true' frameborder='0' id='comment-actions' name='comment-actions' scrolling='no'>
        </iframe>
      </div>
    </b:if>

    <div id='backlinks-container'>
    <div expr:id='data:widget.instanceId + &quot;_backlinks-container&quot;'>
       <b:if cond='data:post.showBacklinks'>
         <b:include data='post' name='backlinks'/>
       </b:if>
    </div>
    </div>
  </div>
</b:includable>
</b:widget>
</b:section>
     
       </div><!-- end main-wrapper -->
  
        <div id='sidebar-wrapper'> 
          
	 <div id='search-area'>
       <h2>Search this Site</h2>
        <form action='/search' id='searchform' method='get'>
			<div>
 		<input class='sbox' id='sbox' name='q' onblur='if (this.value == &quot;&quot;) {this.value = &quot;Type here ...&quot;;}' onfocus='if (this.value == &quot;Type here ...&quot;) {this.value = &quot;&quot;}' type='text' value='Type here ...'/>
		<input id='searchbutton' type='submit' value='SEARCH'/>
      		</div>
		</form> 
     </div>            

<div style='clear:both;'/>
<div class='tabber'> 
<b:section class='tabbertab' id='tab1' maxwidgets='1'/> 
<b:section class='tabbertab' id='tab2' maxwidgets='1'/> 
  <b:section class='tabbertab' id='tab3' maxwidgets='1'/>
</div>        
        <b:section class='sidebar' id='sidebar' preferred='yes'>
                  <b:widget id='Attribution1' locked='true' title='' type='Attribution'>
                    <b:includable id='main'>
    <b:if cond='data:feedbackSurveyLink'>
      <div class='mobile-survey-link' style='text-align: center;'>
        <data:feedbackSurveyLink/>
      </div>
    </b:if>

    <div class='widget-content' style='text-align: center;'>
      <b:if cond='data:attribution != &quot;&quot;'>
       <data:attribution/>
      </b:if>
    </div>

    <b:include name='quickedit'/>
  </b:includable>
                  </b:widget>
                </b:section>
      </div>

      <!-- spacer for skins that want sidebar and main to be the same height-->
      <div class='clear'>&#160;</div>
        
    </div> <!-- end content-wrapper -->

<div id='footer-wrapper'>
     <b:section class='footer' id='footer'/>
   
    
    <div id='lower'>
<div id='lower-wrapper'>

<div id='lowerbar-wrapper'>
<b:section class='lowerbar' id='lowerbar1' preferred='yes'/>
</div>

<div id='lowerbar-wrapper'>
<b:section class='lowerbar' id='lowerbar2' preferred='yes'/>
</div>

<div id='lowerbar-wrapper'>
<b:section class='lowerbar' id='lowerbar3' preferred='yes'/>
</div>

<div style='clear: both;'/>
</div> </div><!-- end lower-wrapper -->
 
 

<!-- Please don't remove the credits below as we spent many hours creating this blogger template. It's only reasonable that you keep the link to btdesigner.blogspot.com. -->
<div id='credits'>
<div id='copyright'>
<div id='credit-wrap'>
  <p>Copyright &#169; 2013. <a expr:href='data:blog.homepageUrl' expr:title='data:blog.title'><data:blog.title/></a> - All Rights Reserved <br/> Template Created by <a href='http://www.btdesigner.net/'>BTDesigner</a> Published.. <a href='http://gooyaabitemplates.com/'>Blogger Templates</a> | powered by <a href='http://www.blogger.com'>Blogger</a></p>
</div>
<div id='socials-wrap'>
<div class='social'>
<ul>
  <li><a class='social-facebook' href='/facebook' rel='nofollow' target='_blank' title='Like Us'/></li>
  <li><a class='social-flick' href='/flick' rel='nofollow' target='_blank' title='Follow Us'/></li>
  <li><a class='social-pinterest' href='/pinterest' rel='nofollow' target='_blank' title='Follow Us'/></li>
<li><a class='social-rss' href='ADRESS-FEEDBURNER' onclick='window.open(&apos;ADRESS-FEEDBURNER&apos;, &apos;popupwindow&apos;, &apos;scrollbars=yes,width=550,height=520&apos;);return truetitle=' rel='nofollow' target='_blank' title='Subscribe our FEED by email'/></li>
  <li><a class='social-twitter' href='/twiter' rel='nofollow' target='_blank' title='Follow Us'/></li>
  <li><a class='social-youtube' href='/youtube' rel='nofollow' target='_blank' title='Whatch'/></li>
</ul>
</div>
</div>

</div></div>
<script src='http://ajax.googleapis.com/ajax/libs/jquery/1.7.2/jquery.min.js' type='text/javascript'/>
<script src='http://arrow.scrolltotop.com/arrow89.js' type='text/javascript'/>
    <b:include data='blog' name='google-analytics'/>
  </div> <!-- end footer-wrapper --> 
</div></div> <!-- end outer-wrapper -->

</body>
</html>