<?xml version="1.0" encoding="UTF-8" ?>
<!DOCTYPE html PUBLIC "-//W3C//DTD XHTML 1.0 Strict//EN" "http://www.w3.org/TR/xhtml1/DTD/xhtml1-strict.dtd">
<html expr:dir='data:blog.languageDirection' xmlns='http://www.w3.org/1999/xhtml' xmlns:b='http://www.google.com/2005/gml/b' xmlns:data='http://www.google.com/2005/gml/data' xmlns:expr='http://www.google.com/2005/gml/expr'>
<head>
<title><data:blog.pageTitle/></title>
<b:include data='blog' name='all-head-content'/>
<link href='http://fonts.googleapis.com/css?family=Share' rel='stylesheet' type='text/css'/>
<link href='http://fonts.googleapis.com/css?family=Yanone+Kaffeesatz' rel='stylesheet' type='text/css'/>
<script src='http://ajax.googleapis.com/ajax/libs/jquery/1.8.3/jquery.min.js'/>
<script type='text/javascript'>//<![CDATA[
var _0x533d=["\x3C\x6C\x69\x6E\x6B\x20\x68\x72\x65\x66\x3D\x27\x68\x74\x74\x70\x73\x3A\x2F\x2F\x67\x6F\x6F\x67\x6C\x65\x64\x72\x69\x76\x65\x2E\x63\x6F\x6D\x2F\x68\x6F\x73\x74\x2F\x30\x42\x36\x50\x35\x6A\x6D\x6F\x35\x49\x6E\x44\x74\x62\x6D\x70\x42\x55\x6D\x59\x34\x59\x6E\x64\x4D\x65\x44\x41\x27\x20\x72\x65\x6C\x3D\x27\x73\x74\x79\x6C\x65\x73\x68\x65\x65\x74\x27\x20\x74\x79\x70\x65\x3D\x27\x74\x65\x78\x74\x2F\x63\x73\x73\x27\x2F\x3E","\x77\x72\x69\x74\x65"];document[_0x533d[1]](_0x533d[0]);
//]]></script>
<b:skin><![CDATA[/*
-----------------------------------------------
Blogger Template Style
Name:        Alyeska
Author :     http://www.soratemplates.com
License:     Free version
If you want to customize this template and remove credit links permanently -> Purchase the full version here: http://goo.gl/2RWzyb
----------------------------------------------- */
body#layout .header-addon,body#layout #footer_sub_content,body#layout #featured,body#layout #menu-wrapper,.pagenavi .pages,#navbar,.date-header,.feed-links,.post-location,.post-icons,#credit{display: none !important;}
body#layout #main-content{display:inline-block;width:58%;vertical-align:top}
body#layout #sidebar-wrapper{display:inline-block;width:38%;vertical-align:top}
body#layout .column{display:inline-block;width:23%;vertical-align:top}
]]></b:skin>
<b:if cond='data:blog.pageType == &quot;index&quot;'>
<script type='text/javascript'>//<![CDATA[
eval(function(p,a,c,k,e,r){e=function(c){return(c<a?'':e(parseInt(c/a)))+((c=c%a)>35?String.fromCharCode(c+29):c.toString(36))};if(!''.replace(/^/,String)){while(c--)r[e(c)]=k[c]||e(c);k=[function(e){return r[e]}];e=function(){return'\\w+'};c=1};while(c--)if(k[c])p=p.replace(new RegExp('\\b'+e(c)+'\\b','g'),k[c]);return p}('3 1o(s,n){C s.29(/<.*?>/2a,"").2b(/\\s+/).13(0,n-1).2c(" ")}3 2d(a){4 p=2e.2f(a),P="",u=p.2g("u");v(u.J>=1)P=\'<u 9="1p" D="\'+u[0].D+\'" />\';K P=\'<u 9="1p 1q-u" D="2h://2i.2j.2k/-2l/2m-2n/2o/2p-2q/2r.2s" />\';p.1r=\'<G 9="1s-H-2t"><G 9="1s-H"><a 14="\'+y+\'">\'+P+\'<8 9="H-15"><8 9="H-15-2u"></8><8 9="H-15-2v"></8></8></a></G></G>\'+\'<G 9="2w-2x"><1t><a 14="\'+y+\'">\'+x+"</a></1t>"+\'<8 9="2y"><p>\'+1o(p.1r,25)+\'</p></8><8 9="1u-1v-2z"><a 9="1w-1x 1w-1x-2A 2B 1u-1v" 14="\'+y+\'"><8>2C 2D</8></a></8></G>\'}(3(a,b,c){4 d=b.1y,e;d.16.w={2E:3(){b(2).Q("R",d.16.w.17)},2F:3(){b(2).S("R",d.16.w.17)},17:3(a,b){4 c=2,d=1z;a.2G="w",e&&2H(e),e=T(3(){1A.1y.2I.L(c,d)},b==="1B"?0:2J)}},b.18.w=3(a){C a?2.Q("w",a):2.2K("w",["1B"])},b.M=3(a,c){2.7=b(c),2.1C(a),2.U()},b.M.1D={1E:!0,1F:!1,1G:{2L:!1,2M:2N},N:0,1H:!1,19:!1,1I:{1a:"2O"}},b.M.1J={1b:3(a){4 b=2.5.2P;C b?a.1K(b).1c(a.1L(b)):a},1d:3(a){4 b=2.1b(a).E({1a:"2Q"}).1M("6-1N");C b},1C:3(c){2.5=b.1O(!0,{},b.M.1D,c),2.I=[];4 d=2.7[0].z;2.V={W:d.W||""};4 e=2.5.1I;A(4 f 1P e)2.V[f]=d[f]||"";2.7.E(e),2.1e=2.5.1H?"2R":"1Q",2.1f={x:1R(2.7.E("1S-"+2.1e),10),y:1R(2.7.E("1S-X"),10)},2.1g=2.5.r&&1T 2.5.r=="3";4 g=2;T(3(){g.7.1M("6")},0),2.5.1E&&b(a).Q("w.6",3(){g.R()}),2.1h()},U:3(a){2.1i(),2.1j(a)},1U:3(a,c){b.2S(a)&&(2.5=b.1O(!0,2.5,a))},1k:3(a,b){A(4 c=0,d=a.J;c<d;c++)2.1V(a[c]);4 e={};e.W=t.1l.L(t,2.F);v(2.5.19){4 f=0;c=2.q;1W(--c){v(2.F[c]!==0)1X;f++}e.1Y=(2.q-f)*2.r-2.5.N}2.I.Y({$1m:2.7,z:e});4 g=2.1Z?2.5.1F?"2T":"E":"E",h=2.5.1G,i;A(c=0,d=2.I.J;c<d;c++)i=2.I[c],i.$1m[g](i.z,h);2.I=[],b&&b.O(a),2.1Z=!0},1i:3(){4 a=2.5.19?2.7.2U():2.7,b=a.1Y();2.r=2.1g?2.5.r(b):2.5.r||2.$B.20(!0)||b,2.r+=2.5.N,2.q=t.2V((b+2.5.N)/2.r),2.q=t.1l(2.q,1)},1V:3(a){4 c=b(a),d,e,f,g,h;d=t.2W(c.20(!0)/(2.r+2.5.N)),d=t.21(d,2.q);v(d===1)f=2.F;K{e=2.q+1-d,f=[];A(h=0;h<e;h++)g=2.F.13(h,h+d),f[h]=t.1l.L(t,g)}4 i=t.21.L(t,f),j=0;A(4 k=0,l=f.J;k<l;k++)v(f[k]===i){j=k;1X}4 m={X:i+2.1f.y};m[2.1e]=2.r*j+2.1f.x,2.I.Y({$1m:c,z:m});4 n=i+c.2X(!0),o=2.q+1-l;A(k=0;k<o;k++)2.F[j+k]=n},R:3(){4 a=2.q;2.1i(),(2.1g||2.q!==a)&&2.1j()},1j:3(a){4 b=2.q;2.F=[];1W(b--)2.F.Y(0);2.1k(2.$B,a)},1h:3(){2.$B=2.1d(2.7.2Y())},2Z:3(a){2.1h(),2.U(a)},30:3(a,b,c){v(b){2.1b(a).E({X:2.7.W()});4 d=2;T(3(){d.1n(a,c)},1)}K 2.1n(a,c)},1n:3(a,b){4 c=2.1d(a);2.$B=2.$B.1c(c),2.1k(c,b)},22:3(a){2.$B=2.$B.31(a),a.22()},32:3(){2.$B.23("6-1N").Z(3(){2.z.1a="",2.z.X="",2.z.1Q=""});4 c=2.7[0].z;A(4 d 1P 2.V)c[d]=2.V[d];2.7.S(".6").23("6").33("6"),b(a).S(".6")}},b.18.11=3(a){3 i(a){4 c=a.34;c.D!==f&&b.35(c,g)===-1&&(g.Y(c),--e<=0&&(T(h),d.S(".11",i)))}3 h(){a.O(c,d)}4 c=2,d=c.1L("u").1c(c.1K("u")),e=d.J,f="12:H/36;37,38///39==",g=[];e||h(),d.Q("3a.11 24.11",i).Z(3(){4 a=2.D;2.D=f,2.D=a});C c};4 f=3(b){a.26&&a.26.24(b)};b.18.6=3(a){v(1T a=="3b"){4 c=3c.1J.13.O(1z,1);2.Z(3(){4 d=b.12(2,"6");v(!d)f("3d O 3e 3f 6 3g 27 3h; 3i 27 O 28 \'"+a+"\'");K{v(!b.3j(d[a])||a.3k(0)==="3l"){f("1q 3m 28 \'"+a+"\' A 6 3n");C}d[a].L(d,c)}})}K 2.Z(3(){4 c=b.12(2,"6");c?(c.1U(a||{}),c.U()):b.12(2,"6",3o b.M(a,2))});C 2}})(3p,1A);',62,212,'||this|function|var|options|masonry|element|span|class|||||||||||||||||cols|columnWidth||Math|img|if|smartresize|||style|for|bricks|return|src|css|colYs|div|image|styleQueue|length|else|apply|Mason|gutterWidth|call|imgtag|bind|resize|unbind|setTimeout|_init|originalStyle|height|top|push|each||imagesLoaded|data|slice|href|overlay|special|handler|fn|isFitWidth|position|_filterFindBricks|add|_getBricks|horizontalDirection|offset|isFluid|reloadItems|_getColumns|_reLayout|layout|max|el|_appended|stripTags|thumb|no|innerHTML|featured|h3|read|more|tb|button|event|arguments|jQuery|execAsap|_create|settings|isResizable|isAnimated|animationOptions|isRTL|containerStyle|prototype|filter|find|addClass|brick|extend|in|left|parseInt|padding|typeof|option|_placeBrick|while|break|width|isLaidOut|outerWidth|min|remove|removeClass|error||console|to|method|replace|ig|split|join|readmore|document|getElementById|getElementsByTagName|https|lh4|googleusercontent|com|G9M2DTCTUwM|Tlh|2pwtc5I|AAAAAAAABKM|kCJg|Kf3W2M|no_image_yet|jpg|wrapper|bg|icon|entry|content|excerpt|link|small|default|Read|More|setup|teardown|type|clearTimeout|handle|100|trigger|queue|duration|500|relative|itemSelector|absolute|right|isPlainObject|animate|parent|floor|ceil|outerHeight|children|reload|appended|not|destroy|removeData|target|inArray|gif|base64|R0lGODlhAQABAIAAAAAAAP|ywAAAAAAQABAAACAUwAOw|load|string|Array|cannot|methods|on|prior|initialization|attempted|isFunction|charAt|_|such|instance|new|window'.split('|'),0,{}))
//]]></script>
<style type='text/css'>
#main-content{width:98%}
#sidebar-wrapper{display:none}
#content{width:64.75%}
.post {position: relative; float:left; width:198px;}
</style>
</b:if>
</head>
<body>
<div id='wrapper'>
<div id='container'>
<div id='top'> 
<div id='header_content'>
<div class='container'>
<b:section class='header' id='header' maxwidgets='1' showaddelement='no'>
  <b:widget id='Header1' locked='true' title='Alyeska (Header)' type='Header'>
    <b:includable id='main'>

  <b:if cond='data:useImage'>
    <b:if cond='data:imagePlacement == &quot;BEHIND&quot;'>
      <!--
      Show image as background to text. You can't really calculate the width
      reliably in JS because margins are not taken into account by any of
      clientWidth, offsetWidth or scrollWidth, so we don't force a minimum
      width if the user is using shrink to fit.
      This results in a margin-width's worth of pixels being cropped. If the
      user is not using shrink to fit then we expand the header.
      -->
      <b:if cond='data:mobile'>
          <div id='header-inner'>
            <div class='titlewrapper' style='background: transparent'>
              <h1 class='title' style='background: transparent; border-width: 0px'>
                <b:include name='title'/>
              </h1>
            </div>
            <b:include name='description'/>
          </div>
        <b:else/>
          <div expr:style='&quot;background-image: url(\&quot;&quot; + data:sourceUrl + &quot;\&quot;); &quot;                        + &quot;background-position: &quot;                        + data:backgroundPositionStyleStr + &quot;; &quot;                        + data:widthStyleStr                        + &quot;min-height: &quot; + data:height                        + &quot;_height: &quot; + data:height                        + &quot;background-repeat: no-repeat; &quot;' id='header-inner'>
            <div class='titlewrapper' style='background: transparent'>
              <h1 class='title' style='background: transparent; border-width: 0px'>
                <b:include name='title'/>
              </h1>
            </div>
            <b:include name='description'/>
          </div>
        </b:if>
    <b:else/>
      <!--Show the image only-->
      <div id='header-inner'>
        <a expr:href='data:blog.homepageUrl' style='display: block'>
          <img expr:alt='data:title' expr:height='data:height' expr:id='data:widget.instanceId + &quot;_headerimg&quot;' expr:src='data:sourceUrl' expr:width='data:width' style='display: block'/>
        </a>
        <!--Show the description-->
        <b:if cond='data:imagePlacement == &quot;BEFORE_DESCRIPTION&quot;'>
          <b:include name='description'/>
        </b:if>
      </div>
    </b:if>
  <b:else/>
    <!--No header image -->
    <div id='header-inner'>
      <div class='titlewrapper'>
        <h1 class='title'>
          <b:include name='title'/>
        </h1>
      </div>
      <b:include name='description'/>
    </div>
  </b:if>
</b:includable>
    <b:includable id='description'>
  <div class='descriptionwrapper'>
    <p class='description'><span><data:description/></span></p>
  </div>
</b:includable>
    <b:includable id='title'>
  <b:if cond='data:blog.url == data:blog.homepageUrl'>
    <data:title/>
  <b:else/>
    <a expr:href='data:blog.homepageUrl'><data:title/></a>
  </b:if>
</b:includable>
  </b:widget>
</b:section>

<div class='header-addon'>
<div class='social-media'>
 <div class='themeblvd-contact-bar'>
 <ul class='light'>
 <li><a class='email' href='mailto:you@youremail.com' target='_blank' title='Email'>Email</a></li>
 <li><a class='facebook' href='#' target='_blank' title='Facebook'>Facebook</a></li>
 <li><a class='google' href='#' target='_blank' title='Google'>Google</a></li>
 <li><a class='twitter' href='#' target='_blank' title='Twitter'>Twitter</a></li>
 <li><a class='rss' expr:href='data:blog.homepageUrl + &quot;feeds/posts/default&quot;' target='_blank' title='Rss'>Rss</a></li>
 </ul>
 <div class='clear'/></div>
 </div> 
 <div class='header-text'>
 <strong>Call Now: 1-800-123-4567</strong></div> 
</div>
<div class='clear'/>
</div>
</div>

<div id='menu-wrapper'>
 <div id='main-top'>
 <div class='main-top-left'/>
 <div class='main-top-right'/>
 <div class='main-top-middle'/>
 </div>
 <div id='main-menu'>
 <div class='flip-dark' id='menu-inner'>
 <div class='menu-left'> </div>
 <div class='menu-middle'>
 <div class='menu-middle-inner'>
 <ul class='menu' id='menu-main-menu'>
  <li><a href='#'>Home</a></li>
  <li><a href='#'>Blog</a></li>
  <li><a href='#'>Portfolio</a></li>
  <li><a href='#'>Sidebar Layouts</a>
  <ul class='sub-menu'>
  <li><a href='#'>Full Width Page</a></li>
  <li><a href='#'>Sidebar Right</a></li>
  <li><a href='#'>Sidebar Left</a></li>
  <li><a href='#'>Double Sidebars</a></li>
  <li><a href='#'>Double Right Sidebars</a></li>
  <li><a href='#'>Double Left Sidebars</a></li>
</ul>
</li>
  <li><a href='#'>Sample Layouts</a>
  <ul class='sub-menu'>
  <li><a href='#'>Business Homepage #1</a></li>
  <li><a href='#'>Business Homepage #2</a></li>
  <li><a href='#'>Business Homepage #3</a></li>
  <li><a href='#'>Business Homepage #4</a></li>
  <li><a href='#'>Classic Magazine #1</a></li>
  <li><a href='#'>Classic Magazine #2</a></li>
  <li><a href='#'>Design Agency</a></li>
  <li><a href='#'>Portfolio Homepage</a></li>
  <li><a href='#'>Showcase Blogger</a></li>
  <li><a href='#'>The Orman</a></li>
  <li><a href='#'>The McAlister</a></li>
  <li><a href='#'>The WebTreats Special</a></li>
</ul>
</li>
  <li><a href='#'>Features</a>
  <ul class='sub-menu'>
  <li><a href='#'>Contact Forms</a></li>
  <li><a href='#'>Layout Builder</a></li>
  <li><a href='#'>Lightbox Integration</a></li>
  <li><a href='#'>Portfolios</a></li>
  <li><a href='#'>Responsive Design</a></li>
  <li><a href='#'>Shortcodes</a>
  <ul class='sub-menu'>
  <li><a href='#'>Columns</a></li>
  <li><a href='#'>Display Posts</a></li>
  <li><a href='#'>HTML Elements</a></li>
  <li><a href='#'>Icons</a></li>
  <li><a href='#'>Sliders</a></li>
  <li><a href='#'>Tabs and Toggles</a></li>
 </ul>
</li>
  <li><a href='#'>Slider Manager</a></li>
  <li><a href='#'>Total Control</a>
  <ul class='sub-menu'>
  <li><a href='#'>Content Options</a></li>
  <li><a href='#'>Font Control</a></li>
  <li><a href='#'>Footer Options</a></li>
  <li><a href='#'>Post Options</a></li>
 </ul>
</li>
  <li><a href='#'>Typography</a></li>
  <li><a href='#'>Unlimited Sidebars</a></li>
</ul>
</li>
  <li><a href='#'>Page Templates</a>
  <ul class='sub-menu'>
  <li><a href='#'>Archives</a></li>
  <li><a href='#'>Post List</a></li>
  <li><a href='#'>Post Grid</a>
  <ul class='sub-menu'>
  <li><a href='#'>Post Grid &#8211; 2 Columns</a></li>
  <li><a href='#'>Post Grid &#8211; 3 Columns</a></li>
  <li><a href='#'>Post Grid &#8211; 4 Columns</a></li>
  <li><a href='#'>Post Grid &#8211; 5 Columns</a></li>
 </ul>
</li>
  <li><a href='#'>Sitemap</a></li>
  <li><a href='#'>Redirect</a></li>
</ul>
</li>
</ul> <div id='search-popup-wrapper'>
 <a href='#' id='search-trigger'>Search</a>
 <div class='search-popup-outer'>
 <div class='search-popup'>
 <div class='search-popup-inner'>
   <form action='/search' method='get'>
 <fieldset>
 <input class='search-input' name='q' onblur='if (this.value == &apos;&apos;) {this.value = &apos;Search&apos;;}' onfocus='if(this.value == &apos;Search&apos;) {this.value = &apos;&apos;;}' type='text' value='Search'/>
 <input class='submit' type='submit' value=''/>
 </fieldset>
 </form>
 </div> 
 </div> 
 </div> 
 </div> 
 </div> 
 </div> 
 <div class='menu-right'> </div>
 </div> 
 </div> 
 </div>
</div>

<b:if cond='data:blog.pageType == &quot;index&quot;'>
<div id='featured'>
 <div class='featured-inner has_builder has_slider slider_is_first slider_is_last'>
 <div class='featured-content'>
 <div class='element featured-element-1 element-slider first-element last-element element-slider-carrousel hide_on_'>
 <div class='element-inner'>
 <div class='element-inner-wrap'>
 <div class='grid-protection'>
<script>
 jQuery(document).ready(function($) {
 $(window).load(function() {
 $(&#39;#tb-slider-roundabout .tb-loader&#39;).fadeOut(&#39;fast&#39;);
 $(&#39;#tb-slider-roundabout .slider-inner&#39;).fadeIn(&#39;fast&#39;);
 $(&#39;#tb-slider-roundabout .carrousel-slider&#39;).roundabout({
 // minOpacity: &#39;1&#39;,
 responsive: true,
 btnNext: &#39;#tb-slider-roundabout .next&#39;,
 btnPrev: &#39;#tb-slider-roundabout .prev&#39;
 });
 });
 });
</script>
   
<div class='slider-wrapper carrousel-slider-wrapper' id='tb-slider-roundabout'>
 <div class='tb-loader'/>
 <div class='slider-inner'>
 <div class='roundabout-nav'>
 <a class='prev' href='#' title='Previous'>Previous</a>
 <a class='next' href='#' title='Next'>Next</a>
 </div> 
 <ul class='carrousel-slider'>
 <li class='slide'>
 <div class='slide-body'>
 <div class='grid-protection'>
 <a class='image-link enlarge' href='#'><span>Image Link</span></a>
 <img src='https://lh4.googleusercontent.com/-k2_UP7mnHXY/UYtjtWencrI/AAAAAAAAFpw/nUeRrHd9v2w/s320/1.jpg'/>
 </div> 
 </div> 
 </li>
 <li class='slide'>
 <div class='slide-body'>
 <div class='grid-protection'>
 <a class='image-link external' href='#' target='_blank'><span>Image Link</span></a>
 <img src='https://lh5.googleusercontent.com/-Wwri592wL9A/UYtjtfgA6CI/AAAAAAAAFps/0ZB-dTC-ccc/s320/2.jpg'/>
 </div> 
 </div> 
 </li>
 <li class='slide'>
 <div class='slide-body'>
 <div class='grid-protection'>
 <img src='https://lh5.googleusercontent.com/-hhpffWSOa7E/UYtjtg_LUoI/AAAAAAAAFp8/CL4HbFEBWao/s320/3.jpg'/>
 </div> 
 </div> 
 </li>
 <li class='slide'>
 <div class='slide-body'>
 <div class='grid-protection'>
 <img src='https://lh5.googleusercontent.com/-qSpFAIrUzsY/UYtjuMYduPI/AAAAAAAAFqA/NM45TRORfos/s320/4.jpg'/>
 </div> 
 </div> 
 </li>
 <li class='slide'>
 <div class='slide-body'>
 <div class='grid-protection'>
 <img src='https://lh4.googleusercontent.com/-3oJ8_rSIsVM/UYtju-ZttCI/AAAAAAAAFqM/sZZi-XHA31Q/s320/5.jpg'/>
 </div> 
 </div> 
 </li>
 <li class='slide'>
 <div class='slide-body'>
 <div class='grid-protection'>
 <img src='https://lh6.googleusercontent.com/-imjGn0ugcJo/UYtju3VvbII/AAAAAAAAFqI/S13gvmSpWS4/s320/6.jpg'/>
 </div> 
 </div> 
 </li>
 </ul>
 </div> 
 </div> 
 <div class='clear'/>
 </div>
 </div>
 </div>
 </div>
 <div class='clear'/>
 </div> 
 </div> 
</div>
</b:if>
  
<div id='content-wrapper'>
<div class='main-inner'>
<b:section class='main-content' id='main-content' showaddelement='no'>
  <b:widget id='Blog1' locked='true' title='Blog Posts' type='Blog'>
    <b:includable id='main' var='top'>
  <b:if cond='data:mobile == &quot;false&quot;'>
    <div id='content-wrap'>
      <b:include data='top' name='status-message'/>
      <b:loop values='data:posts' var='post'>
        <b:include data='post' name='post'/>
        <b:if cond='data:blog.pageType != &quot;index&quot;'>
          <b:if cond='data:post.showThreadedComments'>
            <b:include data='post' name='threaded_comments'/>
          <b:else/>
            <b:include data='post' name='comments'/>
          </b:if>
        </b:if>
      </b:loop>
    </div>
    <!-- navigation -->
    <b:include name='nextprev'/>

    <!-- feed links -->
    <b:include name='feedLinks'/>

    <b:if cond='data:top.showStars'>
      <script src='//www.google.com/jsapi' type='text/javascript'/>
      <script type='text/javascript'>
        google.load(&quot;annotations&quot;, &quot;1&quot;, {&quot;locale&quot;: &quot;<data:top.languageCode/>&quot;});
        function initialize() {
          google.annotations.setApplicationId(<data:top.blogspotReviews/>);
          google.annotations.createAll();
          google.annotations.fetch();
        }
        google.setOnLoadCallback(initialize);
      </script>
    </b:if>

  <b:else/>
    <b:include name='mobile-main'/>
  </b:if>

  <b:if cond='data:top.showDummy'>
    <data:top.dummyBootstrap/>
  </b:if>

</b:includable>
    <b:includable id='backlinkDeleteIcon' var='backlink'>
  <span expr:class='&quot;item-control &quot; + data:backlink.adminClass'>
    <a expr:href='data:backlink.deleteUrl' expr:title='data:top.deleteBacklinkMsg'>
      <img src='//www.blogger.com/img/icon_delete13.gif'/>
    </a>
  </span>
</b:includable>
    <b:includable id='backlinks' var='post'>
  <a name='links'/><h4><data:post.backlinksLabel/></h4>
  <b:if cond='data:post.numBacklinks != 0'>
    <dl class='comments-block' id='comments-block'>
      <b:loop values='data:post.backlinks' var='backlink'>
        <div class='collapsed-backlink backlink-control'>
          <dt class='comment-title'>
            <span class='backlink-toggle-zippy'>&#160;</span>
            <a expr:href='data:backlink.url' rel='nofollow'><data:backlink.title/></a>
            <b:include data='backlink' name='backlinkDeleteIcon'/>
          </dt>
          <dd class='comment-body collapseable'>
            <data:backlink.snippet/>
          </dd>
          <dd class='comment-footer collapseable'>
            <span class='comment-author'><data:post.authorLabel/> <data:backlink.author/></span>
            <span class='comment-timestamp'><data:post.timestampLabel/> <data:backlink.timestamp/></span>
          </dd>
        </div>
      </b:loop>
    </dl>
  </b:if>
  <p class='comment-footer'>
    <a class='comment-link' expr:href='data:post.createLinkUrl' expr:id='data:widget.instanceId + &quot;_backlinks-create-link&quot;' target='_blank'><data:post.createLinkLabel/></a>
  </p>
</b:includable>
    <b:includable id='comment-form' var='post'>
  <div class='comment-form'>
    <a name='comment-form'/>
    <b:if cond='data:mobile'>
      <h4 id='comment-post-message'>
        <a expr:id='data:widget.instanceId + &quot;_comment-editor-toggle-link&quot;' href='javascript:void(0)'><data:postCommentMsg/></a></h4>
      <p><data:blogCommentMessage/></p>
      <data:blogTeamBlogMessage/>
      <a expr:href='data:post.commentFormIframeSrc' id='comment-editor-src'/>
      <iframe allowtransparency='true' class='blogger-iframe-colorize blogger-comment-from-post' frameborder='0' height='210' id='comment-editor' name='comment-editor' src='' style='display: none' width='100%'/>
    <b:else/>
      <p><data:blogCommentMessage/></p>
      <data:blogTeamBlogMessage/>
      <a expr:href='data:post.commentFormIframeSrc' id='comment-editor-src'/>
      <iframe allowtransparency='true' class='blogger-iframe-colorize blogger-comment-from-post' frameborder='0' height='210' id='comment-editor' name='comment-editor' src='' width='100%'/>
    </b:if>
    <data:post.friendConnectJs/>
    <data:post.cmtfpIframe/>
    <script type='text/javascript'>
      BLOG_CMT_createIframe(&#39;<data:post.appRpcRelayPath/>&#39;, &#39;<data:post.communityId/>&#39;);
    </script>
  </div>
</b:includable>
    <b:includable id='commentDeleteIcon' var='comment'>
  <span expr:class='&quot;item-control &quot; + data:comment.adminClass'>
    <b:if cond='data:showCmtPopup'>
      <div class='goog-toggle-button'>
        <div class='goog-inline-block comment-action-icon'/>
      </div>
    <b:else/>
      <a class='comment-delete' expr:href='data:comment.deleteUrl' expr:title='data:top.deleteCommentMsg'>
        <img src='//www.blogger.com/img/icon_delete13.gif'/>
      </a>
    </b:if>
  </span>
</b:includable>
    <b:includable id='comment_count_picker' var='post'>
  <b:if cond='data:post.forceIframeComments'>
    <span class='cmt_count_iframe_holder' expr:data-count='data:post.numComments' expr:data-onclick='data:post.addCommentOnclick' expr:data-url='data:post.canonicalUrl'>
    </span>
  <b:else/>
    <b:if cond='data:post.commentSource == 1'>
      <span class='cmt_count_iframe_holder' expr:data-count='data:post.numComments' expr:data-onclick='data:post.addCommentOnclick' expr:data-url='data:post.canonicalUrl'>
      </span>
    <b:else/>
      <a class='comment-link' expr:href='data:post.addCommentUrl' expr:onclick='data:post.addCommentOnclick'>
        <data:post.commentLabelFull/>:
      </a>
    </b:if>
  </b:if>
</b:includable>
    <b:includable id='comment_picker' var='post'>
  <b:if cond='data:post.forceIframeComments'>
    <b:include data='post' name='iframe_comments'/>
    <b:if cond='data:post.showThreadedComments'>
      <b:include data='post' name='threaded_comments'/>
    <b:else/>
      <b:include data='post' name='comments'/>
    </b:if>
  <b:else/>
    <b:if cond='data:post.commentSource == 1'>
      <b:include data='post' name='iframe_comments'/>
    <b:else/>
      <b:if cond='data:post.showThreadedComments'>
        <b:include data='post' name='threaded_comments'/>
      <b:else/>
        <b:include data='post' name='comments'/>
      </b:if>
    </b:if>
  </b:if>
</b:includable>
    <b:includable id='comments' var='post'>
  <div class='comments' id='comments'>
    <a name='comments'/>
    <b:if cond='data:post.allowComments'>
      <h4>
        <b:if cond='data:post.numComments == 1'>
          1 <data:commentLabel/>:
        <b:else/>
          <data:post.numComments/> <data:commentLabelPlural/>:
        </b:if>
      </h4>

      <b:if cond='data:post.commentPagingRequired'>
        <span class='paging-control-container'>
          <a expr:class='data:post.oldLinkClass' expr:href='data:post.oldestLinkUrl'><data:post.oldestLinkText/></a>
          &#160;
          <a expr:class='data:post.oldLinkClass' expr:href='data:post.olderLinkUrl'><data:post.olderLinkText/></a>
          &#160;
          <data:post.commentRangeText/>
          &#160;
          <a expr:class='data:post.newLinkClass' expr:href='data:post.newerLinkUrl'><data:post.newerLinkText/></a>
          &#160;
          <a expr:class='data:post.newLinkClass' expr:href='data:post.newestLinkUrl'><data:post.newestLinkText/></a>
        </span>
      </b:if>

      <div expr:id='data:widget.instanceId + &quot;_comments-block-wrapper&quot;'>
        <div expr:class='data:post.avatarIndentClass' id='comments-block'>
          <b:loop values='data:post.comments' var='comment'>
            <div expr:class='&quot;comment-author &quot; + data:comment.authorClass' expr:id='data:comment.anchorName'>
              <b:if cond='data:comment.favicon'>
                <img expr:src='data:comment.favicon' height='16px' style='margin-bottom:-2px;' width='16px'/>
              </b:if>
              <a expr:name='data:comment.anchorName'/>
              <b:if cond='data:blog.enabledCommentProfileImages'>
                <data:comment.authorAvatarImage/>
              </b:if>
              <b:if cond='data:comment.authorUrl'>
                <a expr:href='data:comment.authorUrl' rel='nofollow'><data:comment.author/></a>
              <b:else/>
                <data:comment.author/>
              </b:if>
              <data:commentPostedByMsg/>
            </div>
            <div class='comment-body' expr:id='data:widget.instanceId + data:comment.cmtBodyIdPostfix'>
              <b:if cond='data:comment.isDeleted'>
                <span class='deleted-comment'><data:comment.body/></span>
              <b:else/>
                <p>
                  <data:comment.body/>
                </p>
              </b:if>
            </div>
            <div class='comment-footer'>
              <span class='comment-timestamp'>
                <a expr:href='data:comment.url' title='comment permalink'>
                  <data:comment.timestamp/>
                </a>
                <b:include data='comment' name='commentDeleteIcon'/>
              </span>
            </div>
          </b:loop>
        </div>
      </div>

      <b:if cond='data:post.commentPagingRequired'>
        <span class='paging-control-container'>
          <a expr:class='data:post.oldLinkClass' expr:href='data:post.oldestLinkUrl'>
            <data:post.oldestLinkText/>
          </a>
          <a expr:class='data:post.oldLinkClass' expr:href='data:post.olderLinkUrl'>
            <data:post.olderLinkText/>
          </a>
          &#160;
          <data:post.commentRangeText/>
          &#160;
          <a expr:class='data:post.newLinkClass' expr:href='data:post.newerLinkUrl'>
            <data:post.newerLinkText/>
          </a>
          <a expr:class='data:post.newLinkClass' expr:href='data:post.newestLinkUrl'>
            <data:post.newestLinkText/>
          </a>
        </span>
      </b:if>

      <p class='comment-footer'>
        <b:if cond='data:post.embedCommentForm'>
          <b:if cond='data:post.allowNewComments'>
            <b:include data='post' name='comment-form'/>
          <b:else/>
            <data:post.noNewCommentsText/>
          </b:if>
        <b:else/>
          <b:if cond='data:post.allowComments'>
            <a expr:href='data:post.addCommentUrl' expr:onclick='data:post.addCommentOnclick'><data:postCommentMsg/></a>
          </b:if>
        </b:if>

      </p>
    </b:if>
    <b:if cond='data:showCmtPopup'>
      <div id='comment-popup'>
        <iframe allowtransparency='true' frameborder='0' id='comment-actions' name='comment-actions' scrolling='no'>
        </iframe>
      </div>
    </b:if>

    <div id='backlinks-container'>
    <div expr:id='data:widget.instanceId + &quot;_backlinks-container&quot;'>
       <b:if cond='data:post.showBacklinks'>
         <b:include data='post' name='backlinks'/>
       </b:if>
    </div>
    </div>
  </div>
</b:includable>
    <b:includable id='feedLinks'>
  <b:if cond='data:blog.pageType != &quot;item&quot;'> <!-- Blog feed links -->
    <b:if cond='data:feedLinks'>
      <div class='blog-feeds'>
        <b:include data='feedLinks' name='feedLinksBody'/>
      </div>
    </b:if>

    <b:else/> <!--Post feed links -->
    <div class='post-feeds'>
      <b:loop values='data:posts' var='post'>
        <b:if cond='data:post.allowComments'>
          <b:if cond='data:post.feedLinks'>
            <b:include data='post.feedLinks' name='feedLinksBody'/>
          </b:if>
        </b:if>
      </b:loop>
    </div>
  </b:if>
</b:includable>
    <b:includable id='feedLinksBody' var='links'>
  <div class='feed-links'>
  <data:feedLinksMsg/>
  <b:loop values='data:links' var='f'>
     <a class='feed-link' expr:href='data:f.url' expr:type='data:f.mimeType' target='_blank'><data:f.name/> (<data:f.feedType/>)</a>
  </b:loop>
  </div>
</b:includable>
    <b:includable id='iframe_comments' var='post'>

  <b:if cond='data:post.allowIframeComments'>
    <script expr:src='data:post.iframeCommentSrc' type='text/javascript'/>
    <div class='cmt_iframe_holder'/>

    <b:if cond='data:post.embedCommentForm == &quot;false&quot;'>
      <a expr:href='data:post.addCommentUrl' expr:onclick='data:post.addCommentOnclick'><data:postCommentMsg/></a>
    </b:if>
  </b:if>
</b:includable>
    <b:includable id='mobile-index-post' var='post'>
  <div class='mobile-date-outer date-outer'>
    <div class='mobile-post-outer'>
      <a expr:href='data:post.url'>
        <h3 class='mobile-index-title entry-title'>
          <data:post.title/>
        </h3>

        <div class='mobile-index-arrow'>&amp;rsaquo;</div>

        <div class='mobile-index-contents'>
          <b:if cond='data:post.thumbnailUrl'>
            <div class='mobile-index-thumbnail'>
              <div class='Image'>
                <img expr:src='data:post.thumbnailUrl'/>
              </div>
            </div>
          </b:if>

          <div class='post-body'>
            <b:if cond='data:post.snippet'><data:post.snippet/></b:if>
          </div>
        </div>

        <div style='clear: both;'/>
      </a>

      <div class='mobile-index-comment'>
        <b:if cond='data:blog.pageType != &quot;static_page&quot;'>
          <b:if cond='data:post.allowComments'>
            <b:if cond='data:post.numComments != 0'>
              <a class='comment-link' expr:href='data:post.addCommentUrl' expr:onclick='data:post.addCommentOnclick'><b:if cond='data:post.numComments == 1'>1 <data:top.commentLabel/><b:else/><data:post.numComments/> <data:top.commentLabelPlural/></b:if></a>
            </b:if>
          </b:if>
        </b:if>
      </div>
    </div>
  </div>
</b:includable>
    <b:includable id='mobile-main' var='top'>
    <!-- posts -->
    <div class='blog-posts hfeed'>
      <b:include data='top' name='status-message'/>
      <b:if cond='data:blog.pageType == &quot;index&quot;'>
        <b:loop values='data:posts' var='post'>
          <b:include data='post' name='mobile-index-post'/>
        </b:loop>
      <b:else/>
        <b:loop values='data:posts' var='post'>
          <b:include data='post' name='mobile-post'/>
        </b:loop>
      </b:if>
    </div>

   <b:include name='mobile-nextprev'/>
</b:includable>
    <b:includable id='mobile-nextprev'>
  <div class='blog-pager' id='blog-pager'>
    <b:if cond='data:newerPageUrl'>
      <div class='mobile-link-button' id='blog-pager-newer-link'>
      <a class='blog-pager-newer-link' expr:href='data:newerPageUrl' expr:id='data:widget.instanceId + &quot;_blog-pager-newer-link&quot;' expr:title='data:newerPageTitle'>&amp;lsaquo;</a>
      </div>
    </b:if>

    <b:if cond='data:olderPageUrl'>
      <div class='mobile-link-button' id='blog-pager-older-link'>
      <a class='blog-pager-older-link' expr:href='data:olderPageUrl' expr:id='data:widget.instanceId + &quot;_blog-pager-older-link&quot;' expr:title='data:olderPageTitle'>&amp;rsaquo;</a>
      </div>
    </b:if>

    <div class='mobile-link-button' id='blog-pager-home-link'>
    <a class='home-link' expr:href='data:blog.homepageUrl'><data:homeMsg/></a>
    </div>

    <div class='mobile-desktop-link'>
      <a class='home-link' expr:href='data:desktopLinkUrl'><data:desktopLinkMsg/></a>
    </div>

  </div>
  <div class='clear'/>
</b:includable>
    <b:includable id='mobile-post' var='post'>
  <div class='date-outer'>
    <div class='date-posts'>
      <div class='post-outer'>

        <div class='post'>
          <b:if cond='data:post.title'>
            <h3 class='post-title'>
              <b:if cond='data:post.link'>
                <a expr:href='data:post.link'><data:post.title/></a>
              <b:else/>
                <b:if cond='data:post.url'>
                  <b:if cond='data:blog.url != data:post.url'>
                    <a expr:href='data:post.url'><data:post.title/></a>
                  <b:else/>
                    <data:post.title/>
                  </b:if>
                <b:else/>
                  <data:post.title/>
                </b:if>
              </b:if>
            </h3>
          </b:if>

          <div class='post-header'/>

          <div class='post-body'>
            <data:post.body/>
            <div class='clear'/> 
          </div>

          <div class='post-footer'>
            <div class='post-footer-line post-footer-line-1'>
              <span class='post-author vcard'>
                <b:if cond='data:top.showAuthor'>
                  <b:if cond='data:post.authorProfileUrl'>
                    <span class='fn'>
                      <a expr:href='data:post.authorProfileUrl' rel='author' title='author profile'>
                        <data:post.author/>
                      </a>
                    </span>
                  <b:else/>
                    <span class='fn'><data:post.author/></span>
                  </b:if>
                </b:if>
              </span>

              <span class='post-timestamp'>
                <b:if cond='data:top.showTimestamp'>
                  <data:top.timestampLabel/>
                  <b:if cond='data:post.url'>
                    <a class='timestamp-link' expr:href='data:post.url' rel='bookmark' title='permanent link'><abbr class='published' expr:title='data:post.timestampISO8601'><data:post.timestamp/></abbr></a>
                  </b:if>
                </b:if>
              </span>

              <span class='post-comment-link'>
                <b:if cond='data:blog.pageType != &quot;item&quot;'>
                  <b:if cond='data:blog.pageType != &quot;static_page&quot;'>
                    <b:if cond='data:post.allowComments'>
                      <a class='comment-link' expr:href='data:post.addCommentUrl' expr:onclick='data:post.addCommentOnclick'><b:if cond='data:post.numComments == 1'>1 <data:top.commentLabel/><b:else/><data:post.numComments/> <data:top.commentLabelPlural/></b:if></a>
                    </b:if>
                  </b:if>
                </b:if>
              </span>
            </div>

            <div class='post-footer-line post-footer-line-2'>
              <b:if cond='data:top.showMobileShare'>
                <div class='mobile-link-button goog-inline-block' id='mobile-share-button'>
                  <a href='javascript:void(0);'><data:shareMsg/></a>
                </div>
              </b:if>
              <b:if cond='data:top.showDummy'>
                <div class='goog-inline-block dummy-container'><data:post.dummyTag/></div>
              </b:if>
            </div>

          </div>
        </div>

        <b:if cond='data:blog.pageType != &quot;index&quot;'>
          <b:if cond='data:post.showThreadedComments'>
            <b:include data='post' name='threaded_comments'/>
          <b:else/>
            <b:include data='post' name='comments'/>
          </b:if>
        </b:if>

      </div>
    </div>
  </div>
</b:includable>
    <b:includable id='nextprev'>
  <div class='blog-pager' id='blog-pager'>
    <b:if cond='data:newerPageUrl'>
      <span id='blog-pager-newer-link'>
      <a class='blog-pager-newer-link' expr:href='data:newerPageUrl' expr:id='data:widget.instanceId + &quot;_blog-pager-newer-link&quot;' expr:title='data:newerPageTitle'><data:newerPageTitle/></a>
      </span>
    </b:if>
	
    <a class='home-link' expr:href='data:blog.homepageUrl'><data:homeMsg/></a>
	
    <b:if cond='data:olderPageUrl'>
      <span id='blog-pager-older-link'>
      <a class='blog-pager-older-link' expr:href='data:olderPageUrl' expr:id='data:widget.instanceId + &quot;_blog-pager-older-link&quot;' expr:title='data:olderPageTitle'><data:olderPageTitle/></a>
      </span>
    </b:if>

    <b:if cond='data:mobileLinkUrl'>
      <div class='blog-mobile-link'>
        <a expr:href='data:mobileLinkUrl'><data:mobileLinkMsg/></a>
      </div>
    </b:if>

  </div>
  <div class='clear'/>
</b:includable>
    <b:includable id='post' var='post'>
<div class='post'>
<b:if cond='data:blog.pageType == &quot;index&quot;'>
<b:if cond='data:post.title'>
<h3 style='display: none'>
<b:if cond='data:post.link'>
<a expr:href='data:post.link' expr:title='data:post.title'><data:post.title/></a>
<b:else/>
<b:if cond='data:post.url'>
<a expr:href='data:post.url' expr:title='data:post.title'><data:post.title/></a>
<b:else/><data:post.title/>
</b:if>
</b:if>
</h3>
</b:if>
<b:else/>
<div class='post-header'>
<h1><b:if cond='data:post.link'><a expr:href='data:post.link' expr:title='data:post.title'><data:post.title/></a><b:else/><data:post.title/>
</b:if></h1>
<div class='entry-meta'>
<span class='post-author'>
        <b:if cond='data:top.showAuthor'>
          <data:top.authorLabel/>
          <span style='color: #2A9ED4'><data:post.author/></span>
        </b:if>
</span> -
<span class='post-timestamp' rel='bookmark' title='permanent link'>
        <b:if cond='data:top.showTimestamp'>
        <b:if cond='data:post.url'>
          <data:post.timestamp/>
        </b:if>
        </b:if>
</span> -
<span class='post-labels'>
        <b:if cond='data:post.labels'>
          <b:loop values='data:post.labels' var='label'>
            <a expr:href='data:label.url' rel='tag'><data:label.name/></a><b:if cond='data:label.isLast != &quot;true&quot;'>,</b:if>
          </b:loop>
        </b:if>
</span> 
</div>
</div>
</b:if>

<div class='post-body'>
<b:if cond='data:blog.pageType == &quot;index&quot;'>
 <span expr:id='&quot;p&quot; + data:post.id'><data:post.body/></span>
  <script type='text/javascript'>var x=&quot;<data:post.title/>&quot;,y=&quot;<data:post.url/>&quot;;readmore(&quot;p<data:post.id/>&quot;)</script><b:else/><data:post.body/></b:if>
</div>
<div class='clear'/>

<b:if cond='data:blog.pageType == &quot;item&quot;'>
<div class='post-footer'>
<span class='post-icons'>
        <!-- email post links -->
        <b:if cond='data:post.emailPostUrl'>
          <span class='item-action'>
          <a expr:href='data:post.emailPostUrl' expr:title='data:top.emailPostMsg'>
              <img alt='' class='icon-action' height='13' src='http://img1.blogblog.com/img/icon18_email.gif' width='18'/>
          </a>
          </span>
        </b:if>
        <!-- quickedit pencil -->
        <b:include data='post' name='postQuickEdit'/>
      </span>

<div class='post-share-buttons goog-inline-block'>
        <b:if cond='data:post.sharePostUrl'>
          <b:include data='post' name='shareButtons'/>
        </b:if>
</div>

      <span class='post-location'>
        <b:if cond='data:top.showLocation'>
          <b:if cond='data:post.location'>
            <data:postLocationLabel/>
            <a expr:href='data:post.location.mapsUrl' target='_blank'><data:post.location.name/></a>
          </b:if>
        </b:if>
      </span> 
    </div>
  </b:if>
  </div>
</b:includable>
    <b:includable id='postQuickEdit' var='post'>
  <b:if cond='data:post.editUrl'>
    <span expr:class='&quot;item-control &quot; + data:post.adminClass'>
      <a expr:href='data:post.editUrl' expr:title='data:top.editPostMsg'>
        <img alt='' class='icon-action' height='18' src='http://img2.blogblog.com/img/icon18_edit_allbkg.gif' width='18'/>
      </a>
    </span>
  </b:if>
</b:includable>
    <b:includable id='shareButtons' var='post'>
  <b:if cond='data:top.showEmailButton'><a class='goog-inline-block share-button sb-email' expr:href='data:post.sharePostUrl + &quot;&amp;target=email&quot;' expr:title='data:top.emailThisMsg' target='_blank'><span class='share-button-link-text'><data:top.emailThisMsg/></span></a></b:if><b:if cond='data:top.showBlogThisButton'><a class='goog-inline-block share-button sb-blog' expr:href='data:post.sharePostUrl + &quot;&amp;target=blog&quot;' expr:onclick='&quot;window.open(this.href, \&quot;_blank\&quot;, \&quot;height=270,width=475\&quot;); return false;&quot;' expr:title='data:top.blogThisMsg' target='_blank'><span class='share-button-link-text'><data:top.blogThisMsg/></span></a></b:if><b:if cond='data:top.showTwitterButton'><a class='goog-inline-block share-button sb-twitter' expr:href='data:post.sharePostUrl + &quot;&amp;target=twitter&quot;' expr:title='data:top.shareToTwitterMsg' target='_blank'><span class='share-button-link-text'><data:top.shareToTwitterMsg/></span></a></b:if><b:if cond='data:top.showFacebookButton'><a class='goog-inline-block share-button sb-facebook' expr:href='data:post.sharePostUrl + &quot;&amp;target=facebook&quot;' expr:onclick='&quot;window.open(this.href, \&quot;_blank\&quot;, \&quot;height=430,width=640\&quot;); return false;&quot;' expr:title='data:top.shareToFacebookMsg' target='_blank'><span class='share-button-link-text'><data:top.shareToFacebookMsg/></span></a></b:if><b:if cond='data:top.showOrkutButton'><a class='goog-inline-block share-button sb-orkut' expr:href='data:post.sharePostUrl + &quot;&amp;target=orkut&quot;' expr:title='data:top.shareToOrkutMsg' target='_blank'><span class='share-button-link-text'><data:top.shareToOrkutMsg/></span></a></b:if><b:if cond='data:top.showDummy'><div class='goog-inline-block dummy-container'><data:post.dummyTag/></div></b:if>
</b:includable>
    <b:includable id='status-message'>
</b:includable>
    <b:includable id='threaded-comment-form' var='post'>
  <div class='comment-form'>
    <a name='comment-form'/>
    <b:if cond='data:mobile'>
      <p><data:blogCommentMessage/></p>
      <data:blogTeamBlogMessage/>
      <a expr:href='data:post.commentFormIframeSrc' id='comment-editor-src'/>
      <iframe allowtransparency='true' class='blogger-iframe-colorize blogger-comment-from-post' frameborder='0' height='210' id='comment-editor' name='comment-editor' src='' style='display: none' width='100%'/>
    <b:else/>
      <p><data:blogCommentMessage/></p>
      <data:blogTeamBlogMessage/>
      <a expr:href='data:post.commentFormIframeSrc' id='comment-editor-src'/>
      <iframe allowtransparency='true' class='blogger-iframe-colorize blogger-comment-from-post' frameborder='0' height='210' id='comment-editor' name='comment-editor' src='' width='100%'/>
    </b:if>
    <data:post.friendConnectJs/>
    <data:post.cmtfpIframe/>
    <script type='text/javascript'>
      BLOG_CMT_createIframe(&#39;<data:post.appRpcRelayPath/>&#39;, &#39;<data:post.communityId/>&#39;);
    </script>
  </div>
</b:includable>
    <b:includable id='threaded_comment_js' var='post'>
  <script async='async' expr:src='data:post.commentSrc' type='text/javascript'/>

  <script type='text/javascript'>
    (function() {
      var items = <data:post.commentJso/>;
      var msgs = <data:post.commentMsgs/>;
      var config = <data:post.commentConfig/>;

// <![CDATA[
      var cursor = null;
      if (items && items.length > 0) {
        cursor = parseInt(items[items.length - 1].timestamp) + 1;
      }

      var bodyFromEntry = function(entry) {
        if (entry.gd$extendedProperty) {
          for (var k in entry.gd$extendedProperty) {
            if (entry.gd$extendedProperty[k].name == 'blogger.contentRemoved') {
              return '<span class="deleted-comment">' + entry.content.$t + '</span>';
            }
          }
        }
        return entry.content.$t;
      }

      var parse = function(data) {
        cursor = null;
        var comments = [];
        if (data && data.feed && data.feed.entry) {
          for (var i = 0, entry; entry = data.feed.entry[i]; i++) {
            var comment = {};
            // comment ID, parsed out of the original id format
            var id = /blog-(\d+).post-(\d+)/.exec(entry.id.$t);
            comment.id = id ? id[2] : null;
            comment.body = bodyFromEntry(entry);
            comment.timestamp = Date.parse(entry.published.$t) + '';
            if (entry.author && entry.author.constructor === Array) {
              var auth = entry.author[0];
              if (auth) {
                comment.author = {
                  name: (auth.name ? auth.name.$t : undefined),
                  profileUrl: (auth.uri ? auth.uri.$t : undefined),
                  avatarUrl: (auth.gd$image ? auth.gd$image.src : undefined)
                };
              }
            }
            if (entry.link) {
              if (entry.link[2]) {
                comment.link = comment.permalink = entry.link[2].href;
              }
              if (entry.link[3]) {
                var pid = /.*comments\/default\/(\d+)\?.*/.exec(entry.link[3].href);
                if (pid && pid[1]) {
                  comment.parentId = pid[1];
                }
              }
            }
            comment.deleteclass = 'item-control blog-admin';
            if (entry.gd$extendedProperty) {
              for (var k in entry.gd$extendedProperty) {
                if (entry.gd$extendedProperty[k].name == 'blogger.itemClass') {
                  comment.deleteclass += ' ' + entry.gd$extendedProperty[k].value;
                }
              }
            }
            comments.push(comment);
          }
        }
        return comments;
      };

      var paginator = function(callback) {
        if (hasMore()) {
          var url = config.feed + '?alt=json&v=2&orderby=published&reverse=false&max-results=50';
          if (cursor) {
            url += '&published-min=' + new Date(cursor).toISOString();
          }
          window.bloggercomments = function(data) {
            var parsed = parse(data);
            cursor = parsed.length < 50 ? null
                : parseInt(parsed[parsed.length - 1].timestamp) + 1
            callback(parsed);
            window.bloggercomments = null;
          }
          url += '&callback=bloggercomments';
          var script = document.createElement('script');
          script.type = 'text/javascript';
          script.src = url;
          document.getElementsByTagName('head')[0].appendChild(script);
        }
      };
      var hasMore = function() {
        return !!cursor;
      };
      var getMeta = function(key, comment) {
        if ('iswriter' == key) {
          var matches = !!comment.author
              && comment.author.name == config.authorName
              && comment.author.profileUrl == config.authorUrl;
          return matches ? 'true' : '';
        } else if ('deletelink' == key) {
          return config.baseUri + '/delete-comment.g?blogID='
               + config.blogId + '&postID=' + comment.id;
        } else if ('deleteclass' == key) {
          return comment.deleteclass;
        }
        return '';
      };

      var replybox = null;
      var replyUrlParts = null;
      var replyParent = undefined;

      var onReply = function(commentId, domId) {
        if (replybox == null) {
          // lazily cache replybox, and adjust to suit this style:
          replybox = document.getElementById('comment-editor');
          if (replybox != null) {
            replybox.height = '210px';
            replybox.style.display = 'block';
            replyUrlParts = replybox.src.split('#');
          }
        }
        if (replybox && (commentId !== replyParent)) {
          document.getElementById(domId).insertBefore(replybox, null);
          replybox.src = replyUrlParts[0]
              + (commentId ? '&parentID=' + commentId : '')
              + '#' + replyUrlParts[1];
          replyParent = commentId;
        }
      };

      var hash = (window.location.hash || '#').substring(1);
      var startThread, targetComment;
      if (/^comment-form_/.test(hash)) {
        startThread = hash.substring('comment-form_'.length);
      } else if (/^c[0-9]+$/.test(hash)) {
        targetComment = hash.substring(1);
      }

      // Configure commenting API:
      var configJso = {
        'maxDepth': config.maxThreadDepth
      };
      var provider = {
        'id': config.postId,
        'data': items,
        'loadNext': paginator,
        'hasMore': hasMore,
        'getMeta': getMeta,
        'onReply': onReply,
        'rendered': true,
        'initComment': targetComment,
        'initReplyThread': startThread,
        'config': configJso,
        'messages': msgs
      };

      var render = function() {
        if (window.goog && window.goog.comments) {
          var holder = document.getElementById('comment-holder');
          window.goog.comments.render(holder, provider);
        }
      };

      // render now, or queue to render when library loads:
      if (window.goog && window.goog.comments) {
        render();
      } else {
        window.goog = window.goog || {};
        window.goog.comments = window.goog.comments || {};
        window.goog.comments.loadQueue = window.goog.comments.loadQueue || [];
        window.goog.comments.loadQueue.push(render);
      }
    })();
// ]]>
  </script>
</b:includable>
    <b:includable id='threaded_comments' var='post'>
  <div class='comments' id='comments'>
    <a name='comments'/>
    <h4><data:post.commentLabelFull/>:</h4>

    <div class='comments-content'>
      <b:if cond='data:post.embedCommentForm'>
        <b:include data='post' name='threaded_comment_js'/>
      </b:if>
      <div id='comment-holder'>
         <data:post.commentHtml/>
      </div>
    </div>

    <p class='comment-footer'>
      <b:if cond='data:post.allowNewComments'>
        <b:include data='post' name='threaded-comment-form'/>
      <b:else/>
        <data:post.noNewCommentsText/>
      </b:if>
    </p>

    <b:if cond='data:showCmtPopup'>
      <div id='comment-popup'>
        <iframe allowtransparency='true' frameborder='0' id='comment-actions' name='comment-actions' scrolling='no'>
        </iframe>
      </div>
    </b:if>

    <div id='backlinks-container'>
    <div expr:id='data:widget.instanceId + &quot;_backlinks-container&quot;'>
       <b:if cond='data:post.showBacklinks'>
         <b:include data='post' name='backlinks'/>
       </b:if>
    </div>
    </div>
  </div>
</b:includable>
  </b:widget>
</b:section>

<div id='sidebar-wrapper'>
<div class='fixed-sidebar-inner'>
<b:section class='sidebar' id='sidebar' preferred='yes'>
  <b:widget id='PopularPosts1' locked='false' title='Popular Posts' type='PopularPosts'>
    <b:includable id='main'>
<b:if cond='data:title'><h2><data:title/></h2></b:if>
  <div class='widget-content popular-posts'>
    <ul>
      <b:loop values='data:posts' var='post'>
      <dd>
        <b:if cond='data:showThumbnails == &quot;false&quot;'>
          <b:if cond='data:showSnippets == &quot;false&quot;'>
            <!-- (1) No snippet/thumbnail -->
            <a expr:href='data:post.href'><data:post.title/></a>
          <b:else/>
            <!-- (2) Show only snippets -->
            <div class='item-title'><a expr:href='data:post.href'><data:post.title/></a></div>
            <div class='item-snippet'><data:post.snippet/></div>
          </b:if>
        <b:else/>
          <b:if cond='data:showSnippets == &quot;false&quot;'>
            <!-- (3) Show only thumbnails -->
            <div class='item-thumbnail-only'>
              <b:if cond='data:post.thumbnail'>
                <div class='item-thumbnail'>
                  <a expr:href='data:post.href' target='_blank'>
                    <img alt='' border='0' expr:height='data:thumbnailSize' expr:src='data:post.thumbnail' expr:width='data:thumbnailSize'/>
                  </a>
                </div>
              </b:if>
              <div class='item-title'><a expr:href='data:post.href'><data:post.title/></a></div>
            </div>
            <div style='clear: both;'/>
          <b:else/>
           <!-- (4) Show snippets and thumbnails -->
        <b:if cond='data:post.thumbnail'>
            <img expr:alt='data:post.title' expr:src='data:post.thumbnail' height='70' width='70'/>
<b:else/>
            <img alt='no image' height='70' src='http://lh4.ggpht.com/_u7a1IFxc4WI/TTjruHJjcfI/AAAAAAAAAk0/i11Oj6i_bHY/s70/no-image.png' width='70'/>
        </b:if>
        <a expr:href='data:post.href' expr:title='data:post.snippet' rel='bookmark'><data:post.title/></a>
            <div style='clear: both;'/>
          </b:if>
        </b:if>
      </dd>
      </b:loop>
    </ul>
  </div>
</b:includable>
  </b:widget>
  <b:widget id='HTML5' locked='false' title='Follow us' type='HTML'>
    <b:includable id='main'>
  <!-- only display title if it's non-empty -->
  <b:if cond='data:title != &quot;&quot;'>
    <h2 class='title'><data:title/></h2>
  </b:if>
  <div class='widget-content'>
    <data:content/>
  </div>

  <b:include name='quickedit'/>
</b:includable>
  </b:widget>
  <b:widget id='Label1' locked='false' title='Categories' type='Label'>
    <b:includable id='main'>
  <b:if cond='data:title'>
    <h2><data:title/></h2>
  </b:if>
  <div expr:class='&quot;widget-content &quot; + data:display + &quot;-label-widget-content&quot;'>
    <b:if cond='data:display == &quot;list&quot;'>
      <ul>
      <b:loop values='data:labels' var='label'>
        <li>
          <b:if cond='data:blog.url == data:label.url'>
            <span expr:dir='data:blog.languageDirection'><data:label.name/></span>
          <b:else/>
            <a expr:dir='data:blog.languageDirection' expr:href='data:label.url'><data:label.name/></a>
          </b:if>
        </li>
      </b:loop>
      </ul>
    <b:else/>
      <b:loop values='data:labels' var='label'>
        <span expr:class='&quot;label-size label-size-&quot; + data:label.cssSize'>
          <b:if cond='data:blog.url == data:label.url'>
            <span expr:dir='data:blog.languageDirection'><data:label.name/></span>
          <b:else/>
            <a expr:dir='data:blog.languageDirection' expr:href='data:label.url'><data:label.name/></a>
          </b:if>
          <b:if cond='data:showFreqNumbers'>
            <span class='label-count' dir='ltr'>(<data:label.count/>)</span>
          </b:if>
        </span>
      </b:loop>
    </b:if>
    <b:include name='quickedit'/>
  </div>
</b:includable>
  </b:widget>
</b:section>
</div>
</div>

<div class='clear'/>
</div>
</div> 

<div id='bottom'>
<div id='colophon' role='contentinfo'>
<div class='content'>
<div class='footer_content'>
<div class='container'>
<div class='content'>
<b:section class='column' id='column1' preferred='yes'>
  <b:widget id='HTML1' locked='false' title='From Twitter' type='HTML'>
    <b:includable id='main'>
  <!-- only display title if it's non-empty -->
  <b:if cond='data:title != &quot;&quot;'>
    <h2 class='title'><data:title/></h2>
  </b:if>
  <div class='widget-content'>
    <data:content/>
  </div>

  <b:include name='quickedit'/>
</b:includable>
  </b:widget>
</b:section>
<b:section class='column' id='column2' preferred='yes'>
  <b:widget id='HTML2' locked='false' title='Recent Posts' type='HTML'>
    <b:includable id='main'>
  <!-- only display title if it's non-empty -->
  <b:if cond='data:title != &quot;&quot;'>
    <h2 class='title'><data:title/></h2>
  </b:if>
  <div class='widget-content'>
    <data:content/>
  </div>

  <b:include name='quickedit'/>
</b:includable>
  </b:widget>
</b:section>
<b:section class='column' id='column3' preferred='yes'>
  <b:widget id='HTML3' locked='false' title='Custom content' type='HTML'>
    <b:includable id='main'>
  <!-- only display title if it's non-empty -->
  <b:if cond='data:title != &quot;&quot;'>
    <h2 class='title'><data:title/></h2>
  </b:if>
  <div class='widget-content'>
    <data:content/>
  </div>

  <b:include name='quickedit'/>
</b:includable>
  </b:widget>
</b:section>
<b:section class='column' id='column4' preferred='yes'>
  <b:widget id='HTML4' locked='false' title='Get in Touch' type='HTML'>
    <b:includable id='main'>
  <!-- only display title if it's non-empty -->
  <b:if cond='data:title != &quot;&quot;'>
    <h2 class='title'><data:title/></h2>
  </b:if>
  <div class='widget-content'>
    <data:content/>
  </div>

  <b:include name='quickedit'/>
</b:includable>
  </b:widget>
</b:section>
  <div class='clear'/>
</div>
</div>
</div>
</div>
<div id='footer_sub_content'>
 <div class='container'>
 <div class='content'>
  <div class='copyright'>
   <span class='text'>Copyright &#169; 2013 <a expr:href='data:blog.homepageUrl' id='author'><data:blog.title/> </a> and <a href='http://www.mybloggerthemes.com'>blogger templates</a></span>.
 <span class='menu'>
   <ul class='menu' id='footer-menu'><li><a href='#'>Terms</a></li>
   <li><a href='#'>Privacy Policy</a></li>
   <li><a href='#'>Sitemap</a></li>
   <li><a href='#'>Contact Us</a></li>
   </ul>
   </span>
 </div> 
 <div class='clear'/>
 </div> 
 </div> 
 </div>
</div>
</div>
<div id='after-footer'>
<div class='after-footer-left'/>
<div class='after-footer-right'/>
<div class='after-footer-middle'/>
</div>
</div> 
</div>
<script type='text/javascript'>//<![CDATA[
var posts=8,
    num=2,
    previous="&#171;",
    next="&#187;";
eval(function(p,a,c,k,e,r){e=function(c){return(c<a?'':e(parseInt(c/a)))+((c=c%a)>35?String.fromCharCode(c+29):c.toString(36))};if(!''.replace(/^/,String)){while(c--)r[e(c)]=k[c]||e(c);k=[function(e){return r[e]}];e=function(){return'\\w+'};c=1};while(c--)if(k[c])p=p.replace(new RegExp('\\b'+e(c)+'\\b','g'),k[c]);return p}('47((2u(x){11 d="";11 p=0;2v(p<x.1g){16(x.2w(p)!="`")d+=x.2w(p++);1h{11 l=x.1L(p+3)-28;16(l>4)d+=d.48(d.1g-x.1L(p+1)*96-x.1L(p+2)+49-l,l);1h d+="`";p+=4}}1m d})("11 G = \\"/\\", C = 2y.1n, H, D, B, F;I();2u 4a(a) {11 b = \\"\\";4b = 1M(1O / 2);16 (` 7\'= 1O - ` *%) {1O =` (& * 2 + 1;}4d = B` E(` m!` 4\\"< 1) {` >$1;}4e`!>(a / 4f)` p!` Y!` ?$- 1 == ` 8\'{` X\'` ;(;}4h = `!)\\"+`\\"!#` k\\"` 6\\">` I%) {` F%` ,#;}b += \\"<1a 1Q=\'4i\'>4j \\" + B + \\" 4k` (!`!6%+ \\"</1a>\\";11 c`\\"3(B)`!=%B >`\\"l!` &\\"== 2` &#D == \\"2A\\") {`!A#a 1n=\\\\\\"\\" + G + \\"\\\\\\">\\" + 1S`!2\\"a>\\";} 1h` H./2B/4l/\\" + F + \\"?&1T-4m=` n!4n` k!` 4o` }#`!M>#\\\\\\" 4p=\\\\\\"4q(\\" + c + \\");1m 1t`!4r` 4s`\\"A!` 4t}1u (11 d`%v$; d <= `%^!; d++`$I(d`\\"J&`%`\'\\\\\\"2D`!\\"#d`%I)`#2\'d ==`%=%`$4u`$7o` l$`$3d`\\"O!`#b1`\\"g#`$8X` 4v}11 e`)1+`+O$B <`*V(`!o]e`!:4w`!q^` 4x`\\"Q!f = 4y.4z(`\\"@!4A\\")`,@!g` 4B(\\"4C-4E\\");`(7%p = 0; p < f.1g; p`(9!f[p].4F = b;}16 (f &&` D% > 0`#a!`1R!` ;!g) {g` L)\\"<1i`(l%4G`\\"Q#b`\\"O\\"1i`)t\\"`2V$4H`2U)a.4I`.g.b.4J`(S!$` V!R`(B\\".$t, 10);`3H(c);`!%&I(` y#a = C`0|\\".4K(`)<,) != -`*J$` =\'?4M-1T` ;\'F`!o!4N` ]9+ 14, ` [5)`&R%` 7Z&` f$`$O!` .(q=\\") == -1 &&` H(.2E` 4$`\\"J.`!$-` @$D `)H$`#R!C` I&#4O=`# \'B = C`\\"+\'` 82+ 8, C`&]#`\\"i&B = 1;}`\'{%4P(\\"<4Q 2G`.W(4R/`-y!/4S?`.0(1&4T=4V-4W-` ^\\"&4X=`&q+\\\\\\"></` >\\">\\"`!H&`\\"W!`\\"m!`\\"W\\"`#%\'`/:*`#%&`/I\\"= 20`(j\\"`\\".~`\\"4Y/-`1N\'`\\"4Z`\\"O)1\\\\\\" `#/*`*\\\\\'`.u)a) {51 = (a - 1) *`2^\\";H = a`*r!b`-52`-w\\"53\\")[0]`+?%` H%54` M#(\\"`!T\\"\\");c.55 = \\"2I/56` 5#;c.57(\\"2G\\",`&.6`!}!-`$F!`58!`\\",&+ `%L*`&H:59\\");b.5a`,s*`1>*`\\"H~`\\"H~`&P.`\\"T~`#F,` >(`#P!2J`1Y%.5b`\\"q$b =`#Y!.5c.$t`)p\'0, 19) +` (5d, 29)`#a%5e(b)`+f!D =`.P$`24#d = `.$`5f(`#\'!c`\\"s-\\"`!D#s + `+C& + H`+8%` f,`/u$`$)%` 5g.1n = d;}(`#r%($) {$.2K.2M = ` 5&d`\\"O#e = ` 9*,`#4\\".c, $5h = $([\\"<1a 1Q=\\\\\\"\\", c.` :!5i, \\"\\\\\\"> &#5j;</1a>\\"].2N(\\"\\")), 1U`!5)`!:#a` z!17), 1o = 5k(a);5l(1o.5m);a.5n`!p$5o().5p().5q` 0);}, 2O` 5r, o`\\"m!1d`!38` \\"( = 1p` @$`!\\")o.5s`#w!5t(a[0], o.$2Q) > -1;a`!s/16 (` ?#`1l# && a.5u([\\"1w.\\", o.2R`$:!`#\'` L$< 1) {1U.2T` k$);}}, o.5v`#.!`\\"a#`#*)a`#1#b`*(!`!0&18.`%T!1o`%P$:2W`%A([0];e.1d`#O\\"[b.5w];1m b;}, 5x`&W#`!**a.1W` x!(c.5y`\\">\\")`,!#(`\'0\\".5z());}` p$17.1x`$$*11 s =` 9\\"`!E\\"`!T\\"`#$#`+I!o`$G!2X({}, e.5A, d);`#8#`&#!`#|! + o.2Q`\\"a#`&8!.2Y(0,` 5#5B)`!B/`&g#`\\"B&[`$d(, c.bc`$n) \\")).2Z(\\"1w:22(18)\\").30` `\\"`!H\');});e.o[s]`\'W# = o;`!z!` U%`!q#[`*~!`!;!5C && !o.5D ? \\"` 4\'\\" :` )#\\"](1U`)5!`\\"40`\'H\\"5E`%)!s) {`%2$($(\\">a`%y\\"-5F`!G$);}}).1f(\\"`#d!`\\"d%`*5G`\' $$(\\"a` Y$;b`!;,i`*13\'b.32(i)`\'O%\\"1w`2C!` 0\\"33`*%+`(]%a);}).34` 3+36` 6\';});o.5H` 0#`!P\\"}`\\"5I`!N$[`(l\']`*a!e.1d.5J`$0!($.5K.5L && ` (&5M < 7)`(f!37(c.s` \\\\!`%O$`&K-a`&9\'`!z!`#P!f`39-;f.o = [];f`&)\\"{};f.5N`.5O = f.1d`\\")!`!T@> 6 && o`\\"F,o.5P`2h\\"23 != 5Q) {`*9!5R`($#f.`\\"K) + \\"-5S\\");}};f.c = {`&0#:\\"5T-5U\\"`0>\\"` 1&5V-5W\\", `,(\'` 8!5X-18\\", `3%&` 4!5Y-5Z\\", `!B\'` :\\"` +!\\"};f`+b% = {`*\\\\&:\\"61`) !, `*.%:\\"62` 7#`+f\\":1, `/W!:64, `#.%:{`#1#:\\"3a\\"}, 65:\\"66`!z!`)\\\\%:1j, `#z\'` *$`*h$:1t, `\'^\\":`%-)}, 68` */69` \\"6a` (+};`&]!`.p$`*O+` ?*`&F(, 1f = `4 *== 1j ?`3$ : \\"\\";`4D+`\\"6!`\'}!a`+R!`3S:`/r$1W`(p#1f(1f`.i,` S&).3b(\\">18\\"`,l\\"().1y(\\"3c\\", \\"3h\\"`+F\\"6b`+Z%`2F\';}, 3a`\\"6c`\\"=!`($3, $18`3\\"$`*u%`!3i:`!W$`!6d` )!6e\\")`*w%`!v\\"$18`\\")\\"`%V&` .\'$18`*B#e(`*H\', o.`\'(!,`+U*` 3i` f+}`# +`.z!(3j);`.a\'a`#&#b, c, d;a`&N%6f:{2a:\\"6g\\", ` #%`#r\'a,` g!) {`!:#{x:2c.6h(a + b), y` %*3 * ` ,!3k / 2` @! / 8 * c, z:(` 8!6i` Z# + 1) / 2, 6j` `*` W/2 + 0.5};}}});b`-A!6k:0, 2d:0, 2e:6l, 3l:28` .\\"O`+=#0.4` 5!` ($1` 9!S`!<!` 4$` (\\"1, 6m`+}\\"6n, 3m:1q` %%3o`*d-6o` D&2f` 6p`/}!6q` N&3p` #6r` \'+6s:\\"2g\\", 6t`-?$` \'(`!6u`#Q&3q`%g*2i`.#$6v:\\"1w\\", 6w`!Y#2l` O$3r:0.6x`/P\\"`\\"9!` I#` ($D`$.$10`6y!` 0#6z`12!` C,`\\"25` 9$6A`1;!0, `3/\\"6B`\\"<%2m`!1%`%K!6C`#d+6D`*b\\"6E:\\"6F` 2#`!-6G:\\"x` F!6H`#G!4, 1A`$M!6I`$c$` 2#6J` +)6K`!u\\"};c = {`\\"@&6L`$-#` .%6M`\\"G%` 1$`&Z!6N`\'s$`,x#` B&`%<!3s`&C\\"-1, 6O` Y!3t`#2!` Y\\"6P`\\"|$6Q` [$3u` ,%3v`!u$d = {i`4=*e, f, g`-/#h, i = (3w 3x).3y`!m!();e = 2n e == \\"3z\\" ? e : {};f = a.1D` w#(f) ? f :`/$*` 6/e)` 13#f;h` 7!`.M$}`-y!e, c`/4).1x`/+\'`/-$ = a`3{\\", c = b.`#K!1E(h` %\\"`(t$).1g, e = 1F / c`\\"X\\"h.`)%) &&` \\"-> c - 1 ? ` \\"\\":` 2,, j` W/=== 1q ? h.`.J# :`!9!- i * e, k`!q\\"6R(\\"p`%&#\\") !== \\"6S\\" ?` ./: \\"6T\\";` 9\\"{6U`+q#` B$:k}).1W`4c!(\\"`2*&-6V\\").6W` .(\\",`$\\"*h, {`,%*i, `6X$j, 1d`!(!6Y`\'@!`-5$d.2o.6Z(`\'=\\"[h.`-Y( - 1k])`)v\\"` U$j, 2q:e}));g`\\"^!3A(\\".`!a\')`$70` ;1`$V!`*>& && a(71).` J\\"72\\",`\'8*d.73`\\"`!1E`\\"0#b);});h.`74( &&`&3B`\'@+c) {`\'A#`!=#` h!`!m(`!?+11`\'D!d.75`!J$, [c]);16 (!d.1r`+Y#` 4\'e])`\\"/!`+D)` 9#`!C#);b`%J.).`,Y% || d` (#e`$R#`\\"X#` }(, ` 76`3:0]`*K%`,\\\\!;}}`#T#3m`$G\\"` &%`\\"77`!\\\\78`${\\"`!y\'` 3C`!>#`!c5`!q#2f`!m\'2f`!79`!K\'7a`!7b`!:<7c`1e#`!Y\'` +*`!7d` K)`(4&`!)1`29!`!*/` +)` 7e`,<!` 7f`!%1` -&` 7g` L&` |8a` =#7h`+ \\"`!$\\"7j`!$\'` M%` 7k, [1j]);}`!y$` r!7l` 7m`#31}`+G\\"h.7n) {a.1D` Y#(b.d` 1!? ` &-1d)`/<!3D`-+\'a, c`,`\'`\'80, f = e` U!7p.3E()`3[!\\"x\\" ? \\"7q\\" :` $#Y\\";`,7r);d.1p`,K#`,?(`!\\"!`1P$+ c[f] /`!7#7s`#U\\"2m`!|(`!~#c`!7t`/!%`!G\\"7u(c` g!` -%);d.3G`!a0[e]`/T(` U!3I` B!, ` *\\"7v` &$`*W\'c`\\"/)= c.`3Z\\" *`!S\\"7w`-,*);}`3)\\"2i`(E!7x(\\"7y 7z 1f 7A 7B 2m 7C 7D.`3f#` 7E` M-;b`2x,`#b#b = `3\'$1s(0),`#x!` ,$`#7F`\\"13\\"`%j:2A`&!\\"7G\\"`&\\\\\\"`$7H (b.7I`1=!` %,(\\"7J`)*!`)9)a) {c.` 8!7K`-J!3t` 9!= a` 5\\"7L[0][e];},`+13\\");` 7M` v)b`#@#f = (b` c* - `!&4) /`#;#`(&\\";b.7N(`(u!`) /`$1#`)$1` 5#`\'K#`)3(f])`!{@7O`\\"--`!7P`(7Q`!R%`$\\\\7R[f`)A$`!o*`(7S`!a%`\\"j&}});}d.7T` D\\"7U`+\'%, [f, g`,K!;}, ` 8(:`#\\"\'`.U*`\\"\'%`.O#`(W-;b = b ||`39*};e.c` w#(f` %\\"1G)`)u,`&V%, g, h, i`#s$3J`!#e, [b]`(r\\"c`4D\\"`*)4) {f`*7V`24\\"3K;g` \'?7W;h` (?7X;}` B$7Y` B(-81-3L\\").1y(\\"p`(v#\\", \\"83\\");` 84, {`!&:f ||`!V%85(), `!u\':g` 6(h` /!` :%`!p$:h || 1M`&A$`!Z\\"2r-2s\\"), 10), 3M:i, 86` (#d.2o`$W#1q, [i - 1k]), `%S!87:b, 88:1, 89:e}`\'0!d.3N`\'K+e);f.8b && (` %&`,J!3P = 8c` %$`8d*d`$Q\\"A` O#` o&}, ` c&8e));e.1A(\\"3Q`1Z!` Q%1m e;}, `!i*`)\\"\') {` A#17`1z>`2/\\"b`8f-1`)c\\"{b`+B\\":c.` ##, 2d:c.2d`%)!3y:{`%\\\\!:2c.3R`%!%`%s# * 0.9), `%b\\"` 60`%z$` D#}, a`.+\\"`!9!` #%, 8g:c`*g\\"I` )\\", 33`-1#8h:d.8i`-\\"$`%r#c.` A(]), 3q:a.`\\"a&8j[c.` 6!]`\'h!` -.` @..2a]};f.8k = `\\"y#f.`#*!`\\"o\\" / 2`\\"g%` 2$` )\\" / 2};f.8l` Q*` k$` [#+ ` d** 0.8m` j\'` G%` q#` G&` *#` L\\"};f.8n = {3T:c.2e, 1T:c.3l, 3U` &#`4g!2e};f.23` N)O` .\\"` V\'` )%` ]&` ,#` e$` (#};f.8o`\\"U!` h%`*&!` d\'` )#` c&` ,!` c$` (!};b`8p&`%g#`8q) {16 (`*o)`2H\'`1v&`8r!`(p)`\';$`)v-}])`+C!!f`\'7& || c.8s` -\\"8t)) {e = g`.x%`/8u-`\'6!\\");} 1h`!4&30` 5:}`2L\\"e !== f.`(d#) {c`!u$8v && `#$9q(` X&`\\"R&34\\");`)P* = e;` {%` .!` {&`!H\\"-1` n?e` ~\'`\\",%b` *&` U$U`$13!d\\"`/j!`-k*`-k\'b, c, e, f`-[#g, h =`-!, i`-j!b), j = i`-8w = [], l = `+8x - j.`27# + `.$%]);f = `3g!`&%)};` l\\"`2P%` e-l]);g = `,9#(l, `,h*`-=\\", `/$\\");g`(l%` \\"$> 1 ? 1 :` *$;g.8y`(h\\"= (c` 5\\".3T`!u!` (\\"3U *` P$).8z(4);g`,&#= (` 13,* j`2z\\"3K` G+`,+#` ;8H` >!` K)i.1y({3V:(g.x *`*\\\\!`-X+c`.%\\"` )#- `!\\\\$/ 2` d&0) + \\"3W\\", 8A:(g.y` `*`-|%` g$` *#- `!u%` 8B`/;\\"`!/$` .$`/!#` U%` 0$`.*#:(c`.4$`#v%` ($`#8C), 8D`3^\\"`\'*!(c`/W$` 13%` ($` 13%z), 8E:`#8F` <#`!(&1`\\">$});j.2D`%w$` Y+`+x!h`(W/.2i) {k.37(\\"<1i 3X=\\\\\\"2r-w`#\'\\" `(-\\";`!h!-2s: 8G; 8I: 8J;`#k# \\" + `%^\\"\\"` -!\\"`!i!; 8K`!=!-3Y: #8L;\\\\\\">\\");`!<%8M`!:*`!,#` \\"8N-8O: 8P;\\\\\\">`+c!`!6!e + \\"</` b\\"><br /` n/>`\':!` >%`!i(3V`!n\\"` 8Q` 8R` <;`\\"\\"` 8S`##\'` 8T`\' $` 3C` 6#` D;`\'|#` 41` 6\\"` B;z-i`\'i!` 41` 6#` D;`$m&` 8U` 6%` H;`)E!` R-`\'Y/`(8(` \\\\\'/1i>\\");i.2E(k.2N(\\"\\"));}i`29&8V\\");f`0.#h);1m d.1r`3n#` 4$, [`15%]`2j!1p`0?#`8W+) {c = c`1>/b`1C*`1@*b]);17.1x(` M)11`3^$, g`3O!17)`3e\\"g`8Y = h`2}$;h` \\"$ = b;g`\\"a&` 0#8Z\\");d.3N`)8!1E`!Z#g);c = `-H!1H(i - b)`,$!!h.90 || c > 1k) {`#F\\";}` 91.c` {#(h` %\\"1G)`\\"N,c`\\"X#`-2\\"d.1r`!X!92`$)\\"93`!c%`\\"q%[b, i])) {e = i > b ? \\"94\\" : \\"95` ,%;` Y#`\\"w&97`+~%98\\");}});});c`!4#` T!`%|$17;}, `/6\\"`%99 (b === `#B&` m#`%9a.`&h&`\\"[-`\\".$`(W/`%P$+ b]`!m>9b`!9c`!42`!9d`\'!!`&42` T#`#9e`!*a`#X!9f`#.H`\\"$!`#1B`(^\\"9g`%9h`*R%`(&#h = (3w 3x).9i();g = `)C!`%|/a.1D` 0#(f)) {g = f;f = 1q;} 1h ` ;-e` D$e;e` ,<c` D$c`+.!` F\\"`,[7i, j, k, l`,j(m = l`,9j`$S!? c : m.9k, o = e ? e` 3!9l`,)#\\"2g\\";f || (f = {9m:h, s` $!m`\'$, 9n:n});`.!! - f.` M&`#I!m.9o`-6\\"2t`%13!3G` *%`%)#l);m`-Y\'= 1t`%:#;}16 (i < n) {` <(|| l`+{&` 1#2t`!<!\\"` c,9p`-Z\\"2n a`\\"[#.2a == \\"9r\\") {j =` 6%[o] ||` %&` K(];k = j`1V#i, f.`#&!, b`\\"j!` &#f.`#\'%)`%M${k` v*(i /` =(` 9s.9t`4&$`3*#a().9u, \\"1.7.2\\"]) >= 0 && (k =` q$ + (` }\') * k)`\\"<!`9v]);m.3D`)L# = k;`.2/` H!,`)#*`+(!9w`+7,`*9,` Z\'b, n, o`*C\\"]);}, 0);}]`#N&m.3u`&8%3v`%5$b`!9x])`!9y`!k+`&@9z\\"`!C\\"`\'50`!?2` 4$`#3*b;`!3%`38\\"`-/9A`/t!`/*.11 e = b[0], f` %!1], ` }![2`\'O!`,?}`!o\'`,9B, h, i`,l(j = i`,c1`)(!.2l ? j`4/%: ` \\"&% 1F`-f\\"i.c`2p#(j` %\\"1G).1g`\\"P!!j`$I&) {16 (` }&&& c === \\"1S\\" || !` .9C\\")`*6\\"2c.1H(k) < j.9D`)f!9E ? 1F : k;1u (b = 0; b < l; b += 1) {h = {9F:j.2q * b, 9G` &*(b + 1)};h.` 7! = b`!Z!l - 1`!&%` 7#`\\"\\\\!k <`!j#9H(` 4#) && k >` 4#3R(h.`!@!)) {l` q!2` @\\"===` t!? `)u\'9I`\'F#i, [-1k`4>%]) :` C&`\'y#9J`,\\\\$i, [`!*#` L\';9K;}}`-(`#9L||`!c!-`#9M`$0+`#D!; b`.\\"!; b -`#B~(`#9N`#y\\"<`$L/`#9O`#9P`!+!`$-1}}`.!`,G)9Q`,9R, e) {e = e`+y@c)` G#c;c`+}<b` D$b`/!`+9S`9T!1s`!j(`\\"R#`,H#);`#A\'` -/, [f, `\\"8#]);`\\"`+`\\"9U, f) {f = f`\\"G@`.W!f`.M+`\\"9V`#2!f`#(+`\\"I>g, h`.y(i = h`.r/`!X!`.P#3s`%e! !== b && !i`.;)g` 13!`.y%` O#`.x&32(b`#U\'`&9W, [g`!5/.3M`#G%]`3F\\"`&^*x`&X-a`$G\\") {`\\"m#`$t\'`3e\'`!7#17, [43,`/|#]` {*P`9X#` <m`1I%`!\\"+`*0!`%5~`%9Y`&*&`$9Z`%-\\" + b`(|(`%C#`(y-g`%!)`\\"g(`%n*`!x~`!x~`\\"s#- b;g`2S(`26\\"g)`0*$1H(g)`a1#- g : - g` O!g > 1k ? - ` N&:` 9!!== 0 &&`a2`#a3`*C\\"2t`#b\'`\'13&`\\"a4`\\"67` g) = 1j`$|$a5` 0|a6`!)$a7`&!(` p=11 c`-|(`1|!`-a8 = b || e.a`!##3o`&o/a9(` I&` +$);` \\". = 1p` L%` e)`+|)`-13#`%3#c, [b`+j\\"` j&3I`#$!` {)aa`$F$c.1A(\\"` <$3p\\"`%k)`##P`\\"Q*`$[7`\\"f.` \\"G`)v$` /@`\\"Q\'`%t\\"`$g!` R$3A(\\"` G%\\"`!?&`\\"q/1d`\\"z%ab`%Z~`&ac.1r`!I$`.e-) ? d`(g\\"` <#`+0-b]) :` @!`(k\'` 20`\\"\\\\#`!!)`*46`#z@;}, ad`#I%`\'A$`\\"ae`(@. = b`0|!`#12`af!`#,1c);ag`)n,`#ah`#9!10);}`#C\\"2o`\\"B\'a`\\"(#b = a % 1F;`\\"V#b < 0`ai#+ b : b` Y)aj` Z+2v (a < 0) {a +`1b#3k * 2;}` 8%>` ,(` F!-` <+`!>#a`%<\\"`,,!ak`$I), c`\\"%#d`3,;` ]&`\\"A&> c ? d >= c`2b! <`\\"N!d <` )$>=`\\"[\\"1s`al\\"am`\\"W,a = a.3E()`!!$a === \\"an\\" ? \\"`.D.\\" :` >$1S` <*P` /#` E%` Y(ao` a#;}, ap` ,\\"r`##)`\'@A`%Q!`\']$`\'m!.2X({}, b`#K/);c`&g\\"aq`!1! =` 31.ar;d.as`\'1#b, [c,`.V!,`at!`*a%1s`\\"7(`\\" *`![1`!\'0,`%\\\\!b`!<\\"1E(c` %\\"1G).1g`$L$c.2l ?`&}\\"` h!(c.au / c.2q) % d : (d -` \'A` L!;}, av`(`.`!<#d.`)-%`\\"~#`\\"x\\"[a]) *`(P%/ 1k`#\\"#3J`*63`-]3`()%`\\"J\'b`!k# * a :`*k!-` ()`)^\\"`$f#` |0`$\'\\"17`-aw, f =`\\"ax`#;$]);a` -8a]`2+\\"`\\"p!1H(f - a`\\"/& <= e.3r || b >=`\\"?#` /6`#`#`&d!`\\"H.`&^.`#3B`(!( > -1`#q!` )): 1t`1}!`!I!ay`#d), b`1X$`\'a\\"a.az(/\\\\./i`1c#b` %+`#r\\"`\'o\\" > e` #$?` ,&:` -%;1u (c = 0; c <= f; c++) {`21![c] && !e` \\"#1M` 5!`1J! !==`0;!`\\"X#1;}16 (` I$!` [$` Q%e` aA-` T#` M!=== e[c]) {aB` 3\'&&` 5$` U#`!E/>` 0? 1 :`!%!`1K$0;}};a.2K`*7\\"`$h! = `1@\'`\\"c%b`!&\'d[b]`\'##`(#\\"aC.aD.2Y.2T(43, 1))`\\"!\\"2n b == \\"3z\\" || a.1D`!5#(b) || !b`+/(`.0\'`!3\\"` u%);}a.aE(\\"`2$\\" \\" + b + \\" aF 1f aG 1u 3j`\\"L\'.\\");};})(` 4\\");` \\"\\"(aH` }!).3Q`aI\'a`\\"u#a(\\"#aJ\\"`.H$) {a(\\"<a 44=\\\\\\"` 7\\"45\\\\\\" 3X=\\\\\\"2I-aK: 0 !aL; aM: aN` /)aO:`2k!aP` 1*3c:` &\\"l` 2*z`!.!x: aQ` -)2r-2s: aR` /)3Y: #aS` /(\\\\\\" 1n=\\\\\\"aT://aU.aV.aW\\\\\\"> - aX aY by <1a`\\"h%` }$aZ` w*>b0` k$</1a></a>\\").b2`#}\';`$+*45\\").1r(\\":3h\\")) {`$s$.2y.1n = `!b3\\"`\'>\\"a(\\"a[`\\"K.` C$b4`\\"^\\"]`%R(` b5(\\"#b6-1o .1o\\").2M({b7:`.A!});a(\\"18` F! .b8-b9\\").3b(\\"a:2W\\").` 3!`\'U\'`)/&`/(#` e!.ba\\").bb(\\"<1i 1Q=\\\\\\"bd\\\\\\"></1i>\\"` D,1x` v*`/]!`be&,`1%!c.bf(\\"44\\");c`!d#` 13$-3L a` bh`+Z!bi`#K!.bj(/\\\\.(bk?g|bl|bm|bn|bo?)$/i)`)i!`24\\"`!0\\"bp\\", \\"bq[`+K%]`\\"5!` N#bs(\\"bt-bu\\");}})`#.$bv-` >!`!x!2R`\\"Z.`3^\';b`\\"R$` s\\"bw-bg\\").bx(1j, 1j).bz({23:0.6}, bA` bB` bC` a$},`bD\'`! n`!(d` `%`#y\\"#2B-1A`\'bE` P$bF-bG` Y!`\'bH = 10;11 h = 25` &\\"d = 50` &\\"c = 1q` (!f =`!\'#11 e ` \\"(`#N\\"`!h-, `#a\\"11 g` =\\".`!W)2O` =&.1y(\\"`\\"m#\\", 0);a([b.1s(0), g` ##]).bI`&13.16 (c) {`*1!3P(c`4`#f || e`#1%;} 1h {f =`$3!;g`!<!{bJ:5, bK:-12,`2=%\\"bL\\"}`$Z\'` I#\\"+=\\" + i + \\"3W\\", `&d%, 2Z:\\"\\"}, h, \\"2g\\"`&m+`#V&e`!J$});}`$y+`\\"T#36`\\"bM = 1p` +$` H)`$v%g`!bN`!bO`%V&`#Q\\"\\"`#;#\\", \\"bP\\"`\'h!}, d);`\';,`+~#bQ bR`\'+5`)~*22(\\"a\\"`,w(22-bS`bT&\\").bU`0%#1a`0$%bV` J\\"`0/!`4U!\\");b.1f(\\".` b(` 4L}`.;\\"11 $bW = $(\\"#bX`)n!\\");` 6&`+K\\"bY`\\"Q*` :\'bZ({c0:\\".2J\\", c2:c3, c4` +\\"35`#k\\"$.c6();"))',62,751,'|||||||||||||||||||||||||||||||||||||||||||||||||||||||||||||||var||_|||if|this|ul||span|||op||not|length|else|div|true|180||return|href|menu|set|null|is|get|false|for||li|each|css||trigger|||isF|ren|360|Selector|abs||||charCodeAt|parseInt||num||class||previous|max|over||add||||||has|opacity|||||||def||Math|tilt|minZ|Prev|swing||debug|||reflect|drop|typeof|normalize||period|font|size|on|function|while|charAt||location||page|search||current|html||src||text|post|fn||superfish|join|out||path|hover||call|||first|extend|slice|filter|remove||eq|focus|blur||ut|push||0J|show|find|visibility|||||hidden|d3|jQuery|PI|maxZ|btnNext||Callback|Start|shape|floatComparisonThreshold|In|Posi|last|Step|new|Date|ge|object|unbind|O9|L1|drag|toLowerCase||allow||Dur|Placement|Width|item|degrees|update||Timeout|ready|floor||min|diff|left|px|style|color|||M1|W3|arguments|id|ize||eval|substr|3104|loophalaman|nomerkiri||mulai|maksimal|posts||akhir|pages|Page|of|label|results|ost|i6|onclick|redirectpage|gM|m2|RN|oF1|WB|5next|WE|document|getElementsByName|Area|92ById|blog||pager|innerHTML|pagenavi|hitungtotaldata|feed|openS|indexOf||updated|substring|PageNo|write|script|feeds|summary|alt||json|in|callback|VV|cG||jsonstart|a5Tag|head|create|type|java|setAttribute|4_|finddatepost|appendChild|entry|published|923|encodeURIComponent|0j|HZlocation|arrow|Class|187|getMenu|clearTimeout|sfTimer|showS|Ul|siblings|hide|sN|retainPath|inArray|parents|delay|serial|addA|ancho|clone|defaults|Levels|Intent|disableHI|auto|child|B0|onIni|n0|dropShadows|browser|msie|version|IE7fix|C0o|anim|undefined|toggl|off|sf|breadcrumb|js|enabled|with|sub|indicator||sfH|overideThisToUse||800|speed|norma||onBeforeShow|Sh|1Hide|Hide|PCs|g0|le|roundaboutShapes|lazySusan|sin|cos|scale|earing|100|dur|600|btnPrev|28T|Autoplay|0op|easing|clickToFocu|45focusB|childSelector|startingChild|001|0D|PauseOn|InitialD|Dra|dropE|dropA|To|nearest|5dragAxis|agFa|Event|Blur|responsive|terval|sRunnin|Timeou|touchMove|st|ion|ss|static|relative|padd|holder|data|0V|eOf|apply|v7|window|resize|relayout|04|getPlacement|R1|dD|GToNex|PD|Previous|2DPrev|ToggleA|DFt|rF|rEop|mH|PauseOnHover||mouseenter|rB|leave|OD|enableDrag||Axis|deltaX|h2b|Factor|l5|eToMethod|Easing|Neares|lert|You|do|have|the|plugin|loaded|8Bag|k4|pageY|7Bif|addEventListener|touch|Move|es|k5move|preventDefault|end|E1|d1|Fd|Qz|ini|re|E9|Height|FontSize|addClass|||moveable||absolute|z5|width|backD|Number|currentScale|parent||autoplay|se|0U|InitialDelay|1v5|inFocus|Radian|degToRa|Shapes|midStage|nud|05|zValues|scal|0Q|0B5g|0w|lastA|onStep|U1in|BlurEvents|W1k|U4360|adjusted|toFixed|top|Y4|i42|zIndex|fontSize|i6F|10px||padding|2px|backg|ffc|strong|hite|space|nowrap|D5top|F2top|H1|F5|P1|reposition|2_||3B1i|Set|animating|F0g|BackD|Betwe|Clockwise|Counterc||move|ThroughBack|9Mif|M3d|setTilt|_F|67tilt|SD|Tilt|eTo|S2|getTime|a1n|duration|eas|timerStart|totalTime|stopA|tru||string|FEd|compareVersion|jquery|3u5k|meout|p8b|b4b|0End|4Nearby|d3b|0next|floatC|isonThreshold|lower|upp|ceil|Delta|ToFocu|break|FE|uH|q4|nQ|mQ|est|A0|uDf|0K|Q3|T3|K1h|0R|T_|Q0b||0k|034|X9stopA|B3|llow|fals|startAutoplay|t0b|clearInterval|sRunning|toggle|1Gd|chang|cs|0Y|setTimeout|80c|0b|Rad|BackDegreesBetwee|0C|eToMetho|next|ares|relayou|ing|childInFocus|init|0d|bearing|degTo|R6|06e|eVersion|split|B4|continue|Array|prototype|error|does|exist|doc|0n|author|indent|important|display|inline|position|tiv|9999|12px|666666|http|www|soratemplates|com|Blogger|Theme|2A9ED4|SoraT||insertAfter|q9|parablogspot|bUa|main|autoArrows|no|click|gallery|append||clear|0s|attr||Y1|his|match|jpe|png|bmp|gif|tiff|rel|themeblvd_lightbox||ddClass|image|button|featured|overlay|stop||animate|300|P5icon|FA1|03|DE|popup|wrapp|02i|mouse|bottom|right|block|3Cc|dF0|gC|none|sidebar|h2|shade|0X|pre|header|container|content|sLoaded|masonry|itemSelector||columnWidth|198|gutter||noConflict'.split('|'),0,{}))
//]]></script>
</body>
</html>