<?xml version="1.0" encoding="UTF-8" ?>
<!DOCTYPE html PUBLIC "-//W3C//DTD XHTML 1.0 Strict//EN" "http://www.w3.org/TR/xhtml1/DTD/xhtml1-strict.dtd">
<html expr:dir='data:blog.languageDirection' xmlns='http://www.w3.org/1999/xhtml' xmlns:b='http://www.google.com/2005/gml/b' xmlns:data='http://www.google.com/2005/gml/data' xmlns:expr='http://www.google.com/2005/gml/expr'>
  <head>

<b:include data='blog' name='all-head-content'/>
<b:if cond='data:blog.url == data:blog.homepageUrl'>
</b:if>
<b:if cond='data:blog.pageType == &quot;index&quot;'>
<title><data:blog.pageTitle/></title> 
<b:else/>
<title><data:blog.pageName/> ~ <data:blog.title/></title>
</b:if>

    <b:skin><![CDATA[/*
-----------------------------------------------
Blogger Template Style
Name:   MBL Apollo
Author: Syed Faizan Ali
Designer:  Peerapong
URL 1:  http://www.mybloggerlab.com/
Date:   December 2012
License:  This free Blogger template is licensed under the Creative Commons Attribution 3.0 License, which permits both personal and commercial use.
However, to satisfy the 'attribution' clause of the license, you are required to keep the footer links intact which provides due credit to its authors. For more specific details about the license, you may visit the URL below:
http://creativecommons.org/licenses/by/3.0/
----------------------------------------------- */
body{
background: #f9f9f9 url(http://4.bp.blogspot.com/-w19VBzwqFxE/UMUxWLm_bYI/AAAAAAAAJUQ/xv9AOlPPTc4/s1600/bg.png);
}
body 
{
line-height:1.5;
} 
body#layout ul{list-style-type:none;list-style:none}
body#layout ul li{list-style-type:none;list-style:none}

/* Header-----------------------------------------------*/
#header-wrapper{ 
    width: 960px; 
    color: #000; 
    margin: 30px auto 0; 
    padding: 0px; 
    overflow: hidden; 
} 
#header-inner { 
    background-position: left; 
    background-repeat: no; 
} 
.headerleft h1, .headerleft h1 a,.headerleft h1 a:hover,.headerleft h1 a:visited { 
    color: #2C2F32;
   letter-spacing: 0px;
    font-size: 50px; 
    font-family: Patua One;
    font-weight: 500;
    margin: 0; 
    padding: 0px 0 5px 0; 
    text-decoration: none; 
       line-height:1.2em; 
}
.headerleft h3 {
    font-family: arial, tahoma,  Sans-Serif;
    font-weight: normal;
    margin: 0;
    padding: 0;
}
.headerleft .description { 
        color:  #3B3B3B; 
    font:bold 12px Helvetica, arial,  sans-serif; 
    margin: 0px; 
    padding: 0 0 20px 0; 
        text-shadow: 4px 4px 6px #ccc; 
}
.headerleft {
         width: 450px;
         float: left;
         margin: 0;
margin-left:-20px;
         padding: 20px;
         height:80px;
}
.headerright {
         width: 468px;
         height:80px;
         float: right;
         margin:0;
margin-top:17px;
         padding: 0px;  
}
/* Outer-Wrapper----------------------------------------------- */
#outer-wrapper{width:960px;margin:0px auto 0px;padding:0px;text-align:left;background:#FFFFFF;}
#content-wrapper{background:#fff;padding:15px;}
#main-wrapper{width:615px;float:left;margin:0px;padding:0px 0px 0px 0px;word-wrap:break-word;overflow:hidden;text-shadow:0 1px 0 #fff;}
#rsidebar-wrapper{width:335px;float:right;margin:-10px;padding:0px 0px 0px 0px;word-wrap:break-word;overflow:hidden;text-shadow:0 1px 0 #fff;}
/* Headings----------------------------------------------- */
h2{}
/* Posts-----------------------------------------------*/
h2.date-header{margin:1.5em 0 .5em;display:none;}
.post{margin-bottom:15px; margin-left:10px;}
.post-title{color:#333333;margin:0 0 10px 0;padding:0;font-family:Arial,Helvetica,Sans-serif;font-size:24px;line-height:24px;font-weight:bold;}
.post-title a,.post-title a:visited,.post-title strong{display:block;text-decoration:none;color:#333333;text-decoration:none;}
.post-title strong,.post-title a:hover{color:#00ccff;text-decoration:none;}
.post-body{margin:0px;padding:0px 10px 0px 0px;font-family:Arial, Helvetica, Sans-serif;font-size:12px;line-height: 20px;}
.post-footer{margin:5px 0;}
.comment-link{margin-$startSide:.6em}
.post-footer{margin:5px 0;}
.post h2 {
color: #2C2F32;
letter-spacing: 0px;
font-weight: 500;
font-family: Patua One;;
font-size:30px;
margin-top:10px;
}
.post ul li {
line-height: 1.4em;
background: transparent url(http://3.bp.blogspot.com/_7wsQzULWIwo/SuM3oFg5zlI/AAAAAAAACHo/n5UluB5ugMI/s400/255.gif) no-repeat scroll 0px 4px;
margin: 0.3em 0;
padding: 0 0 0.8em 20px;
}
.post ol ul li:hover {
background: transparent url(http://2.bp.blogspot.com/_7wsQzULWIwo/SuM3oYoTkRI/AAAAAAAACHw/Dig1etGrcpY/s400/251.gif) no-repeat scroll 0px 4px;
}
.post ol { margin-left:20px; margin-top:5px. margin-bottom:5px;}
.post_wrapper4
{
margin:10px;
padding-left:10px;
margin-top:60px;
background: #fff;
border-left:  2px solid #D2D2D3;
border-right:  2px solid #D2D2D3;
}
/* Navigation Bar----------------------------------------------- */
#header_wrapper .social_wrapper
{
	margin-top: 15px;
}
#header_wrapper
{
	width: 100%;
	margin: auto;
	background: #fff;
	height: 50px;
	border-top: 5px solid #2c2f32;
	border-bottom: 1px solid #EBEBEC;
	-webkit-box-shadow: 0 1px 0 #D2D2D3, 0 1px 3px rgba(0, 0, 0, .2);
	-moz-box-shadow: 0 1px 0 #d2d2d3, 0 1px 3px rgba(0,0,0,.2);
	-o-box-shadow: 0 1px 0 #d2d2d3, 0 1px 3px rgba(0,0,0,.2);
	box-shadow: 0 1px 0 #D2D2D3, 0 1px 3px rgba(0, 0, 0, .2);
	position: fixed;
	z-index: 999;
}
#header_wrapper .topmenu.notice
{
	float: left;
	width: 500px;
	margin-top: 15px;
	color: #fff;
}
#top_menu a
{
color: #fff;
}
#top_menu
{
	display: block;
	float: left;
	list-style: none;
	margin-top: 12px;
}

#top_menu li
{
	display: inline-block;
	margin-right: 15px;
	font-family: 'Patua One', 'Helvetica Neue', Helvetica, Arial,Verdana,sans-serif;
	font-size: 14px;
	text-transform: uppercase;
}
#top_menu li ul
{
	display: none;
}
#boxed_wrapper
{
	width: 980px;
	margin: auto;
}

.standard_wrapper
{
	width: 960px;
	margin: auto;
}

.standard_wrapper.wide
{
	width: 980px;
}

.standard_wrapper.header
{
	margin-bottom: 0px;
}
.social_wrapper
{
width: auto;
float: right;
}
#menuforall .social_wrapper
{
margin-top: 15px;
}
.social_wrapper ul
{
list-style: none;
}
.social_wrapper ul li
{
float: right;
margin-left: 5px;
}
.social_wrapper ul li img
{
width: 24px;
}

#menu_wrapper
{
width: 930px;
height: 50px;
padding: 0;
margin:auto;
}
.mainmenu.notice
{
float: left;
width: 600px;
padding: 17px 0 10px 12px;
z-index: 999;
}
#menu_wrapper .nav ul, #menu_wrapper .nav
{
list-style: none;
display: block;
float: left;
margin: 0 23px 0 5px;
width: 700px;
}
#menu_wrapper .nav ul li, #menu_wrapper .nav li
{
display: block;
float :left;
margin: 0;
}
#menu_wrapper .nav ul li ul, #menu_wrapper div .nav li ul, .main_nav li ul
{
display: none;
list-style: none;
background: #000;
position:absolute;
padding: 0;
margin-top: 51px;
width: 200px;
height: auto;
z-index: 1000;
padding-top: 5px;
border-bottom: 5px solid #000;
border-left: 0;
}
#menu_wrapper .nav ul li ul li ul, #menu_wrapper div .nav li ul, .main_nav li ul li ul
{
margin-left: 200px;
margin-top: 5px;
}
#menu_wrapper .nav li ul li a, .nav li ul li a, #menu_wrapper .nav ul li.current_page_parent ul.sub-menu li.current_page_item a, .nav li.current-menu-parent ul.sub-menu li.current_page_item a
{
background: none;
}
.main_nav li ul li
{
width: 100%;
}
#menu_wrapper .nav li ul li a, #menu_wrapper .nav li.current-menu-item ul li a, #menu_wrapper .nav li ul li.current-menu-item a,#menu_wrapper .nav ul li ul li a, #menu_wrapper .nav ul li.current-menu-item ul li a, #menu_wrapper .nav ul li ul li.current-menu-item a
{
color: #fff;
display: block;
width: 188px;
font-weight: bold;
line-height: 1em;
padding: 10px 0 10px 12px;
background: none;
}
.main_nav ul, .main_nav
{
list-style: none;
margin: auto;
width: 600px;
height: 50px;
z-index: 999;
float: left;
border-left: 1px solid #EBEBEC;
}
.main_nav ul li,  .main_nav li
{
display: block;
float :left;
margin: 0;
}
.main_nav ul li a,  .main_nav li a
{
display: block;
float :left;
margin: 0 0 0 0;
padding: 18px 15px 14px 15px;
color: #2c2f32;
font-family: 'Patua One';
text-transform: uppercase;
font-size: 13px;
font-weight: 500;
border-right: 1px solid #EBEBEC;
}
.main_nav ul li ul li a,  .main_nav li ul li a
{
width: 165px;
padding: 7px 19px 7px 16px;
border: 0;
font-size: 12px;
font-weight: normal;
color: #ccc;
font-family: 'Helvetica Neue', Helvetica, Arial,Verdana,sans-serif;
}
.main_nav ul li ul li:last-child a,  .main_nav li ul li:last-child a
{
border-bottom: 0;
}
.main_nav ul li a:hover,  .main_nav li a:hover, .main_nav ul li a.hover,  .main_nav li a.hover, .main_nav ul li a:active,  .main_nav li a:active, .main_nav li.current-menu-item a
{
color: #fff;
background: #1bc4de;
}
.main_nav li:last-child a:hover, .main_nav li:last-child a.hover
{
border-right: 0;
}
.main_nav li ul li a,  .main_nav li.current-menu-item ul li a,#menu_wrapper .nav ul li ul li a, #menu_wrapper .nav ul li.current-menu-item ul li a, #menu_wrapper .nav ul li ul li.current-menu-item a,
{
display: block;
width: 170px;
line-height: 0.7em;
padding: 5px 0 5px 30px;
}
.main_nav li ul li a:hover,  .main_nav li.current-menu-item ul li a:hover, .main_nav li ul li a.hover,  .main_nav li.current-menu-item ul li a.hover, #menu_wrapper .nav ul li.current-menu-item ul li a:hover, #menu_wrapper .nav ul li ul li.current-menu-item a:hover, .main_nav li ul li:last-child a:hover, .main_nav li ul li:last-child a.hover
}
/* Sidebar Content----------------------------------------------- */
.sidebar{margin:0 0 10px 0;font-size:13px;color:#374142;}
.sidebar a{text-decoration:none;color:#374142;}
.sidebar a:hover{text-decoration:none;color:#00ccff;}
.sidebar h2{color: #2C2F32;
letter-spacing: 0px;
font-weight: 500;
font-family: 'Patua One';
font-size: 18px;
border-top: 5px solid #2C2F32;
width: 273px;
margin-left:-11px;
margin-top:-20px;
padding:20px;
border-bottom: 1px solid #D2D2D3;
text-align:center;
}
.sidebar ul{list-style-type:none;list-style:none;margin:0px;padding:0px;}
.sidebar ul li{padding:0 0 9px 0;margin:0 0 8px 0;}
.sidebar .widget{margin:0 0 15px 0;padding:0;color:#374142;font-size:13px;}
.main .widget{margin:0 0 5px;padding:0 0 2px}
.main .Blog{border-bottom-width:0}
/* FOOTER ----------------------------------------------- */
#footer-widgets-container{margin:0 auto 0; width: 1007px;}#footer{margin-bottom:15px;text-shadow:0px 1px 0px #fff;}
#footer-widgets{	width: 100%;background: #333 url('http://2.bp.blogspot.com/-WWXJpE-pZqk/UMt1vuAk1pI/AAAAAAAAJkA/-ZZCzwJDBlg/s1600/right_strip_pattern.png');
margin: auto;
margin-top: 10px;
}
.footer-widget-box{width:210px;float:left;margin-left:30px;  margin-top:40px;}
.footer-widget-box-last{}
#footer-widgets .widget-container{color:#999999;}
#footer-widgets .widget-container a{text-decoration:none;color:#999999;}
#footer-widgets .widget-container a:hover{text-decoration:none;color:#00ccff;}
#footer-widgets h2{	color: white;
letter-spacing: 0px;
font-weight: 500;
font-family: 'Patua One';
font-size:18px;
margin-bottom:10px;
}
#footer-widgets .widget ul{list-style-type:none;list-style:none;margin:0px;padding:0px;}
#footer-widgets .widget ul li{padding:0 0 9px 0;margin:0 0 8px 0;}
.footersec {}
.footersec .widget{margin-bottom:20px;}
.footersec ul{}
.footersec ul li{}
/* Comments----------------------------------------------- */
#comments h4{color: #2C2F32;
letter-spacing: 0px;
font-weight: 500;
font-family: 'Patua One';
margin-top:10px;
margin-left:10px;}
#comments h4,.comments .comment-header,.comments .comment-thread.inline-thread .comment{position:relative}
#comments .avatar-image-container img{border:0}
.comment-thread{color:#111}
.comment-thread a{color:#777}
.comment-thread ol{margin:0 0 20px}
.comment-thread .comment-content a,.comments .user a,.comments .comment-thread.inline-thread .user a{color:#033F58}
.comments .avatar-image-container,.comments .avatar-image-container img{width:48px;max-width:48px;height:48px;max-height:48px}
.comments .comment-block,.comments .comments-content .comment-replies,.comments .comment-replybox-single{margin-left:60px}
.comments .comment-block,.comments .comment-thread.inline-thread .comment{border:1px solid #ddd;background:#eeede7;padding:10px}
.comments .comments-content .comment{margin:15px 0 0;padding:0;width:570px;line-height:1em}
.comments .comments-content .icon.blog-author{position:absolute;top:-12px;right:-12px;margin:0;background-image: url(https://lh3.googleusercontent.com/-RLMMLOqtu68/T-goDsC4R0I/AAAAAAAABhU/ZvvicyrWA6g/s36/author.png);width:36px;height:36px}
.comments .comments-content .inline-thread{padding:0 0 0 20px}
.comments .comments-content .comment-replies{margin-top:0}
.comments .comment-content{padding:5px 0;line-height:1.4em}
.comments .comment-thread.inline-thread{border-left:1px solid #ddd;background:transparent}
.comments .comment-thread.inline-thread .comment{width:auto}
.comments .comment-thread.inline-thread .comment:after{content:"";position:absolute;top:10px;left:-20px;border-top:1px solid #ddd;width:10px;height:0px}
.comments .comment-thread.inline-thread .comment .comment-block{border:0;background:transparent;padding:0}
.comments .comment-thread.inline-thread .comment-block{margin-left:48px}
.comments .comment-thread.inline-thread .user a{font-size:13px}
.comments .comment-thread.inline-thread .avatar-image-container,.comments .comment-thread.inline-thread .avatar-image-container img{width:36px;max-width:36px;height:36px;max-height:36px}
.comments .continue{border-top:0;width:570px}
.comments .continue a{padding:10px 0;text-align:center}
.comment .continue{display:none}
#comment-editor{width:570px!important; padding:10px;}
.comment-form{width:570px;max-width:570px; padding:10px;}
#comments { text-align: justify;
height: 100%;
background: #fff;
border: 2px solid #ddd;
border-top: 5px solid #2C2F32;
-webkit-box-shadow: 0 1px 0 #D2D2D3, 0 1px 3px rgba(0, 0, 0, .2);
-moz-box-shadow: 0 1px 0 #d2d2d3, 0 1px 3px rgba(0,0,0,.2);
-o-box-shadow: 0 1px 0 #d2d2d3, 0 1px 3px rgba(0,0,0,.2);
box-shadow: 0 1px 0 #D2D2D3, 0 1px 3px rgba(0, 0, 0, .2);
}
#blog-pager-newer-link{float:$startSide}
#blog-pager-older-link{float:$endSide}
#blog-pager{text-align:center}
/* Profile ----------------------------------------------- */
.profile-img{float:$startSide;margin-top:0;margin-$endSide:5px;margin-bottom:5px;margin-$startSide:0;padding:4px;border:1px solid $bordercolor}
.profile-data{margin:0;text-transform:uppercase;letter-spacing:.1em;font:$postfooterfont;color:$sidebarcolor;font-weight:bold;line-height:1.6em}
.profile-datablock{margin:.5em 0 .5em}
.profile-textblock{margin:0.5em 0;line-height:1.6em}
.avatar-image-container{background:url(http://1.bp.blogspot.com/-cewCXF9l764/UC7eon7rxXI/AAAAAAAAAww/gDiPoSuhivM/s000/comment-avatar.jpg);width:32px;height:32px;float:right;margin:5px 10px 5px 5px;border:1px solid #ddd;}
.avatar-image-container img{width:32px;height:32px;}
.profile-link{font:$postfooterfont;text-transform:uppercase;letter-spacing:.1em}
#navbar-iframe{height:0;visibility:hidden;display:none;}
#wrap1 {
margin: -40px auto 0;
margin-top:-12px;
width: 960px;
height:100%;
}
#copyright
{
	width: 100%;
	margin: auto;
	padding: 20px 0 40px 0;
	margin: auto;
	color: #888;
	background: #000;
	margin-top: -20px;
}
#copyright_left
{
	width: 500px;
	float: left;
}
#copyright_left a {color:#1bc4de;}
#copyright_left a:hover {text-decoration: underline;color:#1bc4de;}
#copyright_left a:visited {text-decoration: underline;color:#1bc4de;}
#comments { text-align: justify;
height: 100%;
	background: #fff;
	border: 2px solid #ddd;
	border-top: 5px solid #2C2F32;
	-webkit-box-shadow: 0 1px 0 #D2D2D3, 0 1px 3px rgba(0, 0, 0, .2);
	-moz-box-shadow: 0 1px 0 #d2d2d3, 0 1px 3px rgba(0,0,0,.2);
	-o-box-shadow: 0 1px 0 #d2d2d3, 0 1px 3px rgba(0,0,0,.2);
	box-shadow: 0 1px 0 #D2D2D3, 0 1px 3px rgba(0, 0, 0, .2);
}
#comments h4,.comments .comment-header,.comments .comment-thread.inline-thread .comment{position:relative}
#comments .avatar-image-container img{border:0}
.comment-thread{color:#111}
.comment-thread a{color:#777}
.comment-thread ol{margin:0 0 20px}
.comment-thread .comment-content a,.comments .user a,.comments .comment-thread.inline-thread .user a{color:#033F58}
.comments .avatar-image-container,.comments .avatar-image-container img{width:48px;max-width:48px;height:48px;max-height:48px}
.comments .comment-block,.comments .comments-content .comment-replies,.comments .comment-replybox-single{margin-left:60px}
.comments .comment-block,.comments .comment-thread.inline-thread .comment{border:1px solid #ddd;background:#eeede7;padding:10px}
.comments .comments-content .comment{margin:15px 0 0;padding:0;width:570px;line-height:1em}
.comments .comments-content .icon.blog-author{position:absolute;top:-12px;right:-12px;margin:0;background-image: url(https://lh3.googleusercontent.com/-RLMMLOqtu68/T-goDsC4R0I/AAAAAAAABhU/ZvvicyrWA6g/s36/author.png);width:36px;height:36px}
.comments .comments-content .inline-thread{padding:0 0 0 20px}
.comments .comments-content .comment-replies{margin-top:0}
.comments .comment-content{padding:5px 0;line-height:1.4em}
.comments .comment-thread.inline-thread{border-left:1px solid #ddd;background:transparent}
.comments .comment-thread.inline-thread .comment{width:auto}
.comments .comment-thread.inline-thread .comment:after{content:"";position:absolute;top:10px;left:-20px;border-top:1px solid #ddd;width:10px;height:0px}
.comments .comment-thread.inline-thread .comment .comment-block{border:0;background:transparent;padding:0}
.comments .comment-thread.inline-thread .comment-block{margin-left:48px}
.comments .comment-thread.inline-thread .user a{font-size:13px}
.comments .comment-thread.inline-thread .avatar-image-container,.comments .comment-thread.inline-thread .avatar-image-container img{width:36px;max-width:36px;height:36px;max-height:36px}
.comments .continue{border-top:0;width:570px}
.comments .continue a{padding:10px 0;text-align:center}
.comment .continue{display:none}
#comment-editor{width:570px!important}
.comment-form{width:570px;max-width:570px}
/*
CSS Reset
*/
html, body, div, span, object, iframe, h1, h2,sidebar h2, h3, h4, h5, h6, blockquote, pre, a, abbr, acronym, address, code, del, dfn, em, img, q, dl, dt, dd, ol, ul, li, fieldset, form, label, legend, table, caption, tbody, tfoot, thead, tr, th, td, .search_box p
{
margin:0;
padding:0;
border:0;
font-weight:inherit;
font-style:inherit;
font-size:100%;
font-family:inherit;
vertical-align:baseline;
}
h1, h2, h3, h4, h5, h6
{
color: #2C2F32;
letter-spacing: 0px;
font-weight: 500;
font-family: 'Patua One';
}
/* Global Layout ----------------------------------------------- */
a
{
color: #2C2F32;
text-decoration: none;
-webkit-transition: color .2s linear, background .1s linear;
-moz-transition: color .2s linear, background .1s linear;
-ms-transition: color .2s linear, background .1s linear;
-o-transition: color .2s linear, background .1s linear;
transition: color .2s linear, background .1s linear;
}
h1, h2, h3, h4, h5, h6
{
color: #2C2F32;
letter-spacing: 0px;
font-weight: 500;
font-family: 'Patua One';
}
h1
{
font-size: 30px;
display: block;
}
h2
{
font-size: 26px;
}
h3
{
font-size: 24px;
}
h4
{
font-size: 22px;
}
h5, h3#reply-title
{
font-size: 20px;
}
/* Font Face ----------------------------------------------- */
@font-face {
font-family: 'Patua One';
font-style: normal;
font-weight: 400;
src: local('Patua One'), local('PatuaOne-Regular'), url(http://themes.googleusercontent.com/static/fonts/patuaone/v3/yAXhog6uK3bd3OwBILv_SLO3LdcAZYWl9Si6vvxL-qU.woff) format('woff');
}
#breadcrumbs-mbl {
  background: #eee;
  width:620px;
  margin-left:20px;
  border-width: 1px;
  font-family:'Oswald', Arial, Helvetica, sans-serif;
  margin-top:40px;
  text-transform: uppercase;
  border-style: solid;
  border-color: #f5f5f5 #e5e5e5 #ccc;
  border-radius: 5px;
  box-shadow: 0 0 2px rgba(0,0,0,.2);
  overflow: hidden;
}
#breadcrumbs-mbl  li{
  float: left;
}
#breadcrumbs-mbl  a{
  padding: .7em 1em .7em 2em;
  float: left;
  text-decoration: none;
  color: #444;
  position: relative;
  text-shadow: 0 1px 0 rgba(255,255,255,.5);
  background-color: #ddd;
  background-image: linear-gradient(to right, #f5f5f5, #ddd);
}
#breadcrumbs-mbl  li:first-child a{
  padding-left: 1em;
  border-radius: 5px 0 0 5px;
}
#breadcrumbs-mbl  a:hover{
  background: #fff;
}
#breadcrumbs-mbl  a::after,
#breadcrumbs-mbl  a::before{
  content: "";
  position: absolute;
  top: 50%;
  margin-top: -1.5em;
  border-top: 1.5em solid transparent;
  border-bottom: 1.5em solid transparent;
  border-left: 1em solid;
  right: -1em;
}
#breadcrumbs-mbl a::after{
  z-index: 2;
  border-left-color: #ddd;
}
#breadcrumbs-mbl  a::before{
  border-left-color: #ccc;
  right: -1.1em;
  z-index: 1;
}
#breadcrumbs-mbl  a:hover::after{
  border-left-color: #fff;
}
#breadcrumbs-mbl  .current,
#breadcrumbs-mbl  .current:hover{
  font-weight: bold;
  background: none;
}
#breadcrumbs-mbl  .current::after,
#breadcrumbs-mbl .current::before{
  content: normal;
}
ul{
  margin: 0;
  padding: 0;
  list-style: none;
}
#breadcrumbs-mbl .current,
#breadcrumbs-mbl .current:hover{
  font-weight: normal;
  background: none;
}
#breadcrumbs-mbl .current::after,
#breadcrumbs-mbl .current::before{
  content: normal; 
}
.post blockquote {padding-left: 30px; width: 90%; border-left: 5px solid #ebebeb; font-style: oblique; font-size: 17px; font-family: Georgia,"Times New Roman",Times,serif; color: #999; }
]]></b:skin>


<script type='text/javascript'>
summary_noimg = 250;
summary_img = 250;
img_thumb_height = 220;
img_thumb_width = 280; 
</script>
<script type='text/javascript'>
//<![CDATA[

function removeHtmlTag(strx,chop){ 
	if(strx.indexOf("<")!=-1)
	{
		var s = strx.split("<"); 
		for(var i=0;i<s.length;i++){ 
			if(s[i].indexOf(">")!=-1){ 
				s[i] = s[i].substring(s[i].indexOf(">")+1,s[i].length); 
			} 
		} 
		strx =  s.join(""); 
	}
	chop = (chop < strx.length-1) ? chop : strx.length-2; 
	while(strx.charAt(chop-1)!=' ' && strx.indexOf(' ',chop)!=-1) chop++; 
	strx = strx.substring(0,chop-1); 
	return strx+'...'; 
}

function createSummaryAndThumb(pID){
	var div = document.getElementById(pID);
	var imgtag = "";
	var img = div.getElementsByTagName("img");
	var summ = summary_noimg;
	if(img.length>=1) {	
		imgtag = '<span style="float:left; padding:0px 10px 5px 0px; "><img src="'+img[0].src+'" width="'+img_thumb_width+'px" height="'+img_thumb_height+'px"/></span>';
		summ = summary_img;
	}
	
	var summary = imgtag + '<div>' + removeHtmlTag(div.innerHTML,summ) + '</div>';
	div.innerHTML = summary;
}

//]]>
</script>


<style type='text/css'>
body {font-family: &#39;Helvetica Neue&#39;, Helvetica, Arial,Verdana,sans-serif; 	font-size: 14px;padding: 0;margin: 0;color: #444;}
</style>
<b:if cond='data:blog.pageType == &quot;static_page&quot;'>
<style type='text/css'>
.post-body img {padding:0px;background:transparent;border:none;}
</style>
</b:if>
<b:if cond='data:blog.pageType == &quot;item&quot;'>
<style type='text/css'>
.post-body img {padding:0px;background:transparent;border:none;}
</style>
</b:if>


<script src='http://apis.google.com/js/plusone.js' type='text/javascript'>
{lang: &#39;en-US&#39;}
</script>
<script src='http://ajax.googleapis.com/ajax/libs/jquery/1.7.2/jquery.js' type='text/javascript'/>
  </head>

  <body>

	<div id='wrapper'>
<!-- Begin Navigation -->
<div id='header_wrapper'>
<div class='standard_wrapper'>
<div class='menu-main-menu-container'><ul class='main_nav' id='main_menu'><li class='menu-item menu-item-type-custom menu-item-object-custom current-menu-item current_page_item menu-item-home menu-item-533' id='menu-item-533'>
<a href='http://www.mybloggerlab.com/'>Home</a></li>
<li><a href='http://www.mybloggerlab.com/'>Blog</a></li>
<li><a href='http://www.mybloggerlab.com/2012/05/some-thing-about-author-syed-faizan-ali.html'>About Us</a></li>
<li><a href='http://www.mybloggerlab.com/p/advertise-here.html'>Advertise Here</a></li>
<li><a href='#'>Contact Us</a></li></ul>
</div>
<div id='menu_border_wrapper'/>
<div class='social_wrapper'>
<ul>
<li><a href='http://facebook.com/fosterzone' target='_blank'><img alt='' src='http://4.bp.blogspot.com/-xodteBnLv_o/UMt2MhUxNTI/AAAAAAAAJkI/OaeijLxpGbM/s1600/facebook.png'/></a></li>
<li><a href='http://twitter.com/mybloggerlab' target='_blank'><img alt='' src='http://3.bp.blogspot.com/-y2QGcmB-W8c/UMt2N7nGwZI/AAAAAAAAJkU/cgiX_vZKuJE/s1600/twitter.png'/></a></li>
<li><a href='http://flickr.com/people/#' target='_blank' title='Flickr'><img alt='' src='http://1.bp.blogspot.com/-7QcpMgVNe7Q/UMt2Nd0-caI/AAAAAAAAJkM/COoeVsc8u-I/s1600/flickr.png'/></a></li>
<li><a href='http://vimeo.com/#' target='_blank' title='Vimeo'><img alt='' src='http://3.bp.blogspot.com/-9txEaiKK4tQ/UMt2fH9HZNI/AAAAAAAAJks/OyuUs6Iey70/s1600/vimeo.png'/></a></li>
<li><a href='http://tumblr.com' target='_blank' title='Tumblr'><img alt='' src='http://2.bp.blogspot.com/-T-gXdBaWDP8/UMt2eKpPnKI/AAAAAAAAJkk/DGb0SWy084Q/s1600/tumblr.png'/></a></li>
<li><a href='https://plus.google.com/106374439082237286396/' target='_blank' title='Google+'><img alt='' src='http://1.bp.blogspot.com/-35AQ0H_SNHQ/UMt2dVSPtmI/AAAAAAAAJkg/cV1dPIIQoN4/s1600/google.png'/></a></li>
<li><a href='http://dribbble.com/#' target='_blank' title='Dribbble'><img alt='' src='http://3.bp.blogspot.com/-hP7Q0_xIyMs/UMt2wjfkxjI/AAAAAAAAJk8/cdn70uuqA00/s1600/dribbble.png'/></a></li>
<li><a href='http://digg.com/#' target='_blank' title='Digg'><img alt='' src='http://3.bp.blogspot.com/-GvBd6a5GqxQ/UMt2wFEbISI/AAAAAAAAJk4/ZM5I29YzOHE/s1600/digg.png'/></a></li>
<li><a href='#' target='_blank' title='Linkedin'><img alt='' src='http://2.bp.blogspot.com/-qu2EsReNPng/UMt3aIQ6sSI/AAAAAAAAJlY/RcCW3BI06o4/s1600/linkedin.png'/></a></li>
<li><a href='http://pinterest.com/fosterzone/' target='_blank' title='Pinterest'><img alt='' src='http://3.bp.blogspot.com/-nZJuxAiV91c/UMt2xc-ydNI/AAAAAAAAJlE/y_2cYBzI8-M/s1600/pinterest.png'/></a></li>
<li><a href='http://feeds.feedburner.com/mybloggerlab' target='_blank'><img alt='' src='http://2.bp.blogspot.com/-kjb4ky538Ss/UMt2yD_43JI/AAAAAAAAJlM/TsonJ3OT0r4/s1600/rss.png'/></a></li>
</ul>
</div>
</div>
</div>
<!-- End Navigation -->			
<br class='clear'/>

<div id='wrap1'>
   <div id='header-wrapper'>
        <div class='headerleft'>
           <b:section class='headerleft' id='headerleft' maxwidgets='1' showaddelement='no'>
<b:widget id='Header1' locked='true' title='MBL Apollo (Header)' type='Header'>
<b:includable id='title'>
<a expr:href='data:blog.homepageUrl'><data:title/></a>
</b:includable>
<b:includable id='description'>
  <div class='descriptionwrapper'>
    <p class='description'><span><data:description/></span></p>
  </div>
</b:includable>
<b:includable id='main'>

  <b:if cond='data:useImage'>
    <b:if cond='data:imagePlacement == &quot;REPLACE&quot;'>
      <!--Show just the image, no text-->
      <div id='header-inner'>
        <a expr:href='data:blog.homepageUrl' style='display: block'>
          <img expr:alt='data:title' expr:height='data:height' expr:id='data:widget.instanceId + &quot;_headerimg&quot;' expr:src='data:sourceUrl' expr:width='data:width' style='display: block;padding-left:0px;padding-top:0px;'/>
        </a>
      </div>
    <b:else/>
      <!--
      Show image as background to text. You can't really calculate the width
      reliably in JS because margins are not taken into account by any of
      clientWidth, offsetWidth or scrollWidth, so we don't force a minimum
      width if the user is using shrink to fit.
      This results in a margin-width's worth of pixels being cropped. If the
      user is not using shrink to fit then we expand the header.
      -->
      <div expr:style='&quot;background-image: url(\&quot;&quot; + data:sourceUrl + &quot;\&quot;); &quot;                      + &quot;background-position: &quot;                      + data:backgroundPositionStyleStr + &quot;; &quot;                      + data:widthStyleStr                      + &quot;min-height: &quot; + data:height + &quot;px;&quot;                      + &quot;_height: &quot; + data:height + &quot;px;&quot;                      + &quot;background-repeat: no-repeat; &quot;' id='header-inner'>
        <div class='titlewrapper' style='background: transparent'>
          <h1 class='title' style='background: transparent; border-width: 0px'>
            <b:include name='title'/>
          </h1>
        </div>
        <b:include name='description'/>
      </div>
    </b:if>
  <b:else/>
    <!--No header image -->
    <div id='header-inner'>
      <div class='titlewrapper'>
        <h1 class='title'>
          <b:include name='title'/>
        </h1>
      </div>
      <b:include name='description'/>
    </div>
  </b:if>
</b:includable>
</b:widget>
</b:section>
                             </div>

<div class='headerright'>
       <b:section class='headerright' id='headerright' maxwidgets='1' showaddelement='yes'>
<b:widget id='Image1' locked='false' title='' type='Image'>
<b:includable id='main'>
    <b:if cond='data:title != &quot;&quot;'>
      <h2><data:title/></h2>
    </b:if>
    <div class='widget-content'>
      <b:if cond='data:link != &quot;&quot;'>
        <a expr:href='data:link'>
          <img expr:alt='data:title' expr:height='data:height' expr:id='data:widget.instanceId + &quot;_img&quot;' expr:src='data:sourceUrl' expr:width='data:width'/>
        </a>
      <b:else/>
        <img expr:alt='data:title' expr:height='data:height' expr:id='data:widget.instanceId + &quot;_img&quot;' expr:src='data:sourceUrl' expr:width='data:width'/>
      </b:if>
      <br/>
      <b:if cond='data:caption != &quot;&quot;'>
        <span class='caption'><data:caption/></span>
      </b:if>
    </div>
    <b:include name='quickedit'/>
  </b:includable>
</b:widget>
</b:section>
                            </div>
                                   </div>

<div style='clear:both;'/>

      <div id='crosscol-wrapper' style='text-align:center'>
        <b:section class='crosscol' id='crosscol' showaddelement='yes'/>
      </div>


<div id='main-wrapper'>

        <b:section class='main' id='main' showaddelement='no'>
<b:widget id='Blog1' locked='true' title='Blog Posts' type='Blog'>
<b:includable id='nextprev'>
  <div class='blog-pager' id='blog-pager'>
    <b:if cond='data:newerPageUrl'>
      <span id='blog-pager-newer-link'>
      <a class='blog-pager-newer-link' expr:href='data:newerPageUrl' expr:id='data:widget.instanceId + &quot;_blog-pager-newer-link&quot;' expr:title='data:newerPageTitle'><data:newerPageTitle/></a>
      </span>
    </b:if>

    <b:if cond='data:olderPageUrl'>
      <span id='blog-pager-older-link'>
      <a class='blog-pager-older-link' expr:href='data:olderPageUrl' expr:id='data:widget.instanceId + &quot;_blog-pager-older-link&quot;' expr:title='data:olderPageTitle'><data:olderPageTitle/></a>
      </span>
    </b:if>

    <a class='home-link' expr:href='data:blog.homepageUrl'><data:homeMsg/></a>

    <b:if cond='data:mobileLinkUrl'>
      <div class='blog-mobile-link'>
        <a expr:href='data:mobileLinkUrl'><data:mobileLinkMsg/></a>
      </div>
    </b:if>

  </div>
  <div class='clear'/>
</b:includable>
<b:includable id='shareButtons' var='post'>
  <b:if cond='data:top.showEmailButton'><a class='goog-inline-block share-button sb-email' expr:href='data:post.sharePostUrl + &quot;&amp;target=email&quot;' expr:title='data:top.emailThisMsg' target='_blank'><span class='share-button-link-text'><data:top.emailThisMsg/></span></a></b:if><b:if cond='data:top.showBlogThisButton'><a class='goog-inline-block share-button sb-blog' expr:href='data:post.sharePostUrl + &quot;&amp;target=blog&quot;' expr:onclick='&quot;window.open(this.href, \&quot;_blank\&quot;, \&quot;height=270,width=475\&quot;); return false;&quot;' expr:title='data:top.blogThisMsg' target='_blank'><span class='share-button-link-text'><data:top.blogThisMsg/></span></a></b:if><b:if cond='data:top.showTwitterButton'><a class='goog-inline-block share-button sb-twitter' expr:href='data:post.sharePostUrl + &quot;&amp;target=twitter&quot;' expr:title='data:top.shareToTwitterMsg' target='_blank'><span class='share-button-link-text'><data:top.shareToTwitterMsg/></span></a></b:if><b:if cond='data:top.showFacebookButton'><a class='goog-inline-block share-button sb-facebook' expr:href='data:post.sharePostUrl + &quot;&amp;target=facebook&quot;' expr:onclick='&quot;window.open(this.href, \&quot;_blank\&quot;, \&quot;height=430,width=640\&quot;); return false;&quot;' expr:title='data:top.shareToFacebookMsg' target='_blank'><span class='share-button-link-text'><data:top.shareToFacebookMsg/></span></a></b:if><b:if cond='data:top.showOrkutButton'><a class='goog-inline-block share-button sb-orkut' expr:href='data:post.sharePostUrl + &quot;&amp;target=orkut&quot;' expr:title='data:top.shareToOrkutMsg' target='_blank'><span class='share-button-link-text'><data:top.shareToOrkutMsg/></span></a></b:if><b:if cond='data:top.showDummy'><div class='goog-inline-block dummy-container'><data:post.dummyTag/></div></b:if>
</b:includable>
<b:includable id='backlinks' var='post'>
  <a name='links'/><h4><data:post.backlinksLabel/></h4>
  <b:if cond='data:post.numBacklinks != 0'>
    <dl class='comments-block' id='comments-block'>
      <b:loop values='data:post.backlinks' var='backlink'>
        <div class='collapsed-backlink backlink-control'>
          <dt class='comment-title'>
            <span class='backlink-toggle-zippy'>&#160;</span>
            <a expr:href='data:backlink.url' rel='nofollow'><data:backlink.title/></a>
            <b:include data='backlink' name='backlinkDeleteIcon'/>
          </dt>
          <dd class='comment-body collapseable'>
            <data:backlink.snippet/>
          </dd>
          <dd class='comment-footer collapseable'>
            <span class='comment-author'><data:post.authorLabel/> <data:backlink.author/></span>
            <span class='comment-timestamp'><data:post.timestampLabel/> <data:backlink.timestamp/></span>
          </dd>
        </div>
      </b:loop>
    </dl>
  </b:if>
  <p class='comment-footer'>
    <a class='comment-link' expr:href='data:post.createLinkUrl' expr:id='data:widget.instanceId + &quot;_backlinks-create-link&quot;' target='_blank'><data:post.createLinkLabel/></a>
  </p>
</b:includable>
<b:includable id='comment_count_picker' var='post'>
  <b:if cond='data:post.forceIframeComments'>
    <span class='cmt_count_iframe_holder' expr:data-count='data:post.numComments' expr:data-onclick='data:post.addCommentOnclick' expr:data-url='data:post.canonicalUrl'>
    </span>
  <b:else/>
    <b:if cond='data:post.commentSource == 1'>
      <span class='cmt_count_iframe_holder' expr:data-count='data:post.numComments' expr:data-onclick='data:post.addCommentOnclick' expr:data-url='data:post.canonicalUrl'>
      </span>
    <b:else/>
      <a class='comment-link' expr:href='data:post.addCommentUrl' expr:onclick='data:post.addCommentOnclick'>
        <data:post.commentLabelFull/>:
      </a>
    </b:if>
  </b:if>
</b:includable>
<b:includable id='threaded_comment_js' var='post'>
  <script async='async' expr:src='data:post.commentSrc' type='text/javascript'/>

  <script type='text/javascript'>
    (function() {
      var items = <data:post.commentJso/>;
      var msgs = <data:post.commentMsgs/>;
      var config = <data:post.commentConfig/>;

// <![CDATA[
      var cursor = null;
      if (items && items.length > 0) {
        cursor = parseInt(items[items.length - 1].timestamp) + 1;
      }

      var bodyFromEntry = function(entry) {
        if (entry.gd$extendedProperty) {
          for (var k in entry.gd$extendedProperty) {
            if (entry.gd$extendedProperty[k].name == 'blogger.contentRemoved') {
              return '<span class="deleted-comment">' + entry.content.$t + '</span>';
            }
          }
        }
        return entry.content.$t;
      }

      var parse = function(data) {
        cursor = null;
        var comments = [];
        if (data && data.feed && data.feed.entry) {
          for (var i = 0, entry; entry = data.feed.entry[i]; i++) {
            var comment = {};
            // comment ID, parsed out of the original id format
            var id = /blog-(\d+).post-(\d+)/.exec(entry.id.$t);
            comment.id = id ? id[2] : null;
            comment.body = bodyFromEntry(entry);
            comment.timestamp = Date.parse(entry.published.$t) + '';
            if (entry.author && entry.author.constructor === Array) {
              var auth = entry.author[0];
              if (auth) {
                comment.author = {
                  name: (auth.name ? auth.name.$t : undefined),
                  profileUrl: (auth.uri ? auth.uri.$t : undefined),
                  avatarUrl: (auth.gd$image ? auth.gd$image.src : undefined)
                };
              }
            }
            if (entry.link) {
              if (entry.link[2]) {
                comment.link = comment.permalink = entry.link[2].href;
              }
              if (entry.link[3]) {
                var pid = /.*comments\/default\/(\d+)\?.*/.exec(entry.link[3].href);
                if (pid && pid[1]) {
                  comment.parentId = pid[1];
                }
              }
            }
            comment.deleteclass = 'item-control blog-admin';
            if (entry.gd$extendedProperty) {
              for (var k in entry.gd$extendedProperty) {
                if (entry.gd$extendedProperty[k].name == 'blogger.itemClass') {
                  comment.deleteclass += ' ' + entry.gd$extendedProperty[k].value;
                }
              }
            }
            comments.push(comment);
          }
        }
        return comments;
      };

      var paginator = function(callback) {
        if (hasMore()) {
          var url = config.feed + '?alt=json&v=2&orderby=published&reverse=false&max-results=50';
          if (cursor) {
            url += '&published-min=' + new Date(cursor).toISOString();
          }
          window.bloggercomments = function(data) {
            var parsed = parse(data);
            cursor = parsed.length < 50 ? null
                : parseInt(parsed[parsed.length - 1].timestamp) + 1
            callback(parsed);
            window.bloggercomments = null;
          }
          url += '&callback=bloggercomments';
          var script = document.createElement('script');
          script.type = 'text/javascript';
          script.src = url;
          document.getElementsByTagName('head')[0].appendChild(script);
        }
      };
      var hasMore = function() {
        return !!cursor;
      };
      var getMeta = function(key, comment) {
        if ('iswriter' == key) {
          var matches = !!comment.author
              && comment.author.name == config.authorName
              && comment.author.profileUrl == config.authorUrl;
          return matches ? 'true' : '';
        } else if ('deletelink' == key) {
          return config.baseUri + '/delete-comment.g?blogID='
               + config.blogId + '&postID=' + comment.id;
        } else if ('deleteclass' == key) {
          return comment.deleteclass;
        }
        return '';
      };

      var replybox = null;
      var replyUrlParts = null;
      var replyParent = undefined;

      var onReply = function(commentId, domId) {
        if (replybox == null) {
          // lazily cache replybox, and adjust to suit this style:
          replybox = document.getElementById('comment-editor');
          if (replybox != null) {
            replybox.height = '250px';
            replybox.style.display = 'block';
            replyUrlParts = replybox.src.split('#');
          }
        }
        if (replybox && (commentId !== replyParent)) {
          document.getElementById(domId).insertBefore(replybox, null);
          replybox.src = replyUrlParts[0]
              + (commentId ? '&parentID=' + commentId : '')
              + '#' + replyUrlParts[1];
          replyParent = commentId;
        }
      };

      var hash = (window.location.hash || '#').substring(1);
      var startThread, targetComment;
      if (/^comment-form_/.test(hash)) {
        startThread = hash.substring('comment-form_'.length);
      } else if (/^c[0-9]+$/.test(hash)) {
        targetComment = hash.substring(1);
      }

      // Configure commenting API:
      var configJso = {
        'maxDepth': config.maxThreadDepth
      };
      var provider = {
        'id': config.postId,
        'data': items,
        'loadNext': paginator,
        'hasMore': hasMore,
        'getMeta': getMeta,
        'onReply': onReply,
        'rendered': true,
        'initComment': targetComment,
        'initReplyThread': startThread,
        'config': configJso,
        'messages': msgs
      };

      var render = function() {
        if (window.goog && window.goog.comments) {
          var holder = document.getElementById('comment-holder');
          window.goog.comments.render(holder, provider);
        }
      };

      // render now, or queue to render when library loads:
      if (window.goog && window.goog.comments) {
        render();
      } else {
        window.goog = window.goog || {};
        window.goog.comments = window.goog.comments || {};
        window.goog.comments.loadQueue = window.goog.comments.loadQueue || [];
        window.goog.comments.loadQueue.push(render);
      }
    })();
// ]]>
  </script>
</b:includable>
<b:includable id='post' var='post'>
<div class='wrapfullpost'>
  <div class='post hentry'>
    <a expr:name='data:post.id'/>

<div class='post_wrapper'>
<div class='post_wrapper2'>
 <b:if cond='data:post.title'>
      <h2 class='post-title entry-title'>
     <b:if cond='data:post.link'>
       <a expr:href='data:post.link'><data:post.title/></a>
     <b:else/>
        <b:if cond='data:post.url'>
          <a expr:href='data:post.url'><data:post.title/></a>
        <b:else/>
          <data:post.title/>
        </b:if>
     </b:if>
      </h2>
    </b:if>


	
    	


    <div class='post-header-line-1'/>
	
<b:if cond='data:blog.pageType != &quot;static_page&quot;'>
<div class='headline_meta'>
<span class='thetime'>  <data:post.timestamp/> </span>
<span class='theauthor'>By<a href='http://www.mybloggerlab.com/2012/05/some-thing-about-author-syed-faizan-ali.html' rel='author'> <data:post.author/></a> </span> 
<span class='thecategories'>  <b:if cond='data:post.labels'>
         <b:loop values='data:post.labels' var='label'>
            <a expr:href='data:label.url' rel='tag'><data:label.name/></a><b:if cond='data:label.isLast != &quot;true&quot;'>,</b:if>
          </b:loop>

<span class='thecomments'><b:if cond='data:post.allowComments'><a expr:href='data:post.addCommentUrl' expr:onclick='data:post.addCommentOnclick'><b:if cond='data:post.numComments == 0'>No comments</b:if><b:if cond='data:post.numComments == 1'>1 comment</b:if><b:if cond='data:post.numComments &gt;= 2'><data:post.numComments/> comments</b:if></a></b:if></span>
          
        </b:if> </span>
</div>
</b:if>


<style>
.thetime {
background: url(http://themes.themegoods.com/apollo_wp/wp-content/themes/apollo/images/clock.png) 0 0px no-repeat;
padding: 0px 15px 0 20px;
margin-left:5px;
}

.theauthor {
background: url(http://themes.themegoods.com/apollo_wp/wp-content/themes/apollo/images/author.png) 0 0px no-repeat;
padding: 0px 15px 0 20px;
margin-left:-10px;
}

.thecomments {
background: url(http://themes.themegoods.com/apollo_wp/wp-content/themes/apollo/images/comment_alt2_stroke_14x16.png) 0 0px no-repeat;
padding: 0px 15px 0 20px;
margin-left:10px;
}

.thecategories {
background: url(http://2.bp.blogspot.com/-T71325TMiXc/UMUO4yVcUxI/AAAAAAAAJUA/fyhsloqigIs/s1600/Label.png) 0 0px no-repeat;
padding: 0px 15px 0 20px;
margin-left:-10px;
}



.headline_meta {
color: #999;
padding: 1px 0 15px;
margin: 0 0 5px 0;
border-bottom: 1px #EEE dashed;
overflow: hidden;
font-size:12px;
}

</style>
<b:if cond='data:blog.pageType != &quot;static_page&quot;'>
<b:if cond='data:blog.pageType != &quot;item&quot;'>
<style>
.post_wrapper
{
text-align: justify;
height: 350px;
margin-top:30px;
margin-left:-10px;
border: 2px solid #ddd;
background: #fff;
border-top: 5px solid #2C2F32;
-webkit-box-shadow: 0 1px 0 #D2D2D3, 0 1px 3px rgba(0, 0, 0, .2);
-moz-box-shadow: 0 1px 0 #d2d2d3, 0 1px 3px rgba(0,0,0,.2);
-o-box-shadow: 0 1px 0 #d2d2d3, 0 1px 3px rgba(0,0,0,.2);
box-shadow: 0 1px 0 #D2D2D3, 0 1px 3px rgba(0, 0, 0, .2);
}
.post_wrapper2
{
width:580px;
margin: 15px;
}
</style>
</b:if></b:if>

<b:if cond='data:blog.pageType == &quot;static_page&quot;'>
<style>
.post_wrapper
{
text-align: justify;
 height: 100%;
margin-top:30px;
margin-left:-10px;
border: 2px solid #ddd;
background: #fff;
border-top: 5px solid #2C2F32;
-webkit-box-shadow: 0 1px 0 #D2D2D3, 0 1px 3px rgba(0, 0, 0, .2);
-moz-box-shadow: 0 1px 0 #d2d2d3, 0 1px 3px rgba(0,0,0,.2);
-o-box-shadow: 0 1px 0 #d2d2d3, 0 1px 3px rgba(0,0,0,.2);
box-shadow: 0 1px 0 #D2D2D3, 0 1px 3px rgba(0, 0, 0, .2);
}
.post_wrapper2
{
width:580px;
margin: 15px;

}
</style>
</b:if>

<b:if cond='data:blog.pageType == &quot;item&quot;'>
<style>
.post_wrapper
{
text-align: justify;
 height: 100%;
margin-top:30px;
margin-left:-10px;
border: 2px solid #ddd;
background: #fff;
border-top: 5px solid #2C2F32;
-webkit-box-shadow: 0 1px 0 #D2D2D3, 0 1px 3px rgba(0, 0, 0, .2);
-moz-box-shadow: 0 1px 0 #d2d2d3, 0 1px 3px rgba(0,0,0,.2);
-o-box-shadow: 0 1px 0 #d2d2d3, 0 1px 3px rgba(0,0,0,.2);
box-shadow: 0 1px 0 #D2D2D3, 0 1px 3px rgba(0, 0, 0, .2);
}
.post_wrapper2
{
width:580px;
margin: 15px;
}
</style></b:if>

<b:if cond='data:blog.pageType == &quot;item&quot;'>

<!--Google Adsense Ad Code (Below Post Title)-->

</b:if>

<p>
<b:if cond='data:blog.pageType != &quot;static_page&quot;'>
<b:if cond='data:blog.pageType != &quot;item&quot;'>
<div expr:id='&quot;summary&quot; + data:post.id'><data:post.body/></div>
<script type='text/javascript'>createSummaryAndThumb(&quot;summary<data:post.id/>&quot;);</script>
</b:if>
</b:if>
<b:if cond='data:blog.pageType == &quot;item&quot;'><data:post.body/></b:if>

<b:if cond='data:blog.pageType == &quot;static_page&quot;'><data:post.body/></b:if></p>

<b:if cond='data:blog.pageType != &quot;static_page&quot;'>
<b:if cond='data:blog.pageType != &quot;item&quot;'>
<div class='readmore'>
<a expr:href='data:post.url'>Read more &#8594;</a>
</div>
</b:if>
</b:if>


<b:if cond='data:blog.pageType == &quot;item&quot;'>

<!--Google Adsense Ad Code (At the End of Posts)-->

</b:if>



   </div>      </div><div style='clear: both;'/> <!-- clear for photos floats -->



    <b:if cond='data:post.hasJumpLink'>
      <div class='jump-link'>
        <a expr:href='data:post.url + &quot;#more&quot;'><data:post.jumpText/></a>  
      </div>
    </b:if>
    
    <div class='post-footer'>

<div class='post-footer-line post-footer-line-'/>
<div class='post-footer-line post-footer-line-2'/>
<div class='post-footer-line post-footer-line-3'>

<!-- Feature added by BTemplates.com -->
	<b:include data='post' name='postQuickEdit'/>
</div></div>
</div>
</div>

<b:if cond='data:blog.pageType == &quot;item&quot;'>
<!-- navigation -->
<b:include name='nextprev'/>
</b:if>

</b:includable>
<b:includable id='mobile-main' var='top'>
    <!-- posts -->
    <div class='blog-posts hfeed'>
<b:if cond='data:blog.homepageUrl == data:blog.url'>
<!-- No breadcrumb on home page -->
<b:else/>
<b:if cond='data:blog.pageType == &quot;item&quot;'>
<!-- breadcrumb for the post page -->
<ul id='breadcrumbs-mbl'>
<li><a expr:href='data:blog.homepageUrl' rel='tag'>Home</a></li>
<b:loop values='data:posts' var='post'>
<b:if cond='data:post.labels'>
<b:loop values='data:post.labels' var='label'>
<b:if cond='data:label.isLast == &quot;true&quot;'>
<li><a expr:href='data:label.url' rel='tag'><data:label.name/></a></li>
</b:if>
</b:loop>
<b:else/>
</b:if><li><a class='current'><data:post.title/></a></li>
</b:loop>
</ul>
<b:else/>
</b:if></b:if>
      <b:include data='top' name='status-message'/>

      <b:if cond='data:blog.pageType == &quot;index&quot;'>
        <b:loop values='data:posts' var='post'>
          <b:include data='post' name='mobile-index-post'/>
        </b:loop>
      <b:else/>
        <b:loop values='data:posts' var='post'>
          <b:include data='post' name='mobile-post'/>
        </b:loop>
      </b:if>
    </div>

   <b:include name='mobile-nextprev'/>
</b:includable>
<b:includable id='comment_picker' var='post'>
  <b:if cond='data:post.forceIframeComments'>
    <b:include data='post' name='iframe_comments'/>
    <b:if cond='data:post.showThreadedComments'>
      <b:include data='post' name='threaded_comments'/>
    <b:else/>
      <b:include data='post' name='comments'/>
    </b:if>
  <b:else/>
    <b:if cond='data:post.commentSource == 1'>
      <b:include data='post' name='iframe_comments'/>
    <b:else/>
      <b:if cond='data:post.showThreadedComments'>
        <b:include data='post' name='threaded_comments'/>
      <b:else/>
        <b:include data='post' name='comments'/>
      </b:if>
    </b:if>
  </b:if>
</b:includable>
<b:includable id='status-message'>
  <b:if cond='data:navMessage'>
  <div class='status-msg-wrap'>
    <div class='status-msg-body'>
      <data:navMessage/>
    </div>
    <div class='status-msg-border'>
      <div class='status-msg-bg'>
        <div class='status-msg-hidden'><data:navMessage/></div>
      </div>
    </div>
  </div>
  <div style='clear: both;'/>
  </b:if>
</b:includable>
<b:includable id='comment-form' var='post'>
  <div class='comment-form'>
    <a name='comment-form'/>
    <b:if cond='data:mobile'>
      <h4 id='comment-post-message'>
        <a expr:id='data:widget.instanceId + &quot;_comment-editor-toggle-link&quot;' href='javascript:void(0)'><data:postCommentMsg/></a></h4>
      <p><data:blogCommentMessage/></p>
      <data:blogTeamBlogMessage/>
      <a expr:href='data:post.commentFormIframeSrc' id='comment-editor-src'/>
      <iframe allowtransparency='true' class='blogger-iframe-colorize blogger-comment-from-post' frameborder='0' height='410' id='comment-editor' name='comment-editor' src='' style='display: none' width='100%'/>
    <b:else/>
      <h4 id='comment-post-message'><data:postCommentMsg/></h4>
      <p><data:blogCommentMessage/></p>
      <data:blogTeamBlogMessage/>
      <a expr:href='data:post.commentFormIframeSrc' id='comment-editor-src'/>
      <iframe allowtransparency='true' class='blogger-iframe-colorize blogger-comment-from-post' frameborder='0' height='410' id='comment-editor' name='comment-editor' src='' width='100%'/>
    </b:if>
    <data:post.friendConnectJs/>
    <data:post.cmtfpIframe/>
    <script type='text/javascript'>
      BLOG_CMT_createIframe(&#39;<data:post.appRpcRelayPath/>&#39;, &#39;<data:post.communityId/>&#39;);
    </script>
  </div>
</b:includable>
<b:includable id='threaded_comments' var='post'>
  <div class='comments' id='comments'>
    <a name='comments'/>
    <h4>
      <b:if cond='data:post.numComments == 1'>
        1 <data:commentLabel/>:
      <b:else/>
        <data:post.numComments/> <data:commentLabelPlural/>:
      </b:if>
    </h4>

    <div class='comments-content'>
      <b:if cond='data:post.embedCommentForm'>
        <b:include data='post' name='threaded_comment_js'/>
      </b:if>
      <div id='comment-holder'>
         <data:post.commentHtml/>
      </div>
    </div>

    <p class='comment-footer'>
      <b:if cond='data:post.allowNewComments'>
        <b:include data='post' name='threaded-comment-form'/>
      <b:else/>
        <data:post.noNewCommentsText/>
      </b:if>
    </p>

    <b:if cond='data:showCmtPopup'>
      <div id='comment-popup'>
        <iframe allowtransparency='true' frameborder='0' id='comment-actions' name='comment-actions' scrolling='no'>
        </iframe>
      </div>
    </b:if>

    <div id='backlinks-container'>
    <div expr:id='data:widget.instanceId + &quot;_backlinks-container&quot;'>
       <b:if cond='data:post.showBacklinks'>
         <b:include data='post' name='backlinks'/>
       </b:if>
    </div>
    </div>
  </div>
</b:includable>
<b:includable id='backlinkDeleteIcon' var='backlink'>
  <span expr:class='&quot;item-control &quot; + data:backlink.adminClass'>
    <a expr:href='data:backlink.deleteUrl' expr:title='data:top.deleteBacklinkMsg'>
      <img src='//www.blogger.com/img/icon_delete13.gif'/>
    </a>
  </span>
</b:includable>
<b:includable id='mobile-nextprev'>
  <div class='blog-pager' id='blog-pager'>
    <b:if cond='data:newerPageUrl'>
      <div class='mobile-link-button' id='blog-pager-newer-link'>
      <a class='blog-pager-newer-link' expr:href='data:newerPageUrl' expr:id='data:widget.instanceId + &quot;_blog-pager-newer-link&quot;' expr:title='data:newerPageTitle'>&amp;lsaquo;</a>
      </div>
    </b:if>

    <b:if cond='data:olderPageUrl'>
      <div class='mobile-link-button' id='blog-pager-older-link'>
      <a class='blog-pager-older-link' expr:href='data:olderPageUrl' expr:id='data:widget.instanceId + &quot;_blog-pager-older-link&quot;' expr:title='data:olderPageTitle'>&amp;rsaquo;</a>
      </div>
    </b:if>

    <div class='mobile-link-button' id='blog-pager-home-link'>
    <a class='home-link' expr:href='data:blog.homepageUrl'><data:homeMsg/></a>
    </div>

    <div class='mobile-desktop-link'>
      <a class='home-link' expr:href='data:desktopLinkUrl'><data:desktopLinkMsg/></a>
    </div>

  </div>
  <div class='clear'/>
</b:includable>
<b:includable id='mobile-post' var='post'>
  <div class='date-outer'>
    <b:if cond='data:post.dateHeader'>
      <h2 class='date-header'><span><data:post.dateHeader/></span></h2>
    </b:if>
    <div class='date-posts'>
      <div class='post-outer'>

        <div class='post hentry uncustomized-post-template'>
          <a expr:name='data:post.id'/>
          <b:if cond='data:post.title'>
            <h3 class='post-title entry-title'>
              <b:if cond='data:post.link'>
                <a expr:href='data:post.link'><data:post.title/></a>
              <b:else/>
                <b:if cond='data:post.url'>
                  <b:if cond='data:blog.url != data:post.url'>
                    <a expr:href='data:post.url'><data:post.title/></a>
                  <b:else/>
                    <data:post.title/>
                  </b:if>
                <b:else/>
                  <data:post.title/>
                </b:if>
              </b:if>
            </h3>
          </b:if>

          <div class='post-header'>
            <div class='post-header-line-1'/>
          </div>

          <div class='post-body entry-content' expr:id='&quot;post-body-&quot; + data:post.id'>
            <data:post.body/>
            <div style='clear: both;'/> <!-- clear for photos floats -->
          </div>

          <div class='post-footer'>
            <div class='post-footer-line post-footer-line-1'>
              <span class='post-author vcard'>
                <b:if cond='data:top.showAuthor'>
                  <b:if cond='data:post.authorProfileUrl'>
                    <span class='fn'>
                      <a expr:href='data:post.authorProfileUrl' rel='author' title='author profile'>
                        <data:post.author/>
                      </a>
                    </span>
                  <b:else/>
                    <span class='fn'><data:post.author/></span>
                  </b:if>
                </b:if>
              </span>

              <span class='post-timestamp'>
                <b:if cond='data:top.showTimestamp'>
                  <data:top.timestampLabel/>
                  <b:if cond='data:post.url'>
                    <a class='timestamp-link' expr:href='data:post.url' rel='bookmark' title='permanent link'><abbr class='published' expr:title='data:post.timestampISO8601'><data:post.timestamp/></abbr></a>
                  </b:if>
                </b:if>
              </span>

              <span class='post-comment-link'>
                <b:if cond='data:blog.pageType != &quot;item&quot;'>
                  <b:if cond='data:blog.pageType != &quot;static_page&quot;'>
                    <b:if cond='data:post.allowComments'>
                      <a class='comment-link' expr:href='data:post.addCommentUrl' expr:onclick='data:post.addCommentOnclick'><b:if cond='data:post.numComments == 1'>1 <data:top.commentLabel/><b:else/><data:post.numComments/> <data:top.commentLabelPlural/></b:if></a>
                    </b:if>
                  </b:if>
                </b:if>
              </span>
            </div>

            <div class='post-footer-line post-footer-line-2'>
              <b:if cond='data:top.showMobileShare'>
                <div class='mobile-link-button goog-inline-block' id='mobile-share-button'>
                  <a href='javascript:void(0);'><data:shareMsg/></a>
                </div>
              </b:if>
              <b:if cond='data:top.showDummy'>
                <div class='goog-inline-block dummy-container'><data:post.dummyTag/></div>
              </b:if>
            </div>

          </div>
        </div>

        <b:if cond='data:blog.pageType == &quot;static_page&quot;'>
          <b:if cond='data:post.showThreadedComments'>
            <b:include data='post' name='threaded_comments'/>
          <b:else/>
            <b:include data='post' name='comments'/>
          </b:if>
        </b:if>
        <b:if cond='data:blog.pageType == &quot;item&quot;'>
          <b:if cond='data:post.showThreadedComments'>
            <b:include data='post' name='threaded_comments'/>
          <b:else/>
            <b:include data='post' name='comments'/>
          </b:if>
        </b:if>
      </div>
    </div>
  </div>
</b:includable>
<b:includable id='postQuickEdit' var='post'>
  <b:if cond='data:post.editUrl'>
    <span expr:class='&quot;item-control &quot; + data:post.adminClass'>
      <a expr:href='data:post.editUrl' expr:title='data:top.editPostMsg'>
        <img alt='' class='icon-action' height='18' src='http://img2.blogblog.com/img/icon18_edit_allbkg.gif' width='18'/>
      </a>
    </span>
  </b:if>
</b:includable>
<b:includable id='main' var='top'>
  <b:if cond='data:mobile == &quot;false&quot;'>

    <!-- posts -->
    <div class='blog-posts hfeed'>

      <b:include data='top' name='status-message'/>

      <data:defaultAdStart/>
      <b:loop values='data:posts' var='post'>
        <b:if cond='data:post.isDateStart'>
          <b:if cond='data:post.isFirstPost == &quot;false&quot;'>
            &lt;/div&gt;&lt;/div&gt;
          </b:if>
        </b:if>
        <b:if cond='data:post.isDateStart'>
          &lt;div class=&quot;date-outer&quot;&gt;
        </b:if>
        <b:if cond='data:post.dateHeader'>
          <h2 class='date-header'><span><data:post.dateHeader/></span></h2>
        </b:if>
        <b:if cond='data:post.isDateStart'>
          &lt;div class=&quot;date-posts&quot;&gt;
        </b:if>
        <div class='post-outer'>
        <b:include data='post' name='post'/>
        <b:if cond='data:blog.pageType == &quot;static_page&quot;'>
          <b:if cond='data:post.showThreadedComments'>
            <b:include data='post' name='threaded_comments'/>
          <b:else/>
            <b:include data='post' name='comments'/>
          </b:if>
        </b:if>
        <b:if cond='data:blog.pageType == &quot;item&quot;'>
          <b:if cond='data:post.showThreadedComments'>
            <b:include data='post' name='threaded_comments'/>
          <b:else/>
            <b:include data='post' name='comments'/>
          </b:if>
        </b:if>
        </div>
        <b:if cond='data:post.includeAd'>
          <b:if cond='data:post.isFirstPost'>
            <data:defaultAdEnd/>
          <b:else/>
            <data:adEnd/>
          </b:if>
          <div class='inline-ad'>
            <data:adCode/>
          </div>
          <data:adStart/>
        </b:if>
      </b:loop>
      <b:if cond='data:numPosts != 0'>
        &lt;/div&gt;&lt;/div&gt;
      </b:if>
      <data:adEnd/>
    </div>

<b:if cond='data:blog.pageType != &quot;item&quot;'>
<!-- navigation -->
<b:include name='nextprev'/>
</b:if>

    <!-- feed links -->
    <b:include name='feedLinks'/>

    <b:if cond='data:top.showStars'>
      <script src='//www.google.com/jsapi' type='text/javascript'/>
      <script type='text/javascript'>
        google.load(&quot;annotations&quot;, &quot;1&quot;, {&quot;locale&quot;: &quot;<data:top.languageCode/>&quot;});
        function initialize() {
          google.annotations.setApplicationId(<data:top.blogspotReviews/>);
          google.annotations.createAll();
          google.annotations.fetch();
        }
        google.setOnLoadCallback(initialize);
      </script>
    </b:if>

  <b:else/>
    <b:include name='mobile-main'/>
  </b:if>

  <b:if cond='data:top.showDummy'>
    <data:top.dummyBootstrap/>
  </b:if>

</b:includable>
<b:includable id='commentDeleteIcon' var='comment'>
  <span expr:class='&quot;item-control &quot; + data:comment.adminClass'>
    <b:if cond='data:showCmtPopup'>
      <div class='goog-toggle-button'>
        <div class='goog-inline-block comment-action-icon'/>
      </div>
    <b:else/>
      <a class='comment-delete' expr:href='data:comment.deleteUrl' expr:title='data:top.deleteCommentMsg'>
        <img src='//www.blogger.com/img/icon_delete13.gif'/>
      </a>
    </b:if>
  </span>
</b:includable>
<b:includable id='feedLinks'>
  <b:if cond='data:blog.pageType != &quot;item&quot;'> <!-- Blog feed links -->
    <b:if cond='data:feedLinks'>
      <div class='blog-feeds'>
        <b:include data='feedLinks' name='feedLinksBody'/>
      </div>
    </b:if>

    <b:else/> <!--Post feed links -->
    <div class='post-feeds'>
      <b:loop values='data:posts' var='post'>
        <b:if cond='data:post.allowComments'>
          <b:if cond='data:post.feedLinks'>
            <b:include data='post.feedLinks' name='feedLinksBody'/>
          </b:if>
        </b:if>
      </b:loop>
    </div>
  </b:if>
</b:includable>
<b:includable id='threaded-comment-form' var='post'>
  <div class='comment-form'>
    <a name='comment-form'/>
    <b:if cond='data:mobile'>
      <p><data:blogCommentMessage/></p>
      <data:blogTeamBlogMessage/>
      <a expr:href='data:post.commentFormIframeSrc' id='comment-editor-src'/>
      <iframe allowtransparency='true' class='blogger-iframe-colorize blogger-comment-from-post' frameborder='0' height='410' id='comment-editor' name='comment-editor' src='' style='display: none' width='100%'/>
    <b:else/>
      <p><data:blogCommentMessage/></p>
      <data:blogTeamBlogMessage/>
      <a expr:href='data:post.commentFormIframeSrc' id='comment-editor-src'/>
      <iframe allowtransparency='true' class='blogger-iframe-colorize blogger-comment-from-post' frameborder='0' height='410' id='comment-editor' name='comment-editor' src='' width='100%'/>
    </b:if>
    <data:post.friendConnectJs/>
    <data:post.cmtfpIframe/>
    <script type='text/javascript'>
      BLOG_CMT_createIframe(&#39;<data:post.appRpcRelayPath/>&#39;, &#39;<data:post.communityId/>&#39;);
    </script>
  </div>
</b:includable>
<b:includable id='mobile-index-post' var='post'>
  <div class='mobile-date-outer date-outer'>
    <b:if cond='data:post.dateHeader'>
      <div class='date-header'>
        <span><data:post.dateHeader/></span>
      </div>
    </b:if>

    <div class='mobile-post-outer'>
      <a expr:href='data:post.url'>
        <h3 class='mobile-index-title entry-title'>
          <data:post.title/>
        </h3>

        <div class='mobile-index-arrow'>&amp;rsaquo;</div>

        <div class='mobile-index-contents'>
          <b:if cond='data:post.thumbnailUrl'>
            <div class='mobile-index-thumbnail'>
              <div class='Image'>
                <img expr:src='data:post.thumbnailUrl'/>
              </div>
            </div>
          </b:if>

          <div class='post-body'>
            <b:if cond='data:post.snippet'><data:post.snippet/></b:if>
          </div>
        </div>

        <div style='clear: both;'/>
      </a>

      <div class='mobile-index-comment'>
        <b:if cond='data:blog.pageType != &quot;static_page&quot;'>
          <b:if cond='data:post.allowComments'>
            <b:if cond='data:post.numComments != 0'>
              <a class='comment-link' expr:href='data:post.addCommentUrl' expr:onclick='data:post.addCommentOnclick'><b:if cond='data:post.numComments == 1'>1 <data:top.commentLabel/><b:else/><data:post.numComments/> <data:top.commentLabelPlural/></b:if></a>
            </b:if>
          </b:if>
        </b:if>
      </div>
    </div>
  </div>
</b:includable>
<b:includable id='iframe_comments' var='post'>

  <b:if cond='data:post.allowIframeComments'>
    <script expr:src='data:post.iframeCommentSrc' type='text/javascript'/>
    <div class='cmt_iframe_holder'/>

    <b:if cond='data:post.embedCommentForm == &quot;false&quot;'>
      <a expr:href='data:post.addCommentUrl' expr:onclick='data:post.addCommentOnclick'><data:postCommentMsg/></a>
    </b:if>
  </b:if>
</b:includable>
<b:includable id='feedLinksBody' var='links'>
</b:includable>
<b:includable id='comments' var='post'>
  <div class='comments' id='comments'>
    <a name='comments'/>
    <b:if cond='data:post.allowComments'>
      <h4>
        <b:if cond='data:post.numComments == 1'>
          1 <data:commentLabel/>:
        <b:else/>
          <data:post.numComments/> <data:commentLabelPlural/>:
        </b:if>
      </h4>

      <b:if cond='data:post.commentPagingRequired'>
        <span class='paging-control-container'>
          <a expr:class='data:post.oldLinkClass' expr:href='data:post.oldestLinkUrl'><data:post.oldestLinkText/></a>
          &#160;
          <a expr:class='data:post.oldLinkClass' expr:href='data:post.olderLinkUrl'><data:post.olderLinkText/></a>
          &#160;
          <data:post.commentRangeText/>
          &#160;
          <a expr:class='data:post.newLinkClass' expr:href='data:post.newerLinkUrl'><data:post.newerLinkText/></a>
          &#160;
          <a expr:class='data:post.newLinkClass' expr:href='data:post.newestLinkUrl'><data:post.newestLinkText/></a>
        </span>
      </b:if>

      <div expr:id='data:widget.instanceId + &quot;_comments-block-wrapper&quot;'>
        <dl expr:class='data:post.avatarIndentClass' id='comments-block'>
          <b:loop values='data:post.comments' var='comment'>
            <dt expr:class='&quot;comment-author &quot; + data:comment.authorClass' expr:id='data:comment.anchorName'>
              <b:if cond='data:comment.favicon'>
                <img expr:src='data:comment.favicon' height='16px' style='margin-bottom:-2px;' width='16px'/>
              </b:if>
              <a expr:name='data:comment.anchorName'/>
              <b:if cond='data:blog.enabledCommentProfileImages'>
                <data:comment.authorAvatarImage/>
              </b:if>
              <b:if cond='data:comment.authorUrl'>
                <a expr:href='data:comment.authorUrl' rel='nofollow'><data:comment.author/></a>
              <b:else/>
                <data:comment.author/>
              </b:if>
              <data:commentPostedByMsg/>
            </dt>
            <dd class='comment-body' expr:id='data:widget.instanceId + data:comment.cmtBodyIdPostfix'>
              <b:if cond='data:comment.isDeleted'>
                <span class='deleted-comment'><data:comment.body/></span>
              <b:else/>
                <p>
                  <data:comment.body/>
                </p>
              </b:if>
            </dd>
            <dd class='comment-footer'>
              <span class='comment-timestamp'>
                <a expr:href='data:comment.url' title='comment permalink'>
                  <data:comment.timestamp/>
                </a>
                <b:include data='comment' name='commentDeleteIcon'/>
              </span>
            </dd>
          </b:loop>
        </dl>
      </div>

      <b:if cond='data:post.commentPagingRequired'>
        <span class='paging-control-container'>
          <a expr:class='data:post.oldLinkClass' expr:href='data:post.oldestLinkUrl'>
            <data:post.oldestLinkText/>
          </a>
          <a expr:class='data:post.oldLinkClass' expr:href='data:post.olderLinkUrl'>
            <data:post.olderLinkText/>
          </a>
          &#160;
          <data:post.commentRangeText/>
          &#160;
          <a expr:class='data:post.newLinkClass' expr:href='data:post.newerLinkUrl'>
            <data:post.newerLinkText/>
          </a>
          <a expr:class='data:post.newLinkClass' expr:href='data:post.newestLinkUrl'>
            <data:post.newestLinkText/>
          </a>
        </span>
      </b:if>

      <p class='comment-footer'>
        <b:if cond='data:post.embedCommentForm'>
          <b:if cond='data:post.allowNewComments'>
            <b:include data='post' name='comment-form'/>
          <b:else/>
            <data:post.noNewCommentsText/>
          </b:if>
        <b:else/>
          <b:if cond='data:post.allowComments'>
            <a expr:href='data:post.addCommentUrl' expr:onclick='data:post.addCommentOnclick'><data:postCommentMsg/></a>
          </b:if>
        </b:if>

      </p>
    </b:if>
    <b:if cond='data:showCmtPopup'>
      <div id='comment-popup'>
        <iframe allowtransparency='true' frameborder='0' id='comment-actions' name='comment-actions' scrolling='no'>
        </iframe>
      </div>
    </b:if>

    <div id='backlinks-container'>
    <div expr:id='data:widget.instanceId + &quot;_backlinks-container&quot;'>
       <b:if cond='data:post.showBacklinks'>
         <b:include data='post' name='backlinks'/>
       </b:if>
    </div>
    </div>
  </div>
</b:includable>
</b:widget>
</b:section>
      </div> 

     <div id='rsidebar-wrapper'>
	<div class='post_wrapper4'>


<b:section class='sidebar' id='sidebartab1' preferred='yes'>
<b:widget id='HTML6' locked='false' title='Follow Us on FaceBook' type='HTML'>
<b:includable id='main'>
  <!-- only display title if it's non-empty -->
  <b:if cond='data:title != &quot;&quot;'>
    <h2 class='title'><data:title/></h2>
  </b:if>
  <div class='widget-content'>
    <data:content/>
  </div>

  <b:include name='quickedit'/>
</b:includable>
</b:widget>
<b:widget id='HTML2' locked='false' title='Advertisement' type='HTML'>
<b:includable id='main'>
  <!-- only display title if it's non-empty -->
  <b:if cond='data:title != &quot;&quot;'>
    <h2 class='title'><data:title/></h2>
  </b:if>
  <div class='widget-content'>
    <data:content/>
  </div>

  <b:include name='quickedit'/>
</b:includable>
</b:widget>
<b:widget id='Navbar1' locked='true' title='Navbar' type='Navbar'>
<b:includable id='main'>&lt;script type=&quot;text/javascript&quot;&gt;
    function setAttributeOnload(object, attribute, val) {
      if(window.addEventListener) {
        window.addEventListener(&#39;load&#39;,
          function(){ object[attribute] = val; }, false);
      } else {
        window.attachEvent(&#39;onload&#39;, function(){ object[attribute] = val; });
      }
    }
  &lt;/script&gt;
&lt;div id=&quot;navbar-iframe-container&quot;&gt;&lt;/div&gt;
&lt;script type=&quot;text/javascript&quot; src=&quot;https://apis.google.com/js/plusone.js&quot;&gt;&lt;/script&gt;
&lt;script type=&quot;text/javascript&quot;&gt;
        gapi.load(&quot;iframes-styles-bubble&quot;, function() {
          if (window.iframes &amp;&amp; iframes.open) {
            iframes.open(
                &#39;//www.blogger.com/navbar.g?targetBlogID\075484054520354164538\46blogName\75MBL+Apollo\46publishMode\75PUBLISH_MODE_BLOGSPOT\46navbarType\75LIGHT\46layoutType\75LAYOUTS\46searchRoot\75http://testingreturnsmbl.blogspot.com/search\46blogLocale\75en\46v\0752\46homepageUrl\75http://testingreturnsmbl.blogspot.com/\46vt\0751575329172110558434&#39;,
                {
                  container: &quot;navbar-iframe-container&quot;,
                  id: &quot;navbar-iframe&quot;
                },
                {
                });
          }
        });
      &lt;/script&gt;&lt;script type=&quot;text/javascript&quot;&gt;
(function() {
var script = document.createElement(&#39;script&#39;);
script.type = &#39;text/javascript&#39;;
script.src = &#39;//pagead2.googlesyndication.com/pagead/js/google_top_exp.js&#39;;
var head = document.getElementsByTagName(&#39;head&#39;)[0];
if (head) {
head.appendChild(script);
}})();
&lt;/script&gt;
</b:includable>
</b:widget>
<b:widget id='Followers1' locked='false' title='Followers' type='Followers'>
<b:includable id='main'>
  <b:if cond='data:title != &quot;&quot;'>
    <b:if cond='data:codeSnippet != &quot;&quot;'>
      <h2 class='title'><data:title/></h2>
    <b:else/>
      <b:if cond='data:totalFollowerCount != &quot;&quot;'>
        <h2 class='title'><data:title/> (<data:totalFollowerCount/>)</h2>
      </b:if>
    </b:if>  
  </b:if>
  <div class='widget-content'>
    <div expr:id='data:widget.instanceId + &quot;-wrapper&quot;'>
      <b:if cond='data:codeSnippet != &quot;&quot;'>
        <div style='margin-right:2px;'>
          <data:codeSnippet/>
        </div>
      <b:else/>
        <b:if cond='data:totalFollowerCount == &quot;&quot;'>
          <span class='item-control following-not-admin'>
            <b><data:failureSnippet/></b>
          </span>
          <span class='item-control blog-admin'>
            <b><data:adminFailureSnippet/></b>
          </span>
        <b:else/>
          <b:if cond='data:followingLinkPresent'>
            <div class='follow-this profile-link item-control following-follow-this'>
              <a expr:href='&quot;javascript:_FollowersView._openPopup(\&quot;&quot; + data:followUri + &quot;\&quot;);&quot;'>
                <data:followThisMessage/>
              </a>
            </div>
            <div class='follow-this profile-link item-control following-stop-following-this'>
              <a expr:href='&quot;javascript:_FollowersView._openPopup(\&quot;&quot; + data:followUri + &quot;\&quot;);&quot;'>
                <data:stopFollowingMessage/>
              </a>
            </div>
          </b:if>
  
          <div class='followers-grid'>
            <b:if cond='data:totalFollowerCount == 0'>
              <div class='profile-link item-control following-follow-this'>
                <data:emptyFollowersMessage/>
              </div>
            </b:if>
            <!--
            Relies on the js written out in navbar.gxp
            -->
            <b:loop values='data:followers' var='follower'>
              <div class='follower'>
                <a expr:href='data:follower.profileUrl' expr:title='data:follower.displayName' rel='nofollow'>
                <img class='follower-img' expr:alt='data:follower.displayName' expr:height='data:follower.imageHeight' expr:onerror='&quot;this.onerror=null;this.src=\&quot;&quot; + data:anonFollowerImageUrl + &quot;\&quot;;&quot;' expr:onload='&quot;setAttributeOnload(this, \&quot;src\&quot;, \&quot;&quot; + data:follower.imageUrl + &quot;\&quot;)&quot;' expr:width='data:follower.imageWidth' src='http://img1.blogblog.com/img/blank.gif'/>
                </a>
              </div>
            </b:loop>
            <div class='clear'/>
          </div>
  
          <div class='followers-canvas profile-link'>
            <data:followersFooterMessage/>
            <span class='item-control following-not-admin'>
              <a expr:href='data:followersUri'>
                <data:viewAllMessage/>
              </a>
            </span>
            <span class='item-control blog-admin'>
              <a expr:href='data:manageFollowersUri'>
                <data:manageFollowersMessage/>
              </a>
            </span>
          </div>
          </b:if>
      </b:if>
    </div>
    <b:include name='quickedit'/>
  </div>
</b:includable>
</b:widget>
<b:widget id='Profile1' locked='false' title='About Me' type='Profile'>
<b:includable id='main'>
    <b:if cond='data:title != &quot;&quot;'>
      <h2><data:title/></h2>
    </b:if>
    <div class='widget-content'>
    <b:if cond='data:team == &quot;true&quot;'> <!-- team blog profile -->
      <ul>
        <b:loop values='data:authors' var='i'>
          <li><a class='profile-name-link' expr:href='data:i.userUrl' expr:style='&quot;background-image: url(&quot; + data:i.profileLogo + &quot;);&quot;'><data:i.display-name/></a></li>
        </b:loop>
      </ul>

    <b:else/> <!-- normal blog profile -->

      <b:if cond='data:photo.url != &quot;&quot;'>
        <a expr:href='data:userUrl'><img class='profile-img' expr:alt='data:photo.alt' expr:height='data:photo.height' expr:src='data:photo.url' expr:width='data:photo.width'/></a>
      </b:if>

      <dl class='profile-datablock'>
        <dt class='profile-data'>
          <a class='profile-name-link' expr:href='data:userUrl' expr:style='&quot;background-image: url(&quot; + data:profileLogo + &quot;);&quot;' rel='author'>
            <data:displayname/>
          </a>
        </dt>

        <b:if cond='data:showlocation == &quot;true&quot;'>
          <dd class='profile-data'><data:location/></dd>
        </b:if>

        <b:if cond='data:aboutme != &quot;&quot;'><dd class='profile-textblock'><data:aboutme/></dd></b:if>
      </dl>
      <a class='profile-link' expr:href='data:userUrl' rel='author'><data:viewProfileMsg/></a>
    </b:if>

     <b:include name='quickedit'/>
    </div>
  </b:includable>
</b:widget>
<b:widget id='Attribution1' locked='true' title='' type='Attribution'>
<b:includable id='main'>
    <b:if cond='data:feedbackSurveyLink'>
      <div class='mobile-survey-link' style='text-align: center;'>
        <data:feedbackSurveyLink/>
      </div>
    </b:if>

    <div class='widget-content' style='text-align: center;'>
      <b:if cond='data:attribution != &quot;&quot;'>
       <data:attribution/>
      </b:if>
    </div>

    <b:include name='quickedit'/>
  </b:includable>
</b:widget>
<b:widget id='BlogArchive1' locked='false' title='Blog Archive' type='BlogArchive'>
<b:includable id='main'>
  <b:if cond='data:title'>
    <h2><data:title/></h2>
  </b:if>
  <div class='widget-content'>
  <div id='ArchiveList'>
  <div expr:id='data:widget.instanceId + &quot;_ArchiveList&quot;'>
    <b:if cond='data:style == &quot;HIERARCHY&quot;'>
     <b:include data='data' name='interval'/>
    </b:if>
    <b:if cond='data:style == &quot;FLAT&quot;'>
      <b:include data='data' name='flat'/>
    </b:if>
    <b:if cond='data:style == &quot;MENU&quot;'>
      <b:include data='data' name='menu'/>
    </b:if>
  </div>
  </div>
  <b:include name='quickedit'/>
  </div>
</b:includable>
<b:includable id='flat' var='data'>
  <ul class='flat'>
    <b:loop values='data:data' var='i'>
      <li class='archivedate'>
        <a expr:href='data:i.url'><data:i.name/></a> (<data:i.post-count/>)
      </li>
    </b:loop>
  </ul>
</b:includable>
<b:includable id='menu' var='data'>
  <select expr:id='data:widget.instanceId + &quot;_ArchiveMenu&quot;'>
    <option value=''><data:title/></option>
    <b:loop values='data:data' var='i'>
      <option expr:value='data:i.url'><data:i.name/> (<data:i.post-count/>)</option>
    </b:loop>
  </select>
</b:includable>
<b:includable id='interval' var='intervalData'>
  <b:loop values='data:intervalData' var='i'>
      <ul class='hierarchy'>
        <li expr:class='&quot;archivedate &quot; + data:i.expclass'>
          <b:include data='i' name='toggle'/>
          <a class='post-count-link' expr:href='data:i.url'><data:i.name/></a>
            <span class='post-count' dir='ltr'>(<data:i.post-count/>)</span>
          <b:if cond='data:i.data'>
            <b:include data='i.data' name='interval'/>
          </b:if>
          <b:if cond='data:i.posts'>
            <b:include data='i.posts' name='posts'/>
          </b:if>
        </li>
      </ul>
  </b:loop>
</b:includable>
<b:includable id='toggle' var='interval'>
  <b:if cond='data:interval.toggleId'>
  <b:if cond='data:interval.expclass == &quot;expanded&quot;'>
    <a class='toggle' href='javascript:void(0)'>
      <span class='zippy toggle-open'>&#9660;&#160;</span>
    </a>
  <b:else/>
    <a class='toggle' href='javascript:void(0)'>
      <span class='zippy'>
        <b:if cond='data:blog.languageDirection == &quot;rtl&quot;'>
          &#9668;&#160;
        <b:else/>
          &#9658;&#160;
        </b:if>
      </span>
    </a>
  </b:if>
 </b:if>
</b:includable>
<b:includable id='posts' var='posts'>
  <ul class='posts'>
    <b:loop values='data:posts' var='i'>
      <li><a expr:href='data:i.url'><data:i.title/></a></li>
    </b:loop>
  </ul>
</b:includable>
</b:widget>
</b:section>       </div>	                                
							

<div style='height:5px;clear:both;'/>
     
<p/>

      <!-- spacer for skins that want sidebar and main to be the same height-->
      <div class='clear'>&#160;</div>

     <!-- end content-wrapper --></div></div> 
	
<div style='clear:both;'/>
<div id='footer-widgets-container'>
<div class='clearfix' id='footer-widgets'>

<div class='footer-widget-box'>
<ul class='widget-container'>
<li>
<b:section class='footersec' id='footersec1' showaddelement='yes'>
<b:widget id='HTML4' locked='false' title='Trendy LIST' type='HTML'>
<b:includable id='main'>
  <!-- only display title if it's non-empty -->
  <b:if cond='data:title != &quot;&quot;'>
    <h2 class='title'><data:title/></h2>
  </b:if>
  <div class='widget-content'>
    <data:content/>
  </div>

  <b:include name='quickedit'/>
</b:includable>
</b:widget>
</b:section>
</li>
</ul>
</div>

<div class='footer-widget-box'>
<ul class='widget-container'>
<li>
<b:section class='footersec' id='footersec2' showaddelement='yes'>
<b:widget id='HTML5' locked='false' title='Photo in News' type='HTML'>
<b:includable id='main'>
  <!-- only display title if it's non-empty -->
  <b:if cond='data:title != &quot;&quot;'>
    <h2 class='title'><data:title/></h2>
  </b:if>
  <div class='widget-content'>
    <data:content/>
  </div>

  <b:include name='quickedit'/>
</b:includable>
</b:widget>
</b:section>
</li>
</ul>
</div>


<div class='footer-widget-box'>
<ul class='widget-container'>
<li>
<b:section class='footersec' id='footersec11' showaddelement='yes'>
<b:widget id='HTML1' locked='false' title='About US' type='HTML'>
<b:includable id='main'>
  <!-- only display title if it's non-empty -->
  <b:if cond='data:title != &quot;&quot;'>
    <h2 class='title'><data:title/></h2>
  </b:if>
  <div class='widget-content'>
    <data:content/>
  </div>

  <b:include name='quickedit'/>
</b:includable>
</b:widget>
</b:section>
</li>
</ul>
</div>

<div class='footer-widget-box footer-widget-box-last'>
<ul class='widget-container'>
<li>
<b:section class='footersec' id='footersec3' showaddelement='yes'/>
</li>
</ul>
</div>

</div>
</div>
<div style='clear:both;'/>
<div id='copyright'>
			<div class='standard_wrapper wide'>
				<div id='copyright_left'>
			<a expr:href='data:blog.homepageUrl'><data:blog.title/></a> &#169; 2012  Designed by <a href='http://www.templateism.com' id='mycontent'>Templateism</a></div>
			<div class='social_wrapper'>
			  <ul>
         <li><a href='http://facebook.com/fosterzone' target='_blank'><img alt='' src='http://4.bp.blogspot.com/-xodteBnLv_o/UMt2MhUxNTI/AAAAAAAAJkI/OaeijLxpGbM/s1600/facebook.png'/></a></li>

	<li><a href='http://twitter.com/mybloggerlab' target='_blank'><img alt='' src='http://3.bp.blogspot.com/-y2QGcmB-W8c/UMt2N7nGwZI/AAAAAAAAJkU/cgiX_vZKuJE/s1600/twitter.png'/></a></li>

	<li><a href='http://flickr.com/people/#' target='_blank' title='Flickr'><img alt='' src='http://1.bp.blogspot.com/-7QcpMgVNe7Q/UMt2Nd0-caI/AAAAAAAAJkM/COoeVsc8u-I/s1600/flickr.png'/></a></li>

	<li><a href='http://vimeo.com/#' target='_blank' title='Vimeo'><img alt='' src='http://3.bp.blogspot.com/-9txEaiKK4tQ/UMt2fH9HZNI/AAAAAAAAJks/OyuUs6Iey70/s1600/vimeo.png'/></a></li>

	<li><a href='http://tumblr.com' target='_blank' title='Tumblr'><img alt='' src='http://2.bp.blogspot.com/-T-gXdBaWDP8/UMt2eKpPnKI/AAAAAAAAJkk/DGb0SWy084Q/s1600/tumblr.png'/></a></li>

	<li><a href='https://plus.google.com/106374439082237286396/' target='_blank' title='Google+'><img alt='' src='http://1.bp.blogspot.com/-35AQ0H_SNHQ/UMt2dVSPtmI/AAAAAAAAJkg/cV1dPIIQoN4/s1600/google.png'/></a></li>

	<li><a href='http://dribbble.com/#' target='_blank' title='Dribbble'><img alt='' src='http://3.bp.blogspot.com/-hP7Q0_xIyMs/UMt2wjfkxjI/AAAAAAAAJk8/cdn70uuqA00/s1600/dribbble.png'/></a></li>

	<li><a href='http://digg.com/#' target='_blank' title='Digg'><img alt='' src='http://3.bp.blogspot.com/-GvBd6a5GqxQ/UMt2wFEbISI/AAAAAAAAJk4/ZM5I29YzOHE/s1600/digg.png'/></a></li>

	<li><a href='#' target='_blank' title='Linkedin'><img alt='' src='http://2.bp.blogspot.com/-qu2EsReNPng/UMt3aIQ6sSI/AAAAAAAAJlY/RcCW3BI06o4/s1600/linkedin.png'/></a></li>

	 <li><a href='http://pinterest.com/fosterzone/' target='_blank' title='Pinterest'><img alt='' src='http://3.bp.blogspot.com/-nZJuxAiV91c/UMt2xc-ydNI/AAAAAAAAJlE/y_2cYBzI8-M/s1600/pinterest.png'/></a></li>

	<li><a href='http://feeds.feedburner.com/mybloggerlab' target='_blank'><img alt='' src='http://2.bp.blogspot.com/-kjb4ky538Ss/UMt2yD_43JI/AAAAAAAAJlM/TsonJ3OT0r4/s1600/rss.png'/></a></li>
				    					    </ul>
			</div>
			</div></div>

		<!-- End footer -->
<div style='clear:both;'/>

 <!-- end outer-wrapper -->
</div> 

<style> .clearfix:after{content:&quot;\0020&quot;;display:block;height:0;clear:both;visibility:hidden;overflow:hidden} #container,#header,#main,#main-fullwidth,#footer,.clearfix{display:block} .clear{clear:both} /* Read More----------------------------------------------- */ .readmore { float: left; padding: 10px 12px 10px 15px; background: #1BC4DE; margin-top: 10px; color: white; font-size: 14px; text-transform: uppercase; font-family: &#39;Patua One&#39;; } .readmore:hover, .readmore:active { background: #999999; color: white; } </style> <script src='http://templateism.googlecode.com/files/related-posts.js' type='text/javascript'/> <style> .widget-content { border-bottom:30px solid #2C2F32; margin-left:-12px; padding:10px; width:295px; border-image:url(http://3.bp.blogspot.com/-GrVr5Ew41-g/UMZlkzjII4I/AAAAAAAAJXw/g22Kv8VW8zE/s1600/ada1.png) 30 30 round; -moz-border-image:url(http://3.bp.blogspot.com/-GrVr5Ew41-g/UMZlkzjII4I/AAAAAAAAJXw/g22Kv8VW8zE/s1600/ada1.png) 30 30 round; /* Old Firefox */ -webkit-border-image:url(http://3.bp.blogspot.com/-GrVr5Ew41-g/UMZlkzjII4I/AAAAAAAAJXw/g22Kv8VW8zE/s1600/ada1.png) 30 30 round; /* Safari and Chrome */ -o-border-image:url(http://3.bp.blogspot.com/-GrVr5Ew41-g/UMZlkzjII4I/AAAAAAAAJXw/g22Kv8VW8zE/s1600/ada1.png) 30 30 round; /* Opera */ } .footersec .widget-content { border: 0; width:230px;} .headerright .widget-content { border:0; } </style>
</body>
</html>