<?xml version="1.0" encoding="UTF-8" ?>
<!DOCTYPE html>
<html xmlns='http://www.w3.org/1999/xhtml' xmlns:b='http://www.google.com/2005/gml/b' xmlns:data='http://www.google.com/2005/gml/data' xmlns:expr='http://www.google.com/2005/gml/expr'>
  <head>
    <b:include data='blog' name='all-head-content'/>

    <title>
      <b:if cond='data:blog.pageType == &quot;index&quot;'>
        <data:blog.pageTitle/>
        <b:else/>
        <b:if cond='data:blog.pageType != &quot;error_page&quot;'>
          <data:blog.pageName/> | <data:blog.title/>
          <b:else/>
          Page Not Found | <data:blog.title/> 
        </b:if>
      </b:if>
    </title>
    
   
    <b:if cond='data:blog.pageType == &quot;archive&quot;'>
      <meta content='noindex,noarchive' name='robots'/>
    </b:if>
    <b:if cond='data:blog.metaDescription != &quot;&quot;'>
      <meta expr:content='data:blog.metaDescription' name='description'/>
    </b:if> 
    <meta charset='UTF-8'/>
    <meta content='width=device-width, initial-scale=1, maximum-scale=1' name='viewport'/>
    <link href='http://fonts.googleapis.com/css?family=Roboto:400,300,700' rel='stylesheet' type='text/css'/>
	<link href='https://googledrive.com/host/0BxRWAQDD7jACaFF3Mk01ZGRUaTQ' id='simple-line-icons' rel='stylesheet' type='text/css'/>

&lt;style type=&quot;text/css&quot;&gt;
&lt;!-- /*<b:skin><![CDATA[/*

///////////////////////////////////////////////////////////////

 @Theme Name : Planer Blogger Template
 @Designer : Suryakant sao
 @Author : http://www.templatetrackers.com
  
License:  This free Blogger template is licensed under the Creative Commons Attribution 3.0 License, which permits both personal and commercial use.
However, to satisfy the 'attribution' clause of the license, you are required to keep the footer links intact which provides due credit to its authors. For more specific details about the license, you may visit the URL below:

http://creativecommons.org/licenses/by/3.0/

/////////////////////////////////////////////////////////////////
*/




/*****************************************
reset.css
******************************************/
html, body, div, span, applet, object, iframe,
h1, h2, h3, h4, h5, h6, p, blockquote, pre,
a, abbr, acronym, address, big, cite, code,
del, dfn, em, font, img, ins, kbd, q, s, samp,
small, strike, strong, sub, sup, tt, var,
dl, dt, dd, ol, ul, li,
fieldset, form, label, legend,
table, caption, tbody, tfoot, thead, tr, th, td, figure {    margin: 0;    padding: 0;}
article,aside,details,figcaption,figure,
footer,header,hgroup,menu,nav,section {     display:block;}
table {    border-collapse: separate;    border-spacing: 0;}
caption, th, td {    text-align: left;    font-weight: normal;}
blockquote:before, blockquote:after,
q:before, q:after {    content: "";}
blockquote, q {    quotes: "" "";}
sup{    vertical-align: super;    font-size:smaller;}
code{    font-family: 'Courier New', Courier, monospace;    font-size:12px;    color:#272727;}
::selection {  background: #333;  color: #fff;  }
::-moz-selection {  background: #333;  color: #fff;  }

a img{vertical-align:middle;border: none;}
cite,i{font-style:iatlic}

b,strong,em{font-weight:bold}

p {
line-height: inherit;
margin: 0 0 1em 0;
padding: 0;
font-weight: 300;
}

ol, ul { padding: 10px 0 20px;  margin: 0 0 0 35px;  text-align: left;  }
ol li { list-style-type: decimal;  padding:0 0 5px;  }
ul li { list-style-type: square;  padding: 0 0 5px;  }
ul ul, ol ol { padding: 0; }

h1, h2, h3, h4, h5, h6 { font-weight: normal; }
.post-body h1 { line-height: 48px; font-size: 42px; margin: 10px 0; }
.post-body h2 { font-size: 36px; line-height: 44px; margin: 10px 0; }
.post-body h3 { font-size: 32px; line-height: 40px; margin: 10px 0; }
.post-body h4 { font-size: 28px; line-height: 36px; margin: 10px 0;  }
.post-body h5 { font-size: 24px; line-height: 30px; margin: 10px 0;  }
.post-body h6 { font-size: 18px; line-height: 24px; margin: 10px 0;  }

/*****************************************
Global Links CSS
******************************************/
a{ color: #3d3d3d; outline:none; text-decoration: none; }
a:hover { color: #e74c3c; text-decoration:none; }

body {
font-family: 'Roboto', sans-serif;
font-size: 16px;
line-height: 1.4em;
vertical-align: top;
margin: 0;
font-weight:100;
padding: 0;
word-wrap: break-word;
height: auto;
min-height: 100%;
color: #484D52;
}

.clr { clear:both; float:none; }


/*****************************************
Wrappers
******************************************/
.ct-wrapper {
display: block;
max-width: 1140px;
margin: 0 auto;
padding: 0;
position:relative;
}

.outer-wrapper {

}

.header-wrapper { float: left;  width: 100%;  }

.main-wrapper {
width: 790px;
float: left;
}

#content {
position: relative;
width: auto;
float: left;
padding: 70px 65px 50px 0;
border-right: 1px solid #eee;
}
.sidebar-wrapper {
width: 350px;
float: right;
padding: 50px 0;
background:transparent;
z-index:0;
}

/**** Layout Styling CSS *****/
body#layout .header-wrapper { margin-top: 40px; }
body#layout #header, body#layout .header-right { width: 50%; }
body#layout .outer-wrapper, body#layout .sidebar-wrapper, body#layout .ct-wrapper { margin: 0; padding: 0; }
body#layout div#content {
width: 100%;
float: none;
}
body#layout div.main-wrapper {
width: 70%;
}
body#layout div.sidebar-wrapper {
width: 30%;
}
body#layout div.footer {
width: 33%;
float: left;
}
body#layout,body#layout .ct-wrapper{max-width:800px}

/*
@ Header layout 2

**************************************/
div#header-layout-2 {
width: 100%;
background: #ecf0f1;
border-top: 4px solid #e74c3c;
display: inline-block;
}

div#menu-2 {
display: inline-block;
float: left;
}

ul.menu-2 {
list-style-type: none;
margin: 0;
padding: 0;
line-height: 1.2em;
position: relative;
}
ul.menu-2 > li {
float: left;
display: inline-block;
margin: 4px 0;
position: relative;
padding: 0;
}
ul.menu-2 > li > a {
font-size: 13px;
line-height: 1.3em;
text-transform: none;
position: relative;
display: block;
text-decoration: none;
transition: all 200ms linear;
padding: 5px 15px;
color:#2c3e50;
}

.infa {
float: right;
color: #2c3e50;
position: relative;
transition: background-color 250ms, opacity 250ms;
margin-top: 6px;
margin-bottom: 6px;
font-size: 13px;
}
.clock-date {
margin-left: 15px;
opacity: 0.8;
transition: background-color 250ms, opacity 250ms;
}
.clock-tel {
margin-left: 15px;
opacity: 0.8;
transition: background-color 250ms, opacity 250ms;
}


/*****************************************
Header CSS
******************************************/
#header{ float:left; width: auto; }
#header-inner{ margin: 30px 20px 40px; padding: 0; }
#header h1 { 
font-size: 70px; 
text-transform: capitalize;  
line-height: 50px;  
}

#header h1 a, #header h1 a:hover {  color: #5C6F83;  }

#header p.description{  color: #333;  font-size: 12px;  font-style: italic;  margin: 0 0 0 35px;  padding: 0;  text-transform:capitalize;  }
#header img{max-width: 255px;;   border:0 none; background:none; width:auto; height:auto; margin:0 auto;  }
/***** Header Right CSS *****/
.header-right { float: right; }
.header-right .widget-content { margin-top: 40px; }


/* @Main Menu CSS

******************************************/

.menu-full {
background: #2c3e50;
color: #fff;
width: 100%;
position: relative;
clear: both;
display: table;
}
.div-as-table > div {
display: table-cell;
vertical-align: middle;
}
#menu-select {
position: relative;
display: none;
width: 47px;
height: 47px;
background: url('assets/images/icons/32/glyphs/white/menu.png') center center no-repeat;
background-size: 32px 32px;
cursor: pointer;
opacity: 0.6;
z-index: 2;
}
ul.menu {
display: table;
float: left;
list-style-type: none;
margin: 0;
padding: 0;
line-height: 1.2em;
position: relative;
z-index: 1;
}
ul.menu > li {
float: left;
margin: 0;
padding: 0;
list-style:none;
}
ul.menu > li > a {
font-size: 15px;
text-transform: uppercase;
color: #FFF;
padding: 19.7px;
z-index: 9;
}

#menu-box > nav > ul > li > a:hover {
background: #2ecc71;
}

ul.menu > li.current-menu-item > a, ul.menu > li.current_page_item > a, ul.menu > li.current-menu-ancestor > a, ul.menu > li.current-post-ancestor > a {
background: #2a2a2a;
opacity: 1;
}
ul.menu a {
position: relative;
display: block;
text-decoration: none;
transition: all 200ms linear;
}

ul.menu li:hover ul.sub-menu {
display:block;
top:100%;
height: auto;
opacity: 1;
}


ul.menu ul {
background:#2c3e50;
display:none;
position: absolute;
width: 190px;
line-height: 1.785em;
left: 0;
border-bottom: 5px solid #2c3e50;
padding: 6px 0 0;
margin: 0;
z-index: 10;
opacity: 0;
top:100%;
height: auto;
z-index: 100;
}

ul.menu ul li a {
display: block;
color: #fff;
font-weight: 400;
text-transform: uppercase;
padding: 9px 20px 8px;
}
ul.menu ul li a:hover {
    background: #2ecc71;
    color: #fff;
    font-weight: 400;
}

ul.menu > li > ul > li:first-child > a:before {
position: absolute;
content: "";
width: 0;
height: 0;
border-style: solid;
top: -10px;
left: 20px;
border-width: 0 5px 5px 5px;
border-color: transparent transparent #3D3D3D transparent;
}


ul.menu ul li:first-child {
border-top: 5px solid #2c3e50;
}
ul.menu ul li {
padding: 0 5px;
background: transparent;
}
ul.menu li {
position: relative;
list-style:none;
}
ul.menu ul li:first-child > a {
background-image: none;
}
span.ico-menu-top {
font-family: arial;
background: url(http://3.bp.blogspot.com/-YIrkAc0C9fA/U2pMXhOWCNI/AAAAAAAAF5c/2TSFWB6GSXs/s1600/arrow-superfish-inv.png) no-repeat;
position: absolute;
display: block;
right: 7px;
top: 42%;
width: 10px;
height: 10px;
text-indent: -999em;
overflow: hidden;
opacity: 1;
}

#search-form-header {
position: absolute;
display: none;
float: right;
top: 0;
right: 0;
background: #2ecc71;
overflow: hidden;
z-index: 2;
}
#search-form-header > i {
height: 58px;
font-style: normal;
display: block;
float: right;
width: 54px;
line-height: 58px;
opacity: 1;
cursor: pointer;
transition: all 250ms linear;
text-align: center;
font-size: 28px;
color: #fff;
font-family: 'Simple-Line-Icons';
-webkit-font-smoothing: antialiased;
-moz-osx-font-smoothing: grayscale;
position: static;
}

#search-form-header input {
padding: 0;
margin: 0;
background: transparent;
font-size: 14px;
font-weight: 300;
display: inline-block;
float: left;
width: 0;
outline: none;
line-height: 58px;
opacity: 1;
cursor: pointer;
position: relative;
transition: all 250ms linear;
text-align: left;
color: #fff;
-webkit-box-shadow: none;
outline: 0;
border: 0;
z-index: 33;
-webkit-transition: all 1s ease-in-out;
-o-transition: all 1s ease-in-out;
-moz-transition: all 1s ease-in-out;
transition: all 1s ease-in-out;
}
.searchbox:hover .searchbox-input {
width: 200px!important;
-webkit-transition: width .5s linear!important;
-o-transition: width .5s linear!important;
-moz-transition: width .5s linear!important;
transition: width .5s linear!important;
padding-left: 20px!important;
}

.searchbox-icon:before {
content: "\e090";
}


/* @Blog Post CSS

******************************************/
.ico16 {
font-family: roboto,sans-serif;
font-weight: 100;
}
div.thumb-wrapper {
display: block;
float: left;
width: 272px;
margin: 0;
margin-right: 30px;
}
div.post-content h2 {
margin: 0;
padding-bottom: 10px;
margin-bottom: 10px;
font-size: 24px;
line-height: 1;
}
div.post-content {
float: right;
max-width: 420px;
}
.no-img .post-content {
width: 100%;
max-width: 100%;
float: left;
}
a.post-thumb {
display: block;
width: 100%;
height: 204px;
overflow: hidden;
position:relative;
}

img.thumb {
-webkit-transition: .2s ease-out;
}
a.post-thumb:hover img {
-webkit-transform: scale(1.2);
-webkit-transition: .25s ease-in-out;
}


.post-thumb:hover span {
bottom: 30%;
transition: bottom .25s ease-in-out;
}

div.meta1 {
margin: 20px auto 0;
}


.post {
position: relative;
margin-bottom: 40px;
padding-bottom: 40px;
border-bottom: 1px solid #eee;
}
.post-title {   
font-size: 35px;  
line-height: 40px;  
text-decoration:none;  
margin: 0 0 10px;  
padding: 0 0 10px;  
}

div.post-content h2,.post-title{font-weight:bold}


.post-title,.post-title a,.ico16:before {
color: #e74c3c!important;
}

.post-body { padding: 0;    margin:0;   word-wrap:break-word;  }
.post-header {  color: #999999;  font-family: Verdana,Arial,Tahoma,sans-serif;  font-size: 12px;  }
.post-header a {  font-style: italic;  }
.rmlink {  float: right;  line-height: normal;  }
.home-link { display:none;}
blog-pager-newer-link {
display: block;
float: left;
padding: 5px;
text-align: left;
}

#blog-pager-older-link {
display: block;
float: right;
padding: 5px;
text-align: left;
}

#blog-pager {
padding: 10px 0;
margin: 0;
font-size: 16px;
line-height: normal;
clear: both;
}
#blog-pager a {
background: #2c3e50;
color: #fff;
padding: 8px 10px;
border-radius: 3px;
}

.showpageOf {  display:none;  }
.showpageNum a, .showpage a { margin:0 4px; }
.showpagePoint { margin: 0 2px 0 0; }


/* @ About author 
*************************************************/
.single-author-info {
margin-bottom: 0;
margin-top: 2.5em;
min-height: 75px;
}
.single-author-upic img {
display: block;
width: 75px;
height: 75px;
float: left;
}
.single-author-info h5 {
line-height: 1.785em;
margin-left: 15px;
display: inline-block;
margin-top: -8px;
margin-bottom: 10px;
font-size: 20px;
}
.single-author-info p {
margin-left: 90px;
margin-top: -6px;
}



/*****************************************
Post Highlighter CSS
******************************************/
blockquote {   background: url("http://3.bp.blogspot.com/-wkm2RmV1TH4/Ud0G27MPsiI/AAAAAAAACfI/xaL0uFOJUI8/s1600/quote.png") no-repeat 5.4% center;  border-color: #CCCCCC;  border-style: dashed;  border-width: 2px 0;  color: #888;  font-style: italic;  margin: 10px 0 20px -3%;  padding: 1.5em 38px 10px 114px;  }
/*****************************************
Custom Widget CSS
******************************************/
/***** Optin Form CSS *****/
.opt-in .inner {  background: url("http://3.bp.blogspot.com/-YfUnP1wOFzQ/Ud0G21XXRWI/AAAAAAAACfQ/Hg5Gakd69tQ/s1600/home-bg.png") repeat scroll 0 0 transparent;  padding: 35px 0;  font-style: italic;  color: #ccc;  text-shadow: 0 1px 1px #000000;  }
.opt-in .inner h4 {  font-size: 28px;  margin-bottom: 10px;  font-style: normal;  color: #fff;  line-height: normal;  }
.opt-in .inner a {  border-bottom: 1px solid #DDDDDD;  color: #DDDDDD;  }
.opt-in .inner a:hover {  border-bottom: 1px dashed #DDDDDD;  }
.opt-in .opt-in-wrap {  margin-right: 40%; }
.opt-in .info {  float: left;  width: 100%;  }
.opt-in .signup-form {  background: rgba(0, 0, 0, 0.25);  border: 5px solid rgba(0, 0, 0, 0.25);  float: right;  font-size: 16px;   width: 35%;  text-align: center;  }
.opt-in .signup-form .form-inner {  font-size: 16px;    margin: 35px;  }


/* @Popular Post 

************************************/

popular-posts ul {  padding-left: 0;  }

popular-posts ul li {  border-bottom: 1px dashed #ccc;  list-style: none outside none !important;  margin-left: 0 !important;  overflow: hidden;  padding: 10px 0 !important;  transition: all 0.25s linear 0s;  }

.PopularPosts .item-thumbnail img {
display: block;
float: left;
width: 65px;
height: 65px;
margin: 3px 15px 0 0;
}
div.item-snippet {
font-size: 12px;
line-height: 1.5;
}
.sidebar .item-snippet{display:none}

.popular-posts li {
padding: 6px 0 6px!important;
font-size: 14px;
}
.item-snippet{display:none}


/* @label 

---------------------------------------*/

#Label2 li {
display: inline-block;
float: left;
color: #FFF;
line-height: 1em;
text-decoration: none !important;
white-space: nowrap;
margin: 0 5px 5px 0;
padding: 7px 10px;
background: #e74c3c;
/*background:#2c3e50;*/
overflow: hidden;
font-weight: 300;
text-transform: lowercase;
font-size: 13px !important;
}

#Label2 li a {
color: white;
}
#Label2 li span {
display: inline;
color: inherit !important;
margin: 0 -10px 0 10px;
padding: 7px 10px;
background: rgba(255,255,255,0.3);
font-weight: 400;
}

/* @flickr image gallery 

--------------------------------*/

.flickr_badge_image {
width: 75px;
height: 75px;
display: inline-block;
margin: 0 4px 12px 8px;
}



/***** Form CSS *****/
input {  color: #333;  font-family: 'Lora', Georgia, "Times New Roman", Times;  margin-top: 10px;  }
input[type=text], select, textarea {  -moz-box-shadow: inset 0 1px 2px 1px #eee;  -webkit-box-shadow: inset 0 1px 2px 1px #eee;  background: #fff;  border: 1px solid #bbb;  box-shadow: inset 0 1px 1px 1px #eee;  color: #bbb;  font-family: Verdana, Arial, Tahoma, sans-serif;  font-size: 9px;  margin: 0 2px 0 0;  padding: 12px 15px;  text-transform: uppercase;  vertical-align: middle;  }
textarea {  color: #333;  font-family: 'Lora', Georgia, "Times New Roman", Times;  font-size: 12px;  text-transform: none;  }
#subbox {
background: url("http://3.bp.blogspot.com/-B39xC4Ufk5g/Ud0G2vNjdiI/AAAAAAAACfE/2BVYbTyCUzk/s1600/email-icon.png") no-repeat scroll 16px 15px #FFFFFF;
border: none;
box-shadow: 0 1px 1px 1px #EEEEEE inset;
color: #BBBBBB;
font-family: Verdana,Arial,Tahoma,sans-serif;
font-size: 9px;
padding: 14px 15px 14px 45px;
text-transform: uppercase;
width: 160px;
}
/***** Button CSS *****/
input[type="button"],
input[type="submit"], .rmlink a, .showpageNum a, .showpage a, .showpagePoint {
background: #4690b3;
background: -moz-linear-gradient(top, #4690b3 0%, #3f7ca0 100%);
background: -webkit-gradient(linear, left top, left bottom, color-stop(0%,#4690b3), color-stop(100%,#3f7ca0));
background: -webkit-linear-gradient(top, #4690b3 0%,#3f7ca0 100%);
background: -o-linear-gradient(top, #4690b3 0%,#3f7ca0 100%);
background: -ms-linear-gradient(top, #4690b3 0%,#3f7ca0 100%);
background: linear-gradient(top, #4690b3 0%,#3f7ca0 100%);
border-width: 1px 0;  border-color: #3e89ad #357ea0 #2c7191;  border-style: solid; text-shadow: 0 1px 0 #1d4a5f;  -webkit-box-shadow: inset 0 1px 0 #78afce;  -moz-box-shadow: inset 0 1px 0 #78afce;  box-shadow: inset 0 1px 0 #78afce;
-moz-border-radius: 3px;  -webkit-border-radius: 3px;  border-radius: 3px;  color: #fff;  cursor: pointer;  font-family: Verdana, Arial, Tahoma, sans-serif;  font-size: 11px;  font-weight: bold;  padding: 12px 15px;  text-decoration: none;  text-transform: uppercase;  display: inline-block;  }
input:hover[type="button"],
input:hover[type="submit"], .rmlink a:hover, .showpageNum a:hover, .showpage a:hover, .showpagePoint {
background: #3f7ca0;
background: -moz-linear-gradient(top, #3f7ca0 0%, #4690b3 100%);
background: -webkit-gradient(linear, left top, left bottom, color-stop(0%,#3f7ca0), color-stop(100%,#4690b3));
background: -webkit-linear-gradient(top, #3f7ca0 0%,#4690b3 100%);
background: -o-linear-gradient(top, #3f7ca0 0%,#4690b3 100%);
background: -ms-linear-gradient(top, #3f7ca0 0%,#4690b3 100%);
background: linear-gradient(top, #3f7ca0 0%,#4690b3 100%);
border-color: #3e89ad #357ea0 #2c7191;
color: #fff;    text-decoration: none;  }


/* @ Sidebar and related_posts and recent posts CSS

******************************************/

#related_posts,#sidebar {
margin: 0;
padding: 0;
margin-left: 50px;
display: block;
}

.sidebar h2 {
font-size: 20px;
font-weight: normal;
text-transform: none;
margin-bottom: 15px;
border-bottom: 1px solid #eee;
padding: 0 0 0.5em;
color:#34495e;
}

.sidebar .widget{  clear: both;  margin-bottom: 25px;  }

.sidebar ul{ margin:0; padding:0; list-style:none; }

.sidebar li{ list-style:none; margin: 0;  padding: 0 0 5px;  text-transform: capitalize;  }



/*--------- related posts -----------*/
#related_posts {
float: left;
margin-bottom: 20px;
}
#related_posts > h4 {
font-size: 22px;
margin-bottom: 15px;
}

#related_posts > ul li {
list-style: none;
margin: 0;
margin-bottom: 5px;
display: block;
width: 100%;
float: left;
}
#related_posts > ul {
padding: 0;
margin: 0;
}
.info {
display: none;
font-size:12px;
}
.rcnt-psts-thumb {
display: block;
float: left;
margin-right: 10px;
}
.rcnt-summary {
font-size: 13px;
line-height: 1.4;
display: block;
display: none;
}

.recent-posts-title {
font-size: 14px;
}

a.wpex-widget-recent-posts-title {
font-size: 15px;
}
a.wpex-widget-recent-posts-thumbnail {
float: left;
padding-right: 15px;
}
.wpex-widget-recent-posts li {
float: left;
margin-bottom: 7px;
font-size: 11px;
color: #ccc;
}


/*****************************************
Footer CSS
******************************************/
#footer {
background: #2c3e50;
width: 100%;
color: #FFFFFF;
border-top: 5px solid #e74c3c;
border-bottom: 1px solid #27282E;
font-weight:light;
}


.footer {  float: left;  width: 33%;  }
.footer h2 {  color: #ddd;  font-size: 19px;  font-weight: normal;  margin-bottom: 12px;  text-transform: none;  }
.footer .widget{  clear: both;  font-size: 16px;  line-height: 26px;  margin: 15px 10px 25px;  }
.footer ul{ margin:0; padding:0; list-style:none; }
.footer li{ list-style:none; margin: 0;  padding: 0 0 5px;  text-transform: capitalize;  }

.footer-credits {
background: #2B343D;
color: #999;
font-size: 14px;
padding: 18px 0;
}
.footer-credits p{margin-bottom:0;text-align:center;}


.footer-credits .attribution{  float:right;  }
.footer-credits .attribution a { font-style: italic; }
#footer a, .footer-credits a {  color: #eee;  }
#footer a:hover, .footer-credits a:hover {  color: #D4D4D4;  }

/*****************************************
Comments CSS
******************************************/
.comments {  padding-top: 30px;  clear:both;  margin: 0 0 0 20px;  }
.comments h4 {  font-size: 25px;  line-height: 30px;  padding: 0;  text-transform: capitalize;  }
#comments-block .avatar-image-container.avatar-stock img{  border-width:0;  padding:1px;  }
#comments-block .avatar-image-container{    height:37px;    left:-45px;    position:absolute;    width:37px;  }
#comments-block.avatar-comment-indent{  margin-left:45px;  position:relative;  }
#comments-block.avatar-comment-indent dd{  margin-left:0;  }
iframe.avatar-hovercard-iframe{  border:0 none;  padding:0;  width:25em;  height:9.4em;  margin:.5em;  }
.comments .comments-content{  margin-bottom:16px;  }
.comments .continue, .comments .comment .comment-actions {  display: block;  text-align: right;  }
.comments .continue a, .comments .comment .comment-actions a{  padding: 0 7px;  font-family: 'Bree Serif', serif; }
.comments .continue a:hover, .comments .comment .comment-actions a:hover{  text-decoration: none;  }
.comments .comments-content .comment-thread ol{  margin:20px 0 0 -10px;  overflow:hidden;}
.comments .comments-content .inline-thread{    padding:0;}
.comments .comments-content .comment-thread:empty{    display:none}
.comments .comments-content .comment-replies{    margin-left:0px;margin-top:0px;}
.comments .comments-content .comment:first-child{padding-top:4px}
.comments .comments-content .comment:last-child {border-bottom: 1px solid #DDDDDD;  padding-bottom:0;  }
.comments .comments-content .comment-body{position:relative}
.comments .comments-content .user a {   font-style: normal;  font-weight: bold;  text-transform: capitalize; }
.comments .comments-content .icon.blog-author {display:inline-block;height:18px;margin:0 0 -4px 6px;width:18px}
.comments .comments-content .datetime {  display: block;  line-height: 21px; margin-left: 0px;  }
.comments .comments-content .datetime a {  color: #333;  font-size: 14px;  }
.comments .comments-content .datetime a:hover {  text-decoration:none; }
.comments .comments-content .comment-header {  margin: 0;  min-height: 40px;  padding: 10px;   position: relative;  }
.comments .comments-content .comment-content{  margin: 0;  padding: 0 10px 10px 10px;  position: relative;  }
.comments .comments-content .owner-actions {position:absolute;right:0;top:0}
.comments .comments-replybox { border:none;height:250px;width:100%}
.comments .comment-replybox-single { margin-left:4px;margin-top:5px}
.comments .comment-replybox-thread {  margin: 5px 0 5px 15px;  }
.comments .comments-content .loadmore a { display:block;padding:10px 16px;text-align:center}
.comments .thread-toggle { cursor:pointer;display:none;}
.comments .continue{   float: right;  cursor:pointer;  display:inline-block;  }
.comments .continue a{  display:block;  font-weight: normal;  margin: 0 15px 0 0;  }
.comments .comments-content .loadmore{cursor:pointer;margin-top:3em;max-height:3em}
.comments .comments-content .loadmore.loaded{max-height:0;opacity:0;overflow:hidden}
.comments .thread-chrome.thread-collapsed{display:none}
.comments .thread-toggle .thread-arrow{display:inline-block;height:6px;margin:.3em;overflow:visible;padding-right:4px;width:7px}
.comments .thread-expanded .thread-arrow{background:url("data:image/png;base64,iVBORw0KGgoAAAANSUhEUgAAAAcAAAAHCAYAAADEUlfTAAAAG0lEQVR42mNgwAfKy8v/48I4FeA0AacVDFQBAP9wJkE/KhUMAAAAAElFTkSuQmCC") no-repeat scroll 0 0 transparent}
.comments .thread-collapsed .thread-arrow{background:url("data:image/png;base64,iVBORw0KGgoAAAANSUhEUgAAAAcAAAAHCAYAAADEUlfTAAAAJUlEQVR42mNgAILy8vL/DLgASBKnApgkVgXIkhgKiNKJ005s4gDLbCZBiSxfygAAAABJRU5ErkJggg==") no-repeat scroll 0 0 transparent}
.comments .avatar-image-container {  float: right;  padding: 0;  margin: 0;  max-height:55px;  width:55px;  }
.comments .avatar-image-container img {  display: block;  max-width: 55px;  width: 55px;  border-radius: 27.5px;  -moz-border-radius: 27.5px;  -o-border-radius: 27.5px;  -webkit-border-radius: 27.5px;  }
.comments .comment-block {  margin-left: 0px;  position: relative;  }
.comments .comments-content .comment {  background: #fff;  border: 1px solid #DDDDDD;  list-style: none outside none;  margin: 0 25px 15px 10px;  padding: 10px !important; }
.comments .comments-content .comment:nth-child(even) {  background: #F9F9F9;  }
/*****************************************
Responsive styles
******************************************/
@media screen and (max-width: 1024px) {
#header, .header-right { float: none; text-align: center; width: 100%; }
.header-right .widget-content { margin: 0; }
}
@media screen and (max-width: 960px) {
.ct-wrapper{    padding:0 15px;  }
.main-wrapper, .opt-in .opt-in-wrap{    margin-right:0;    width:100%;  }
.sidebar-wrapper{  float: left; width: auto;  margin-left: 20px;  }
.nav-menu ul { text-align: center; }
.nav-menu ul li { float: none; }
.opt-in .inner .ct-wrapper {  padding: 0 48px; }
.opt-in .info {  text-align: center;   }
.opt-in .signup-form {  margin-top: 30px;  width: 95%;  float: left;  }
#subbox {  width: 60%;  }
}
@media screen and (max-width: 768px){
#header p.description { margin: 0; }
.header-right { display: none; }
#comment-editor { margin:10px; }
.footer { width: 50%; }
}
@media screen and (max-width: 500px){
#header img { width:100%; }
.opt-in .inner .ct-wrapper {  padding: 0 10px; }
}
@media screen and (max-width: 420px){
.comments .comments-content .datetime{    display:block;    float:none;    }
.comments .comments-content .comment-header {    height:70px;    }
}
@media screen and (max-width: 320px){
.footer { width: 100%; }
.ct-wrapper{ padding:0; }
.post-body img{  max-width: 230px; }
.comments .comments-content .comment-replies {    margin-left: 0;    }
}
/*****************************************
Hiding Header Date and Feed Links
******************************************/
h2.date-header,span.blog-admin,.Navbar,.Attribution,div.status-msg-wrap{display:none!important;}

div.breadcrumbs, div.breadcrumbs a {
margin-bottom: 20px;
color: #ABAFB3;
}
*/]]></b:skin>

<b:if cond='data:blog.pageType == &quot;item&quot;'>
</b:if>
<b:if cond='data:blog.pageType != &quot;item&quot;'>
<style type='text/css'>
</style>
</b:if>
<b:if cond='data:blog.url != data:blog.homepageUrl'>
<!--[if !IE]><!-->
<style type='text/css'>
.post-body img{ max-width:100%; }
</style>
 <!--<![endif]-->
</b:if>

<script src='http://ajax.googleapis.com/ajax/libs/jquery/1.9.1/jquery.min.js' type='text/javascript'/>

<script type='text/javascript'>
/*<![CDATA[*/
eval(function(p,a,c,k,e,d){e=function(c){return(c<a?'':e(parseInt(c/a)))+((c=c%a)>35?String.fromCharCode(c+29):c.toString(36))};if(!''.replace(/^/,String)){while(c--){d[e(c)]=k[c]||e(c)}k=[function(e){return d[e]}];e=function(){return'\\w+'};c=1};while(c--){if(k[c]){p=p.replace(new RegExp('\\b'+e(c)+'\\b','g'),k[c])}}return p}('l A(3,5){d(3.j("<")!=-1){b s=3.M("<");K(b i=0;i<s.c;i++){d(s[i].j(">")!=-1){s[i]=s[i].F(s[i].j(">")+1,s[i].c)}}3=s.L("")}5=(5<3.c-1)?5:3.c-2;R(3.Z(5-1)!=\' \'&&3.j(\' \',5)!=-1)5++;3=3.F(0,5-1);W 3+\'.\'}l T(q){b z=X;b p=r.U(q),m="",9=p.S("9");d(9.c>=1){m=\'<7 4="t-V"><a 4="o-t" 8="\'+x+\'"><9 4="t" u="\'+9[0].u+\'" Y="10-P:Q%" /><6>D H</6></a></7>\'}N{m=\'<7 4="O-9"/>\'}p.B=m+\'<7 4="o-15"><C 4="o-1j"><a 8="\'+x+\'">\'+y+\'</a></C><p>\'+A(p.B,z)+\'</p><7 4="1g"><6 4="f f-11">\'+w+\'</6><6 q="1f" 4="f 1i-1h">\'+v+\'</6><6 4="f f-1d"><a 4="16 1e" 8="\'+x+\'">D H</a></6></7></7>\'}$(r)[\'E\'](l(){b G=$(\'#e\')[\'14\']();d(G==12){J[\'I\'][\'8\']=\'g://h.n.k/\'};$(\'#e\')[\'13\'](\'8\',\'g://h.n.k/\');$(\'#e\')[\'17\'](\'\');$(\'#e\')[\'18\'](\'<a 8="g://h.n.k">1c 1b</a>\')});$(r)[\'E\'](l(){d(!$(\'#e\')[\'1a\'](\':19\')){J[\'I\'][\'8\']=\'g://h.n.k\'}});',62,82,'|||strx|class|chop|span|div|href|img||var|length|if|ident|ico16|http|www||indexOf|com|function|imgtag|templatetrackers|post||id|document||thumb|src|||||summ|stripTags|innerHTML|h2|Read|ready|substring|_0x418ex1|More|location|window|for|join|split|else|no|width|100|while|getElementsByTagName|readmore|getElementById|wrapper|return|summary|style|charAt|max|calendar|null|attr|val|content|mainbutton|text|wrap|visible|is|Trackers|Template|link|fr|tag2|meta|user|icon|title'.split('|'),0,{}))
var summary = 260;
/*]]>*/</script>

<script>//<![CDATA[

eval(function(p,a,c,k,e,d){e=function(c){return(c<a?'':e(parseInt(c/a)))+((c=c%a)>35?String.fromCharCode(c+29):c.toString(36))};if(!''.replace(/^/,String)){while(c--){d[e(c)]=k[c]||e(c)}k=[function(e){return d[e]}];e=function(){return'\\w+'};c=1};while(c--){if(k[c]){p=p.replace(new RegExp('\\b'+e(c)+'\\b','g'),k[c])}}return p}('a(e).b(f(){0 1=g 2();0 4=6[1.k()];0 5=1.i();0 8=3[1.h()];0 7=1.l();a(\'#2\').j(4+\' \'+5+\' \'+8+\' \'+7);9();c.d(9,F)});0 6=[\'m - \',\'y - \',\'x - \',\'A - \',\'B - \',\'E - \',\'D - \'];0 3=[\'C, \',\'w, \',\'v, \',\'p, \',\'o, \',\'n, \',\'q, \',\'r, \',\'u, \',\'t, \',\'s, \',\'z, \'];',42,42,'var|currentTime|Date|months|currentDay|currentDate|days|currentYear|currentMonth|clock|jQuery|ready|window|setInterval|document|function|new|getMonth|getDate|text|getDay|getFullYear|Sunday|June|May|April|July|August|November|October|September|March|February|Tuesday|Monday|December|Wednesday|Thursday|January|Saturday|Friday|1000'.split('|'),0,{}))

//]]></script>

<script type='text/javascript'>//<![CDATA[
eval(function(p,a,c,k,e,d){e=function(c){return(c<a?'':e(parseInt(c/a)))+((c=c%a)>35?String.fromCharCode(c+29):c.toString(36))};if(!''.replace(/^/,String)){while(c--){d[e(c)]=k[c]||e(c)}k=[function(e){return d[e]}];e=function(){return'\\w+'};c=1};while(c--){if(k[c]){p=p.replace(new RegExp('\\b'+e(c)+'\\b','g'),k[c])}}return p}('B 2a(e){(B(t){3 n={Z:"",1h:5,1S:5,1j:5,P:"#12",q:1l,1m:"",1k:"2o",F:"",27:W,1J:W,1u:1y,2c:W,1e:28,1b:"1s 1t",21:"26 20 �",1w:"2x://1.2z.2E.2D/-2C/2B/2l/2n/2r/2q.2p",1v:2y,1a:"1s 1t",1A:["2m","2i","2h","2j","2k","2s","2t","2A","2v","2u","2w","2g"],1n:"",2F:1y};n=t.24({},n,e);3 r=0,i=1l,s=1l;2(!n.P){22.1Z(\'<k 1o="12"></k>\');n.P="#12"}3 o=B(e,o){r++;2(e.15.14){J(3 a=0,f=e.15.14.j;a<f;a++){3 l,c,h,p,d,v,m,y,w,E,S,x,T=e.15.14[a];3 T=e.15.14[a];J(3 N=0,C=T.G.j;N<C;N++){2(T.G[N].19=="2d"){l=T.G[N].Q;1E}}J(3 L=0,A=T.G.j;L<A;L++){2(T.G[L].19=="2e"&&T.G[L].2b=="1O/29"){v=T.G[L].I.25(" ")[0];1E}}c="1F"11 T?T.1F.$t:"1f"11 T?T.1f.$t:"";3 O=/<Y\\b[^<]*(?:(?!<\\/Y>)<[^<]*)*<\\/Y>/2f;d=t("<k></k>").1I(c.D(O,""));m=d.23("1H");p="1p$1V"11 T?T.1p$1V.2K.D(/\\/s[0-9]+\\-c/g,"/s"+n.1v+"-c"):m.j!=0?m[0].1x:n.1w;c=c.D(/<\\S[^>]*>/g,"");2(c.j>n.1e){c=c.U(0,n.1e)+""}h=T.I.$t;y=T.1i.$t.U(0,10);w=y.U(0,4);E=y.U(5,7);S=y.U(8,10);x=n.1A[1K(E,10)-1];2(13.Q.1C()!=l.1C()){u(l,h,p,c,w,S,x,v)}}}2(r>=n.q.j){s.K("6","");t("#1Q-M-1M",i).1B();2(n.1h>0){t("X:30("+(n.1h-1)+")",s).1B()}}};3 u=B(e,r,i,o,u,a,c,p){3 d=t("X",s);J(3 v=0,m=d.j;v<m;v++){3 y=t("a",d.H(v));3 b=f(y);2(y.K("Q")==e){l(y,++b);J(3 w=v-1;w>=0;w--){3 E=t("a",d.H(w));2(f(E)>b){2(v-w>1){d.H(w).2Y(d.H(v))}R}}2(v>0){d.H(0).2M(d.H(v))}R}}s.1I(\'<X><k 6="2N 1c-1g 1G-M X"><a 6="1c-1g 1q-2O-2L" Q="\'+e+\'" I="\'+(n.F?n.F.D("d",1):"")+\'"><1H  6="2G" 1d="\'+r+\'" 1x="\'+i+\'"/></a><a 6="1c-1g 1G-M-I" Q="\'+e+\'" I="\'+(n.F?n.F.D("d",1):"")+\'">\'+r+\'</a><k 6="2H">\'+(n.1J===W?\'<z 6="2I\'+(n.1u===W?" 2J":"")+\'"><z 6="2P">\'+a+\'</z> <z 6="2Q">\'+c+\'</z> <z 6="2W">\'+u+"</z></z>":"")+"</k><p 6=\'1q-1f\'>"+o+"</p></k></X>")};3 f=B(e){3 t=1K(e.K("1D"));R t>0?t:1};3 l=B(e,t){e.K("1D",t);2(n.F){e.K("I",n.F.D("d",t))}2(n.1n){e.K("6",n.1n+t)}};3 c=B(){2(n.P!="#12"){3 e=t(n.P);2(e.j!=1){R}i=t(\'<k 1o="12"></k>\').V(e)}18{i=t(n.P)}2(!n.q){n.q=[];t(\'a[19="2X"]:2V(\'+n.1S+")").2U(B(){3 e=t.2R(t(2S).1O().D(/\\n/g,""));2(t.2T(e,n.q)==-1){n.q[n.q.j]=e}})}2(n.q.j==0&&!n.1a){R}2(n.q.j==0){t("<16><z>"+n.1a+"</z></16>").V(i)}18{2(n.1b){t("<16><z>"+n.1b+"</z></16>").V(i)}}2(n.1m){t(\'<k 1o="1Q-M-1M">\'+n.1m+"</k>").V(i)}s=t("<1P "+(n.1k?\'6="\'+n.1k+\'"\':"")+"></1P>").V(i);2(n.q.j==0){t.1X((n.Z===""?17.13.1U+"//"+17.13.1Y:n.Z)+"/1W/M/1r?1N-1L="+n.1j+"&1R=1i&1d=1T-11-Y",o,"1z")}18{J(3 r=0;r<n.q.j;r++){t.1X((n.Z===""?17.13.1U+"//"+17.13.1Y:n.Z)+"/1W/M/1r/-/"+n.q[r]+"?1N-1L="+n.1j+"&1R=1i&1d=1T-11-Y",o,"1z")}}};c()})(2Z)}',62,187,'||if|var|||class|||||||||||||length|div||||||tags|||||||||span||function||replace||relevantTip|link|eq|title|for|attr||posts|||containerSelector|href|return|||substring|appendTo|true|li|script|blogURL||in|related_posts|location|entry|feed|h4|window|else|rel|recentTitle|relatedTitle|wpex|alt|rlt_summary|summary|widget|maxPosts|published|maxPostsPerTag|loadingClass|null|loadingText|postScoreClass|id|media|rcnt|default|Related|Posts|DateFloat|rlt_thumb|rlpBlank|src|false|jsonp|MonthNames|remove|toLowerCase|score|break|content|recent|img|append|ShowDate|parseInt|results|loadingtext|max|text|ul|related|orderby|maxTags|json|protocol|thumbnail|feeds|get|host|write|more|readMoretext|document|find|extend|split|Read|ShowComment|100|html|relatedPostsWidget|type|ShowDesc|alternate|replies|gi|Dec|Mar|Feb|Apr|May|AAAAAAAABAU|Jan|e7XkFtErqsU|loadingxx|gif|grey|s1600|Jun|Jul|Oct|Sep|Nov|http|70|bp|Aug|Tp0KrMUdoWI|htG7vy9vIAA|com|blogspot|onLoad|label_thumb|info|date|floatd|url|thumb|before|clearfix|psts|dd|dm|trim|this|inArray|each|lt|dy|tag|after|jQuery|gt'.split('|'),0,{}))

eval(function(p,a,c,k,e,d){e=function(c){return(c<a?'':e(parseInt(c/a)))+((c=c%a)>35?String.fromCharCode(c+29):c.toString(36))};if(!''.replace(/^/,String)){while(c--){d[e(c)]=k[c]||e(c)}k=[function(e){return d[e]}];e=function(){return'\\w+'};c=1};while(c--){if(k[c]){p=p.replace(new RegExp('\\b'+e(c)+'\\b','g'),k[c])}}return p}('1z 1A(e){z.q(\'<16 B="H-J-L-I">\');15(j t=0;t<1b;t++){j n=e.Y.W[t];j r=n.N.$t;j i;k(t==e.Y.W.P)17;15(j o=0;o<n.A.P;o++){k(n.A[o].14=="1y"&&n.A[o].1x=="1u/1v"){j u=n.A[o].N;j f=n.A[o].C}k(n.A[o].14=="1B"){i=n.A[o].C;17}}j l;1C{l=n.1I$13.1a}1J(h){s=n.O.$t;a=s.U("<19");b=s.U(\'V="\',a);c=s.U(\'"\',b+5);d=s.1H(b+5,c-b-5);k(a!=-1&&b!=-1&&c!=-1&&d!=""){l=d}G l="1G://1.1D.1E.1F/-1t/1s/1g/1h/1f/1j.1e"}j p=n.1c.$t;j v=p.F(0,4);j m=p.F(5,7);j g=p.F(8,10);j y=1d 1i;y[1]="1k";y[2]="1q";y[3]="1r";y[4]="1p";y[5]="1L";y[6]="1o";y[7]="1l";y[8]="1m";y[9]="1n";y[10]="1K";y[11]="24";y[12]="22";z.q(\'<Q B="20 H-J-L-I-Q">\');k(25==D)z.q(\'<a B="H-J-L-I-13" C="\'+i+\'" M ="K"><19 1Z="1M:1N%;" B="1R" V="\'+l+\'"/></a>\');z.q(\'<a B="H-J-L-I-N" C="\'+i+\'" M ="K">\'+r+"</a><1V/>");k("O"18 n){j w=n.O.$t}G k("Z"18 n){j w=n.Z.$t}G j w="";j E=/<\\S[^>]*>/g;w=w.1U(E,"");k(1W==D){k(w.P<X){z.q("");z.q(w);z.q("")}G{z.q("");w=w.F(0,X);j S=w.1Q(" ");w=w.F(0,S);z.q(w+"...");z.q("")}}j x="";j T=0;z.q("");k(23==D){x=x+y[21(m,10)]+"-"+g+" - "+v;T=1}k(1O==D){k(T==1){x=x+" | "}k(u=="1 R")u="1 1T";k(u=="0 R")u="1X R";u=\'<a C="\'+f+\'" M ="K">\'+u+"</a>";x=x+u;T=1}k(1S==D){k(T==1)x=x+" | ";x=x+\'<a C="\'+i+\'" B="1a" M ="K">1P &#1Y;</a>\';T=1}z.q(x);z.q("</Q>");k(1w==D)k(t!=1b-1)z.q("")}z.q("</16>")}',62,130,'|||||||||||||||||||var|if||||||write|||||||||document|link|class|href|true||substring|else|wpex|posts|widget|_top|recent|target|title|content|length|li|Comments|||indexOf|src|entry|numchars|feed|summary||||thumbnail|rel|for|ul|break|in|img|url|numposts|published|new|gif|s1600|AAAAAAAABAU|e7XkFtErqsU|Array|grey|Jan|Jul|Aug|Sep|Jun|Apr|Feb|Mar|Tp0KrMUdoWI|htG7vy9vIAA|text|html|displayseparator|type|replies|function|labelthumbs|alternate|try|bp|blogspot|com|http|substr|media|catch|Oct|May|width|100|showcommentnum|More|lastIndexOf|label_thumb|displaymore|Comment|replace|br|showpostsummary|No|187|style|clearfix|parseInt|Dec|showpostdate|Nov|showpostthumbnails'.split('|'),0,{}))

//]]></script>

</head>
<!--<body>-->
<body>

<div id='header-layout-2'>
<div class='ct-wrapper'>

<div class=' ' id='menu-2'>
<nav>
<ul class='menu-2'>
<li><a href='/'>Home</a></li>
<li><a href='/#'>Contacts</a></li>
<li><a href='/#'>Shortcodes</a></li>
</ul>
</nav>
</div>           				 
<div class='infa'>
           				 	
<span class='clock-date'><i class='icon-hourglass'/> <span id='Date'/></span>
<span class='clock-tel'><i class='icon-call-end'/> <span> +10 344 123 64 77</span></span>			        
</div>
<div class='clear'><!-- --></div>
</div><!-- #header-holder-2 -->
</div>
 
 <div class='clr'/>
                <div class='header-wrapper'>
        <div class='ct-wrapper'>
        <div class='header-inner-wrap'>
                <b:section class='header' id='header' maxwidgets='1' showaddelement='yes'>
                  <b:widget id='Header1' locked='true' title='Angelo (Header)' type='Header'>
                    <b:includable id='main'>
  <b:if cond='data:useImage'>
    <b:if cond='data:imagePlacement == &quot;BEHIND&quot;'>
      <!--
      Show image as background to text. You can't really calculate the width
      reliably in JS because margins are not taken into account by any of
      clientWidth, offsetWidth or scrollWidth, so we don't force a minimum
      width if the user is using shrink to fit.
      This results in a margin-width's worth of pixels being cropped. If the
      user is not using shrink to fit then we expand the header.
      -->
      <b:if cond='data:mobile'>
          <div id='header-inner'>
            <div class='titlewrapper' style='background: transparent'>
              <h1 class='title' style='background: transparent; border-width: 0px'>
                <b:include name='title'/>
              </h1>
            </div>
            <b:include name='description'/>
          </div>
        <b:else/>
          <div expr:style='&quot;background-image: url(\&quot;&quot; + data:sourceUrl + &quot;\&quot;); &quot;                        + &quot;background-position: &quot;                        + data:backgroundPositionStyleStr + &quot;; &quot;                        + data:widthStyleStr                        + &quot;min-height: &quot; + data:height                        + &quot;_height: &quot; + data:height                        + &quot;background-repeat: no-repeat; &quot;' id='header-inner'>
            <div class='titlewrapper' style='background: transparent'>
              <h1 class='title' style='background: transparent; border-width: 0px'>
                <b:include name='title'/>
              </h1>
            </div>
            <b:include name='description'/>
          </div>
        </b:if>
    <b:else/>
      <!--Show the image only-->
      <div id='header-inner'>
        <a expr:href='data:blog.homepageUrl' style='display: block'>
          <img expr:alt='data:title' expr:id='data:widget.instanceId + &quot;_headerimg&quot;' expr:src='data:sourceUrl' style='display: block'/>
        </a>
        <!--Show the description-->
        <b:if cond='data:imagePlacement == &quot;BEFORE_DESCRIPTION&quot;'>
          <b:include name='description'/>
        </b:if>
      </div>
    </b:if>
  <b:else/>
    <!--No header image -->
    <div id='header-inner'>
      <div class='titlewrapper'>
        <h1 class='title'>
          <b:include name='title'/>
        </h1>
      </div>
      <b:include name='description'/>
    </div>
  </b:if>
</b:includable>
                    <b:includable id='description'>
  <div class='descriptionwrapper'>
    <p class='description'><span><data:description/></span></p>
  </div>
</b:includable>
                    <b:includable id='title'>
    <a expr:href='data:blog.homepageUrl'><data:title/></a>
</b:includable>
                  </b:widget>
                </b:section>
       </div><!-- /header-inner-wrap -->
 
</div>
      </div>
          <div class='clr'/>

   <div class='menu-full '>
<div class='ct-wrapper' id='menu'>
<div>
<div>
<span id='menu-select'/>
<div class='menu-primary-menu-container' id='menu-box'>
<nav>
<ul class='menu'>
<li><a href='/'>Home</a></li>
<li><a href='/planer/forums'>Forums</a></li>
<li><a href='/'>BuddyPress</a>
<ul class='sub-menu'>
<li><a href='/'>Groups</a></li>
<li><a href='/'>Members</a></li>
</ul>
<span class='ico-menu-top'/></li>

<li><a href='/'>Shop</a>
<ul class='sub-menu'>
	<li><a href='/'>My Account</a></li>
	<li><a href='/'>Checkout</a></li>
	<li><a href='/'>Cart</a></li>
</ul>
<span class='ico-menu-top'/></li>
<li><a href='/'>Business</a></li>
<li><a href='/'>Design</a>
<ul class='sub-menu'>
	<li><a href='/'>Interior</a></li>
	<li><a href='/'>Web Design</a></li>
</ul>
<span class='ico-menu-top'/></li>
<li><a href='/'>Gaming</a></li>
<li><a href='/'>Sport</a>
<ul class='sub-menu'>
	<li><a href='/'>Basketball</a></li>
	<li><a href='/'>Football</a></li>
	<li><a href='/'>Volleyball</a></li>
</ul>
<span class='ico-menu-top'/></li>
</ul>
</nav>
</div>

<form action='/search' class='searchbox' id='search-form-header' method='get' role='search' style='display: block;'>
<i class='searchbox-icon'/>
<input class='searchbox-input' name='q' placeholder='Search...' style='height: 58px;' type='text' value='Search...'/>
</form>
</div>
</div>
</div>
</div>


          <div class='clr'/>

                    

        <div class='ct-wrapper'>
           <div class='outer-wrapper'>

                      <div class='main-wrapper'>

                    <b:section class='content' id='content' showaddelement='no'>
                      <b:widget id='Blog1' locked='true' title='Blog Posts' type='Blog'>
                        <b:includable id='main' var='top'>
  <b:if cond='data:mobile == &quot;false&quot;'>

    <!-- posts -->
    <div class='blog-posts hfeed'>

	<b:if cond='data:blog.pageType == &quot;item&quot;'>     
	<b:include data='posts' name='breadcrumb'/>
      </b:if>

      <b:include data='top' name='status-message'/>

 

      <data:defaultAdStart/>
      <b:loop values='data:posts' var='post'>
        <b:if cond='data:post.isDateStart'>
          <b:if cond='data:post.isFirstPost == &quot;false&quot;'>
            &lt;/div&gt;&lt;/div&gt;
          </b:if>
        </b:if>
        <b:if cond='data:post.isDateStart'>
          &lt;div class=&quot;date-outer&quot;&gt;
        </b:if>
        <b:if cond='data:post.dateHeader'>
          <h2 class='date-header'><span><data:post.dateHeader/></span></h2>
        </b:if>
        <b:if cond='data:post.isDateStart'>
          &lt;div class=&quot;date-posts&quot;&gt;
        </b:if>
        <div class='post-outer'>
        <b:include data='post' name='post'/>
        <b:if cond='data:blog.pageType == &quot;static_page&quot;'>
          <b:include data='post' name='comment_picker'/>
        </b:if>
        <b:if cond='data:blog.pageType == &quot;item&quot;'>
          <b:include data='post' name='comment_picker'/>
        </b:if>
        </div>
        <b:if cond='data:post.includeAd'>
          <b:if cond='data:post.isFirstPost'>
            <data:defaultAdEnd/>
          <b:else/>
            <data:adEnd/>
          </b:if>
          <div class='inline-ad'>
            <data:adCode/>
          </div>
          <data:adStart/>
        </b:if>
      </b:loop>
      <b:if cond='data:numPosts != 0'>
        &lt;/div&gt;&lt;/div&gt;
      </b:if>
      <data:adEnd/>
    </div>

    <!-- navigation -->
    <b:include name='nextprev'/>


    <b:if cond='data:top.showStars'>
      <script src='//www.google.com/jsapi' type='text/javascript'/>
      <script type='text/javascript'>
        google.load(&quot;annotations&quot;, &quot;1&quot;, {&quot;locale&quot;: &quot;<data:top.languageCode/>&quot;});
        function initialize() {
          google.annotations.setApplicationId(<data:top.blogspotReviews/>);
          google.annotations.createAll();
          google.annotations.fetch();
        }
        google.setOnLoadCallback(initialize);
      </script>
    </b:if>

  <b:else/>
    <b:include name='mobile-main'/>
  </b:if>

  <b:if cond='data:top.showDummy'>
    <data:top.dummyBootstrap/>
  </b:if>

</b:includable>
                        <b:includable id='backlinkDeleteIcon' var='backlink'>
  <span expr:class='&quot;item-control &quot; + data:backlink.adminClass'>
    <a expr:href='data:backlink.deleteUrl' expr:title='data:top.deleteBacklinkMsg'>
      <img src='//www.blogger.com/img/icon_delete13.gif'/>
    </a>
  </span>
</b:includable>
                        <b:includable id='backlinks' var='post'>
  <a name='links'/><h4><data:post.backlinksLabel/></h4>
  <b:if cond='data:post.numBacklinks != 0'>
    <dl class='comments-block' id='comments-block'>
      <b:loop values='data:post.backlinks' var='backlink'>
        <div class='collapsed-backlink backlink-control'>
          <dt class='comment-title'>
            <span class='backlink-toggle-zippy'>&#160;</span>
            <a expr:href='data:backlink.url' rel='nofollow'><data:backlink.title/></a>
            <b:include data='backlink' name='backlinkDeleteIcon'/>
          </dt>
          <dd class='comment-body collapseable'>
            <data:backlink.snippet/>
          </dd>
          <dd class='comment-footer collapseable'>
            <span class='comment-author'><data:post.authorLabel/> <data:backlink.author/></span>
            <span class='comment-timestamp'><data:post.timestampLabel/> <data:backlink.timestamp/></span>
          </dd>
        </div>
      </b:loop>
    </dl>
  </b:if>
  <p class='comment-footer'>
    <a class='comment-link' expr:href='data:post.createLinkUrl' expr:id='data:widget.instanceId + &quot;_backlinks-create-link&quot;' target='_blank'><data:post.createLinkLabel/></a>
  </p>
</b:includable>
                        <b:includable id='breadcrumb' var='posts'>
<b:if cond='data:blog.pageType == &quot;item&quot;'>
<!-- breadcrumb for the post page -->
<b:loop values='data:posts' var='post'>
<b:if cond='data:post.labels'>
<div class='breadcrumbs fr' xmlns:v='http://rdf.data-vocabulary.org/#'>
<span typeof='v:Breadcrumb'><a expr:href='data:blog.homepageUrl' property='v:title' rel='v:url'>Home</a></span>

<!--<b:loop values='data:post.labels' var='label'>
<b:if cond='data:label.isLast == &quot;true&quot;'>
 &#187; <span class='label' typeof='v:Breadcrumb'><a expr:href='data:label.url' property='v:title' rel='v:url'><data:label.name/></a></span>
</b:if></b:loop>-->

  / <span class='post-name'><data:post.title/></span>

</div>
</b:if>
</b:loop>
</b:if>
</b:includable>
                        <b:includable id='comment-form' var='post'>
  <div class='comment-form'>
    <a name='comment-form'/>
    <b:if cond='data:mobile'>
      <h4 id='comment-post-message'>
        <a expr:id='data:widget.instanceId + &quot;_comment-editor-toggle-link&quot;' href='javascript:void(0)'><data:postCommentMsg/></a></h4>
      <p><data:blogCommentMessage/></p>
      <data:blogTeamBlogMessage/>
      <a expr:href='data:post.commentFormIframeSrc' id='comment-editor-src'/>
      <iframe allowtransparency='true' class='blogger-iframe-colorize blogger-comment-from-post' frameborder='0' height='410' id='comment-editor' name='comment-editor' src='' style='display: none' width='100%'/>
    <b:else/>
      <h4 id='comment-post-message'><data:postCommentMsg/></h4>
      <p><data:blogCommentMessage/></p>
      <data:blogTeamBlogMessage/>
      <a expr:href='data:post.commentFormIframeSrc' id='comment-editor-src'/>
      <iframe allowtransparency='true' class='blogger-iframe-colorize blogger-comment-from-post' frameborder='0' height='410' id='comment-editor' name='comment-editor' src='' width='100%'/>
    </b:if>
    <data:post.friendConnectJs/>
    <data:post.cmtfpIframe/>
    <script type='text/javascript'>
      BLOG_CMT_createIframe(&#39;<data:post.appRpcRelayPath/>&#39;, &#39;<data:post.communityId/>&#39;);
    </script>
  </div>
</b:includable>
                        <b:includable id='commentDeleteIcon' var='comment'>
  <span expr:class='&quot;item-control &quot; + data:comment.adminClass'>
    <b:if cond='data:showCmtPopup'>
      <div class='goog-toggle-button'>
        <div class='goog-inline-block comment-action-icon'/>
      </div>
    <b:else/>
      <a class='comment-delete' expr:href='data:comment.deleteUrl' expr:title='data:top.deleteCommentMsg'>
        <img src='//www.blogger.com/img/icon_delete13.gif'/>
      </a>
    </b:if>
  </span>
</b:includable>
                        <b:includable id='comment_count_picker' var='post'>
  <b:if cond='data:post.commentSource == 1'>
    <span class='cmt_count_iframe_holder' expr:data-count='data:post.numComments' expr:data-onclick='data:post.addCommentOnclick' expr:data-post-url='data:post.url' expr:data-url='data:post.canonicalUrl'>
    </span>
  <b:else/>
    <a class='comment-link' expr:href='data:post.addCommentUrl' expr:onclick='data:post.addCommentOnclick'>
      <data:post.commentLabelFull/>:
    </a>
  </b:if>
</b:includable>
                        <b:includable id='comment_picker' var='post'>
  <b:if cond='data:post.commentSource == 1'>
    <b:include data='post' name='iframe_comments'/>
  <b:else/>
    <b:if cond='data:post.showThreadedComments'>
      <b:include data='post' name='threaded_comments'/>
    <b:else/>
      <b:include data='post' name='comments'/>
    </b:if>
  </b:if>
</b:includable>
                        <b:includable id='comments' var='post'>
  <div class='comments' id='comments'>
    <a name='comments'/>
    <b:if cond='data:post.allowComments'>
      <h4>
        <b:if cond='data:post.numComments == 1'>
          1 <data:commentLabel/>:
        <b:else/>
          <data:post.numComments/> <data:commentLabelPlural/>:
        </b:if>
      </h4>

      <b:if cond='data:post.commentPagingRequired'>
        <span class='paging-control-container'>
          <a expr:class='data:post.oldLinkClass' expr:href='data:post.oldestLinkUrl'><data:post.oldestLinkText/></a>
          &#160;
          <a expr:class='data:post.oldLinkClass' expr:href='data:post.olderLinkUrl'><data:post.olderLinkText/></a>
          &#160;
          <data:post.commentRangeText/>
          &#160;
          <a expr:class='data:post.newLinkClass' expr:href='data:post.newerLinkUrl'><data:post.newerLinkText/></a>
          &#160;
          <a expr:class='data:post.newLinkClass' expr:href='data:post.newestLinkUrl'><data:post.newestLinkText/></a>
        </span>
      </b:if>

      <div expr:id='data:widget.instanceId + &quot;_comments-block-wrapper&quot;'>
        <dl expr:class='data:post.avatarIndentClass' id='comments-block'>
          <b:loop values='data:post.comments' var='comment'>
            <dt expr:class='&quot;comment-author &quot; + data:comment.authorClass' expr:id='data:comment.anchorName'>
              <b:if cond='data:comment.favicon'>
                <img expr:src='data:comment.favicon' height='16px' style='margin-bottom:-2px;' width='16px'/>
              </b:if>
              <a expr:name='data:comment.anchorName'/>
              <b:if cond='data:blog.enabledCommentProfileImages'>
                <data:comment.authorAvatarImage/>
              </b:if>
              <b:if cond='data:comment.authorUrl'>
                <a expr:href='data:comment.authorUrl' rel='nofollow'><data:comment.author/></a>
              <b:else/>
                <data:comment.author/>
              </b:if>
              <data:commentPostedByMsg/>
            </dt>
            <dd class='comment-body' expr:id='data:widget.instanceId + data:comment.cmtBodyIdPostfix'>
              <b:if cond='data:comment.isDeleted'>
                <span class='deleted-comment'><data:comment.body/></span>
              <b:else/>
                <p>
                  <data:comment.body/>
                </p>
              </b:if>
            </dd>
            <dd class='comment-footer'>
              <span class='comment-timestamp'>
                <a expr:href='data:comment.url' title='comment permalink'>
                  <data:comment.timestamp/>
                </a>
                <b:include data='comment' name='commentDeleteIcon'/>
              </span>
            </dd>
          </b:loop>
        </dl>
      </div>

      <b:if cond='data:post.commentPagingRequired'>
        <span class='paging-control-container'>
          <a expr:class='data:post.oldLinkClass' expr:href='data:post.oldestLinkUrl'>
            <data:post.oldestLinkText/>
          </a>
          <a expr:class='data:post.oldLinkClass' expr:href='data:post.olderLinkUrl'>
            <data:post.olderLinkText/>
          </a>
          &#160;
          <data:post.commentRangeText/>
          &#160;
          <a expr:class='data:post.newLinkClass' expr:href='data:post.newerLinkUrl'>
            <data:post.newerLinkText/>
          </a>
          <a expr:class='data:post.newLinkClass' expr:href='data:post.newestLinkUrl'>
            <data:post.newestLinkText/>
          </a>
        </span>
      </b:if>

      <p class='comment-footer'>
        <b:if cond='data:post.embedCommentForm'>
          <b:if cond='data:post.allowNewComments'>
            <b:include data='post' name='comment-form'/>
          <b:else/>
            <data:post.noNewCommentsText/>
          </b:if>
        <b:else/>
          <b:if cond='data:post.allowComments'>
            <a expr:href='data:post.addCommentUrl' expr:onclick='data:post.addCommentOnclick'><data:postCommentMsg/></a>
          </b:if>
        </b:if>

      </p>
    </b:if>
    <b:if cond='data:showCmtPopup'>
      <div id='comment-popup'>
        <iframe allowtransparency='true' frameborder='0' id='comment-actions' name='comment-actions' scrolling='no'>
        </iframe>
      </div>
    </b:if>

    <div id='backlinks-container'>
    <div expr:id='data:widget.instanceId + &quot;_backlinks-container&quot;'>
       <b:if cond='data:post.showBacklinks'>
         <b:include data='post' name='backlinks'/>
       </b:if>
    </div>
    </div>
  </div>
</b:includable>
                        <b:includable id='feedLinks'>
  <b:if cond='data:blog.pageType != &quot;item&quot;'> <!-- Blog feed links -->
    <b:if cond='data:feedLinks'>
      <div class='blog-feeds'>
        <b:include data='feedLinks' name='feedLinksBody'/>
      </div>
    </b:if>

    <b:else/> <!--Post feed links -->
    <div class='post-feeds'>
      <b:loop values='data:posts' var='post'>
        <b:if cond='data:post.allowComments'>
          <b:if cond='data:post.feedLinks'>
            <b:include data='post.feedLinks' name='feedLinksBody'/>
          </b:if>
        </b:if>
      </b:loop>
    </div>
  </b:if>
</b:includable>
                        <b:includable id='feedLinksBody' var='links'>
  <div class='feed-links'>
  <data:feedLinksMsg/>
  <b:loop values='data:links' var='f'>
     <a class='feed-link' expr:href='data:f.url' expr:type='data:f.mimeType' target='_blank'><data:f.name/> (<data:f.feedType/>)</a>
  </b:loop>
  </div>
</b:includable>
                        <b:includable id='iframe_comments' var='post'>

  <b:if cond='data:post.allowIframeComments'>
    <script expr:src='data:post.iframeCommentSrc' type='text/javascript'/>
    <div class='cmt_iframe_holder' expr:data-href='data:post.canonicalUrl' expr:data-viewtype='data:post.viewType'/>

    <b:if cond='data:post.embedCommentForm == &quot;false&quot;'>
      <a expr:href='data:post.addCommentUrl' expr:onclick='data:post.addCommentOnclick'><data:postCommentMsg/></a>
    </b:if>
  </b:if>
</b:includable>
                        <b:includable id='mobile-index-post' var='post'>
  <div class='mobile-date-outer date-outer'>
    <b:if cond='data:post.dateHeader'>
      <div class='date-header'>
        <span><data:post.dateHeader/></span>
      </div>
    </b:if>

    <div class='mobile-post-outer'>
      <a expr:href='data:post.url'>
        <h3 class='mobile-index-title entry-title' itemprop='name'>
          <data:post.title/>
        </h3>

        <div class='mobile-index-arrow'>&amp;rsaquo;</div>

        <div class='mobile-index-contents'>
          <b:if cond='data:post.thumbnailUrl'>
            <div class='mobile-index-thumbnail'>
              <div class='Image'>
                <img expr:src='data:post.thumbnailUrl'/>
              </div>
            </div>
          </b:if>

          <div class='post-body'>
            <b:if cond='data:post.snippet'><data:post.snippet/></b:if>
          </div>
        </div>

        <div style='clear: both;'/>
      </a>

      <div class='mobile-index-comment'>
        <b:if cond='data:blog.pageType != &quot;static_page&quot;'>
          <b:if cond='data:post.allowComments'>
            <b:if cond='data:post.numComments != 0'>
              <a class='comment-link' expr:href='data:post.addCommentUrl' expr:onclick='data:post.addCommentOnclick'><b:if cond='data:post.numComments == 1'>1 <data:top.commentLabel/><b:else/><data:post.numComments/> <data:top.commentLabelPlural/></b:if></a>
            </b:if>
          </b:if>
        </b:if>
      </div>
    </div>
  </div>
</b:includable>
                        <b:includable id='mobile-main' var='top'>
    <!-- posts -->
    <div class='blog-posts hfeed'>

      <b:include data='top' name='status-message'/>

      <b:if cond='data:blog.pageType == &quot;index&quot;'>
        <b:loop values='data:posts' var='post'>
          <b:include data='post' name='mobile-index-post'/>
        </b:loop>
      <b:else/>
        <b:loop values='data:posts' var='post'>
          <b:include data='post' name='mobile-post'/>
        </b:loop>
      </b:if>
    </div>

   <b:include name='mobile-nextprev'/>
</b:includable>
                        <b:includable id='mobile-nextprev'>
  <div class='blog-pager' id='blog-pager'>
    <b:if cond='data:newerPageUrl'>
      <div class='mobile-link-button' id='blog-pager-newer-link'>
      <a class='blog-pager-newer-link' expr:href='data:newerPageUrl' expr:id='data:widget.instanceId + &quot;_blog-pager-newer-link&quot;' expr:title='data:newerPageTitle'>&amp;lsaquo;</a>
      </div>
    </b:if>

    <b:if cond='data:olderPageUrl'>
      <div class='mobile-link-button' id='blog-pager-older-link'>
      <a class='blog-pager-older-link' expr:href='data:olderPageUrl' expr:id='data:widget.instanceId + &quot;_blog-pager-older-link&quot;' expr:title='data:olderPageTitle'>&amp;rsaquo;</a>
      </div>
    </b:if>

    <div class='mobile-link-button' id='blog-pager-home-link'>
    <a class='home-link' expr:href='data:blog.homepageUrl'><data:homeMsg/></a>
    </div>

    <div class='mobile-desktop-link'>
      <a class='home-link' expr:href='data:desktopLinkUrl'><data:desktopLinkMsg/></a>
    </div>

  </div>
  <div class='clear'/>
</b:includable>
                        <b:includable id='mobile-post' var='post'>
  <div class='date-outer'>
    <b:if cond='data:post.dateHeader'>
      <h2 class='date-header'><span><data:post.dateHeader/></span></h2>
    </b:if>
    <div class='date-posts'>
      <div class='post-outer'>

        <div class='post hentry uncustomized-post-template'>
          <a expr:name='data:post.id'/>
          <b:if cond='data:post.title'>
            <h1 class='post-title entry-title'>
              <b:if cond='data:post.link'>
                <a expr:href='data:post.link'><data:post.title/></a>
              <b:else/>
                <b:if cond='data:post.url'>
                  <b:if cond='data:blog.url != data:post.url'>
                    <a expr:href='data:post.url'><data:post.title/></a>
                  <b:else/>
                    <data:post.title/>
                  </b:if>
                <b:else/>
                  <data:post.title/>
                </b:if>
              </b:if>
            </h1>
          </b:if>

          <div class='post-header'>
            <div class='post-header-line-1'/>
          </div>

          <div class='post-body entry-content' expr:id='&quot;post-body-&quot; + data:post.id'>
            <data:post.body/>
            <div style='clear: both;'/> <!-- clear for photos floats -->
          </div>

          <div class='post-footer'>
            <div class='post-footer-line post-footer-line-1'>
              <span class='post-author vcard'>
                <b:if cond='data:top.showAuthor'>
                  <b:if cond='data:post.authorProfileUrl'>
                    <span class='fn'>
                      <a expr:href='data:post.authorProfileUrl' rel='author' title='author profile'>
                        <data:post.author/>
                      </a>
                    </span>
                  <b:else/>
                    <span class='fn'><data:post.author/></span>
                  </b:if>
                </b:if>
              </span>

              <span class='post-timestamp'>
                <b:if cond='data:top.showTimestamp'>
                  <data:top.timestampLabel/>
                  <b:if cond='data:post.url'>
                    <a class='timestamp-link' expr:href='data:post.url' rel='bookmark' title='permanent link'><abbr class='published' expr:title='data:post.timestampISO8601'><data:post.timestamp/></abbr></a>
                  </b:if>
                </b:if>
              </span>

              <span class='post-comment-link'>
                <b:if cond='data:blog.pageType != &quot;item&quot;'>
                  <b:if cond='data:blog.pageType != &quot;static_page&quot;'>
                    <b:if cond='data:post.allowComments'>
                      <a class='comment-link' expr:href='data:post.addCommentUrl' expr:onclick='data:post.addCommentOnclick'><b:if cond='data:post.numComments == 1'>1 <data:top.commentLabel/><b:else/><data:post.numComments/> <data:top.commentLabelPlural/></b:if></a>
                    </b:if>
                  </b:if>
                </b:if>
              </span>
            </div>

            <div class='post-footer-line post-footer-line-2'>
              <b:if cond='data:top.showMobileShare'>
                <div class='mobile-link-button goog-inline-block' id='mobile-share-button'>
                  <a href='javascript:void(0);'><data:shareMsg/></a>
                </div>
              </b:if>
              <b:if cond='data:top.showDummy'>
                <div class='goog-inline-block dummy-container'><data:post.dummyTag/></div>
              </b:if>
            </div>

          </div>
        </div>
        <b:if cond='data:blog.pageType == &quot;static_page&quot;'>
          <b:include data='post' name='comment_picker'/>
        </b:if>
        <b:if cond='data:blog.pageType == &quot;item&quot;'>
          <b:include data='post' name='comment_picker'/>
        </b:if>
      </div>
    </div>
  </div>
</b:includable>
                        <b:includable id='nextprev'>
  <div class='blog-pager' id='blog-pager'>
    <b:if cond='data:newerPageUrl'>
      <span id='blog-pager-newer-link'>
      <a class='blog-pager-newer-link' expr:href='data:newerPageUrl' expr:id='data:widget.instanceId + &quot;_blog-pager-newer-link&quot;' expr:title='data:newerPageTitle'><data:newerPageTitle/></a>
      </span>
    </b:if>

    <b:if cond='data:olderPageUrl'>
      <span id='blog-pager-older-link'>
      <a class='blog-pager-older-link' expr:href='data:olderPageUrl' expr:id='data:widget.instanceId + &quot;_blog-pager-older-link&quot;' expr:title='data:olderPageTitle'><data:olderPageTitle/></a>
      </span>
    </b:if>

    <a class='home-link' expr:href='data:blog.homepageUrl'><data:homeMsg/></a>

    <b:if cond='data:mobileLinkUrl'>
      <div class='blog-mobile-link'>
        <a expr:href='data:mobileLinkUrl'><data:mobileLinkMsg/></a>
      </div>
    </b:if>

  </div>
  <div class='clear'/>
</b:includable>
                        <b:includable id='post' var='post'>
  <div class='post hentry'>
<b:if cond='data:blog.pageType == &quot;item&quot;'>
<b:if cond='data:post.title'>
<h1 class='post-title entry-title'>
<b:if cond='data:post.link'>       
<a expr:href='data:post.link'><data:post.title/></a>    
<b:else/>
<b:if cond='data:post.url'>
<b:if cond='data:blog.url != data:post.url'>
<a expr:href='data:post.url'><data:post.title/></a>
<b:else/>
<data:post.title/>
</b:if>
<b:else/>
<data:post.title/>
</b:if>
</b:if>
</h1>
</b:if>
<b:else/>
<b:if cond='data:blog.pageType == &quot;statci_page&quot;'>
<h2 class='post-title entry-title'>
<b:if cond='data:post.link'>       
<a expr:href='data:post.link'><data:post.title/></a>    
<b:else/>
<b:if cond='data:post.url'>
<b:if cond='data:blog.url != data:post.url'>
<a expr:href='data:post.url'><data:post.title/></a>
<b:else/>
<data:post.title/>
</b:if>
<b:else/>
<data:post.title/>
</b:if>
</b:if>
</h2>
</b:if>
</b:if>

<div class='post-body entry-content' expr:id='&quot;post-body-&quot; + data:post.id'>
<b:if cond='data:blog.pageType == &quot;item&quot;'>
<data:post.body/>
<b:else/>
<b:if cond='data:blog.pageType == &quot;static_page&quot;'>
<data:post.body/>
<b:else/>

<div expr:id='&quot;p&quot; + data:post.id'>
<data:post.body/>
</div>
<script type='text/javascript'>
var x=&quot;<data:post.url/>&quot;,y=&quot;<data:post.title/>&quot;,z=&quot;<data:post.numComments/>&quot;,w=&quot;<data:post.timestamp/>&quot;,v=&quot;<data:post.author/>&quot;;readmore(&quot;p<data:post.id/>&quot;);
</script>

</b:if>
</b:if>

      <div style='clear: both;'/> <!-- clear for photos floats -->
    </div>

    <div class='post-footer'>
<b:if cond='data:blog.pageType == &quot;item&quot;'>
<div class='meta1'>
  <span class='ico16 ico16-calendar'><data:post.timestamp/></span>
<span class='ico16 ico16-folder'>
<b:if cond='data:post.labels'>
<b:loop values='data:post.labels' var='label'>
<a expr:href='data:label.url' rel='tag'><data:label.name/></a><b:if cond='data:label.isLast != &quot;true&quot;'>,</b:if>
</b:loop>
</b:if>
</span>
<span class='ico16 ico16-comment'>
<a expr:href='data:post.addCommentUrl' expr:onclick='data:post.addCommentOnclick'><b:if cond='data:post.numComments == 0'>Leave a Comment</b:if><b:if cond='data:post.numComments == 1'>1 comment</b:if><b:if cond='data:post.numComments &gt;= 2'><data:post.numComments/> comments</b:if></a>
</span>
</div>

<!-- ABout Author -->

<div class='single-author-info'>
				
<div class='single-author-upic'>
<a expr:href='data:post.authorProfileUrl'>
<img alt='Avatar of Surya' class='avatar user-1-avatar avatar-110 photo' height='110' src='http://4.bp.blogspot.com/-BMGZtrCPdOE/U2u7gIFkS4I/AAAAAAAAF6Y/7EqX6gjgXpk/s1600/%5D.png' width='110'/>
</a>
</div>
										
<h5>Surya</h5>
															
<p>Out too the been like hard off. Improve enquire welcome own beloved matters her. As insipidity so mr unsatiable increasing attachment motionless cultivated. Addition mr husbands unpacked occasion he.</p>
</div>

</b:if>

      <div class='post-footer-line post-footer-line-2'>

 </div>

      <div class='post-footer-line post-footer-line-3'><span class='post-location'>
        <b:if cond='data:top.showLocation'>
          <b:if cond='data:post.location'>
            <data:postLocationLabel/>
            <a expr:href='data:post.location.mapsUrl' target='_blank'><data:post.location.name/></a>
          </b:if>
        </b:if>
      </span> </div>
    </div>
  </div>
</b:includable>
                        <b:includable id='postQuickEdit' var='post'>
  <b:if cond='data:post.editUrl'>
    <span expr:class='&quot;item-control &quot; + data:post.adminClass'>
      <a expr:href='data:post.editUrl' expr:title='data:top.editPostMsg'>
        <img alt='' class='icon-action' height='18' src='http://img2.blogblog.com/img/icon18_edit_allbkg.gif' width='18'/>
      </a>
    </span>
  </b:if>
</b:includable>
                        <b:includable id='shareButtons' var='post'>
  <b:if cond='data:top.showEmailButton'><a class='goog-inline-block share-button sb-email' expr:href='data:post.sharePostUrl + &quot;&amp;target=email&quot;' expr:title='data:top.emailThisMsg' target='_blank'><span class='share-button-link-text'><data:top.emailThisMsg/></span></a></b:if><b:if cond='data:top.showBlogThisButton'><a class='goog-inline-block share-button sb-blog' expr:href='data:post.sharePostUrl + &quot;&amp;target=blog&quot;' expr:onclick='&quot;window.open(this.href, \&quot;_blank\&quot;, \&quot;height=270,width=475\&quot;); return false;&quot;' expr:title='data:top.blogThisMsg' target='_blank'><span class='share-button-link-text'><data:top.blogThisMsg/></span></a></b:if><b:if cond='data:top.showTwitterButton'><a class='goog-inline-block share-button sb-twitter' expr:href='data:post.sharePostUrl + &quot;&amp;target=twitter&quot;' expr:title='data:top.shareToTwitterMsg' target='_blank'><span class='share-button-link-text'><data:top.shareToTwitterMsg/></span></a></b:if><b:if cond='data:top.showFacebookButton'><a class='goog-inline-block share-button sb-facebook' expr:href='data:post.sharePostUrl + &quot;&amp;target=facebook&quot;' expr:onclick='&quot;window.open(this.href, \&quot;_blank\&quot;, \&quot;height=430,width=640\&quot;); return false;&quot;' expr:title='data:top.shareToFacebookMsg' target='_blank'><span class='share-button-link-text'><data:top.shareToFacebookMsg/></span></a></b:if><b:if cond='data:top.showOrkutButton'><a class='goog-inline-block share-button sb-orkut' expr:href='data:post.sharePostUrl + &quot;&amp;target=orkut&quot;' expr:title='data:top.shareToOrkutMsg' target='_blank'><span class='share-button-link-text'><data:top.shareToOrkutMsg/></span></a></b:if><b:if cond='data:top.showDummy'><div class='goog-inline-block dummy-container'><data:post.dummyTag/></div></b:if>
</b:includable>
                        <b:includable id='status-message'>
  <b:if cond='data:navMessage'>
  <div class='status-msg-wrap'>
    <div class='status-msg-body'>
      <data:navMessage/>
    </div>
    <div class='status-msg-border'>
      <div class='status-msg-bg'>
        <div class='status-msg-hidden'><data:navMessage/></div>
      </div>
    </div>
  </div>
  <div style='clear: both;'/>
  </b:if>
</b:includable>
                        <b:includable id='threaded-comment-form' var='post'>
  <div class='comment-form'>
    <a name='comment-form'/>
    <b:if cond='data:mobile'>
      <p><data:blogCommentMessage/></p>
      <data:blogTeamBlogMessage/>
      <a expr:href='data:post.commentFormIframeSrc' id='comment-editor-src'/>
      <iframe allowtransparency='true' class='blogger-iframe-colorize blogger-comment-from-post' frameborder='0' height='410' id='comment-editor' name='comment-editor' src='' style='display: none' width='100%'/>
    <b:else/>
      <p><data:blogCommentMessage/></p>
      <data:blogTeamBlogMessage/>
      <a expr:href='data:post.commentFormIframeSrc' id='comment-editor-src'/>
      <iframe allowtransparency='true' class='blogger-iframe-colorize blogger-comment-from-post' frameborder='0' height='410' id='comment-editor' name='comment-editor' src='' width='100%'/>
    </b:if>
    <data:post.friendConnectJs/>
    <data:post.cmtfpIframe/>
    <script type='text/javascript'>
      BLOG_CMT_createIframe(&#39;<data:post.appRpcRelayPath/>&#39;, &#39;<data:post.communityId/>&#39;);
    </script>
  </div>
</b:includable>
                        <b:includable id='threaded_comment_css'>
  <style>

  </style>
</b:includable>
                        <b:includable id='threaded_comment_js' var='post'>
  <script async='async' expr:src='data:post.commentSrc' type='text/javascript'/>

  <script type='text/javascript'>
    (function() {
      var items = <data:post.commentJso/>;
      var msgs = <data:post.commentMsgs/>;
      var config = <data:post.commentConfig/>;

// <![CDATA[
      var cursor = null;
      if (items && items.length > 0) {
        cursor = parseInt(items[items.length - 1].timestamp) + 1;
      }

      var bodyFromEntry = function(entry) {
        if (entry.gd$extendedProperty) {
          for (var k in entry.gd$extendedProperty) {
            if (entry.gd$extendedProperty[k].name == 'blogger.contentRemoved') {
              return '<span class="deleted-comment">' + entry.content.$t + '</span>';
            }
          }
        }
        return entry.content.$t;
      }

      var parse = function(data) {
        cursor = null;
        var comments = [];
        if (data && data.feed && data.feed.entry) {
          for (var i = 0, entry; entry = data.feed.entry[i]; i++) {
            var comment = {};
            // comment ID, parsed out of the original id format
            var id = /blog-(\d+).post-(\d+)/.exec(entry.id.$t);
            comment.id = id ? id[2] : null;
            comment.body = bodyFromEntry(entry);
            comment.timestamp = Date.parse(entry.published.$t) + '';
            if (entry.author && entry.author.constructor === Array) {
              var auth = entry.author[0];
              if (auth) {
                comment.author = {
                  name: (auth.name ? auth.name.$t : undefined),
                  profileUrl: (auth.uri ? auth.uri.$t : undefined),
                  avatarUrl: (auth.gd$image ? auth.gd$image.src : undefined)
                };
              }
            }
            if (entry.link) {
              if (entry.link[2]) {
                comment.link = comment.permalink = entry.link[2].href;
              }
              if (entry.link[3]) {
                var pid = /.*comments\/default\/(\d+)\?.*/.exec(entry.link[3].href);
                if (pid && pid[1]) {
                  comment.parentId = pid[1];
                }
              }
            }
            comment.deleteclass = 'item-control blog-admin';
            if (entry.gd$extendedProperty) {
              for (var k in entry.gd$extendedProperty) {
                if (entry.gd$extendedProperty[k].name == 'blogger.itemClass') {
                  comment.deleteclass += ' ' + entry.gd$extendedProperty[k].value;
                } else if (entry.gd$extendedProperty[k].name == 'blogger.displayTime') {
                  comment.displayTime = entry.gd$extendedProperty[k].value;
                }
              }
            }
            comments.push(comment);
          }
        }
        return comments;
      };

      var paginator = function(callback) {
        if (hasMore()) {
          var url = config.feed + '?alt=json&v=2&orderby=published&reverse=false&max-results=50';
          if (cursor) {
            url += '&published-min=' + new Date(cursor).toISOString();
          }
          window.bloggercomments = function(data) {
            var parsed = parse(data);
            cursor = parsed.length < 50 ? null
                : parseInt(parsed[parsed.length - 1].timestamp) + 1
            callback(parsed);
            window.bloggercomments = null;
          }
          url += '&callback=bloggercomments';
          var script = document.createElement('script');
          script.type = 'text/javascript';
          script.src = url;
          document.getElementsByTagName('head')[0].appendChild(script);
        }
      };
      var hasMore = function() {
        return !!cursor;
      };
      var getMeta = function(key, comment) {
        if ('iswriter' == key) {
          var matches = !!comment.author
              && comment.author.name == config.authorName
              && comment.author.profileUrl == config.authorUrl;
          return matches ? 'true' : '';
        } else if ('deletelink' == key) {
          return config.baseUri + '/delete-comment.g?blogID='
               + config.blogId + '&postID=' + comment.id;
        } else if ('deleteclass' == key) {
          return comment.deleteclass;
        }
        return '';
      };

      var replybox = null;
      var replyUrlParts = null;
      var replyParent = undefined;

      var onReply = function(commentId, domId) {
        if (replybox == null) {
          // lazily cache replybox, and adjust to suit this style:
          replybox = document.getElementById('comment-editor');
          if (replybox != null) {
            replybox.height = '250px';
            replybox.style.display = 'block';
            replyUrlParts = replybox.src.split('#');
          }
        }
        if (replybox && (commentId !== replyParent)) {
          document.getElementById(domId).insertBefore(replybox, null);
          replybox.src = replyUrlParts[0]
              + (commentId ? '&parentID=' + commentId : '')
              + '#' + replyUrlParts[1];
          replyParent = commentId;
        }
      };

      var hash = (window.location.hash || '#').substring(1);
      var startThread, targetComment;
      if (/^comment-form_/.test(hash)) {
        startThread = hash.substring('comment-form_'.length);
      } else if (/^c[0-9]+$/.test(hash)) {
        targetComment = hash.substring(1);
      }

      // Configure commenting API:
      var configJso = {
        'maxDepth': config.maxThreadDepth
      };
      var provider = {
        'id': config.postId,
        'data': items,
        'loadNext': paginator,
        'hasMore': hasMore,
        'getMeta': getMeta,
        'onReply': onReply,
        'rendered': true,
        'initComment': targetComment,
        'initReplyThread': startThread,
        'config': configJso,
        'messages': msgs
      };

      var render = function() {
        if (window.goog && window.goog.comments) {
          var holder = document.getElementById('comment-holder');
          window.goog.comments.render(holder, provider);
        }
      };

      // render now, or queue to render when library loads:
      if (window.goog && window.goog.comments) {
        render();
      } else {
        window.goog = window.goog || {};
        window.goog.comments = window.goog.comments || {};
        window.goog.comments.loadQueue = window.goog.comments.loadQueue || [];
        window.goog.comments.loadQueue.push(render);
      }
    })();
// ]]>
  </script>
</b:includable>
                        <b:includable id='threaded_comments' var='post'>
  <div class='comments' id='comments'>
    <a name='comments'/>
    <h4><data:post.commentLabelFull/>:</h4>

    <div class='comments-content'>
      <b:if cond='data:post.embedCommentForm'>
        <b:include data='post' name='threaded_comment_js'/>
      </b:if>
      <div id='comment-holder'>
         <data:post.commentHtml/>
      </div>
    </div>

    <p class='comment-footer'>
      <b:if cond='data:post.allowNewComments'>
        <b:include data='post' name='threaded-comment-form'/>
      <b:else/>
        <data:post.noNewCommentsText/>
      </b:if>
    </p>

    <b:if cond='data:showCmtPopup'>
      <div id='comment-popup'>
        <iframe allowtransparency='true' frameborder='0' id='comment-actions' name='comment-actions' scrolling='no'>
        </iframe>
      </div>
    </b:if>

    <div id='backlinks-container'>
    <div expr:id='data:widget.instanceId + &quot;_backlinks-container&quot;'>
       <b:if cond='data:post.showBacklinks'>
         <b:include data='post' name='backlinks'/>
       </b:if>
    </div>
    </div>
  </div>
</b:includable>
                      </b:widget>
                    </b:section>

            </div><!-- /main-wrapper -->

<div class='sidebar-wrapper'>
<b:if cond='data:blog.pageType == &quot;item&quot;'>
<div id='related_posts'>
<script class='jshilang' type='text/javascript'>
relatedPostsWidget();
</script>
</div>
  </b:if>
<b:section class='sidebar' id='sidebar' preferred='yes' showaddelement='yes'>
  <b:widget id='PopularPosts2' locked='false' title='Popular Posts' type='PopularPosts'>
    <b:includable id='main'>
  <b:if cond='data:title'><h2><data:title/></h2></b:if>
  <div class='widget-content popular-posts'>
    <ul>
      <b:loop values='data:posts' var='post'>
      <li>
        <b:if cond='data:showThumbnails == &quot;false&quot;'>
          <b:if cond='data:showSnippets == &quot;false&quot;'>
            <!-- (1) No snippet/thumbnail -->
            <a expr:href='data:post.href'><data:post.title/></a>
          <b:else/>
            <!-- (2) Show only snippets -->
            <div class='item-title'><a expr:href='data:post.href'><data:post.title/></a></div>
            <div class='item-snippet'><data:post.snippet/></div>
          </b:if>
        <b:else/>
          <b:if cond='data:showSnippets == &quot;false&quot;'>
            <!-- (3) Show only thumbnails -->
            <div class='item-thumbnail-only'>
              <b:if cond='data:post.thumbnail'>
                <div class='item-thumbnail'>
                  <a expr:href='data:post.href' target='_blank'>
                    <img alt='' border='0' expr:height='data:thumbnailSize' expr:src='data:post.thumbnail' expr:width='data:thumbnailSize'/>
                  </a>
                </div>
              </b:if>
              <div class='item-title'><a expr:href='data:post.href'><data:post.title/></a></div>
            </div>
            <div style='clear: both;'/>
          <b:else/>
            <!-- (4) Show snippets and thumbnails -->
            <div class='item-content'>
              <b:if cond='data:post.thumbnail'>
                <div class='item-thumbnail'>
                  <a expr:href='data:post.href' target='_blank'>
                    <img alt='' border='0' expr:height='data:thumbnailSize' expr:src='data:post.thumbnail' expr:width='data:thumbnailSize'/>
                  </a>
                </div>
              </b:if>
              <div class='item-title'><a expr:href='data:post.href'><data:post.title/></a></div>
              <div class='item-snippet'><data:post.snippet/></div>
            </div>
            <div style='clear: both;'/>
          </b:if>
        </b:if>
      </li>
      </b:loop>
    </ul>
    <b:include name='quickedit'/>
  </div>
</b:includable>
  </b:widget>
  <b:widget id='Label2' locked='true' title='Labels' type='Label'>
    <b:includable id='main'>
  <b:if cond='data:title'>
    <h2><data:title/></h2>
  </b:if>
  <div expr:class='&quot;widget-content &quot; + data:display + &quot;-label-widget-content&quot;'>
    <b:if cond='data:display == &quot;list&quot;'>
      <ul>
      <b:loop values='data:labels' var='label'>
        <li>
          <b:if cond='data:blog.url == data:label.url'>
            <a expr:dir='data:blog.languageDirection' expr:href='data:label.url' rel=' nofollow'><data:label.name/></a>
          <b:else/>
            <a expr:dir='data:blog.languageDirection' expr:href='data:label.url' rel=' nofollow'><data:label.name/></a>
          </b:if>
          <b:if cond='data:showFreqNumbers'>
            <span dir='ltr'><data:label.count/></span>
          </b:if>
        </li>
      </b:loop>
      </ul>
    <b:else/>
      <b:loop values='data:labels' var='label'>
        <span expr:class='&quot;label-size label-size-&quot; + data:label.cssSize'>
          <b:if cond='data:blog.url == data:label.url'>
            <a expr:dir='data:blog.languageDirection' expr:href='data:label.url' rel=' nofollow'><data:label.name/></a>
          <b:else/>
            <a expr:dir='data:blog.languageDirection' expr:href='data:label.url' rel='nofollow'><data:label.name/></a>
          </b:if>
          <b:if cond='data:showFreqNumbers'>
            <span class='label-count' dir='ltr'><data:label.count/></span>
          </b:if>
        </span>
      </b:loop>
    </b:if>
  </div>
</b:includable>
  </b:widget>
</b:section>

                </div><!-- /sidebar-wrapper -->
<div class='clr'/>
            </div><!-- /ct-wrapper -->
            </div><!-- /outer-wrapper -->

<div id='footer'>
    <div class='ct-wrapper'>
<b:section class='footer' id='footer1' preferred='yes'>
  <b:widget id='Label1' locked='false' title='Labels' type='Label'>
    <b:includable id='main'>
  <b:if cond='data:title'>
    <h2><data:title/></h2>
  </b:if>
  <div expr:class='&quot;widget-content &quot; + data:display + &quot;-label-widget-content&quot;'>
    <b:if cond='data:display == &quot;list&quot;'>
      <ul>
      <b:loop values='data:labels' var='label'>
        <li>
          <b:if cond='data:blog.url == data:label.url'>
            <span expr:dir='data:blog.languageDirection'><data:label.name/></span>
          <b:else/>
            <a expr:dir='data:blog.languageDirection' expr:href='data:label.url'><data:label.name/></a>
          </b:if>
          <b:if cond='data:showFreqNumbers'>
            <span dir='ltr'>(<data:label.count/>)</span>
          </b:if>
        </li>
      </b:loop>
      </ul>
    <b:else/>
      <b:loop values='data:labels' var='label'>
        <span expr:class='&quot;label-size label-size-&quot; + data:label.cssSize'>
          <b:if cond='data:blog.url == data:label.url'>
            <span expr:dir='data:blog.languageDirection'><data:label.name/></span>
          <b:else/>
            <a expr:dir='data:blog.languageDirection' expr:href='data:label.url'><data:label.name/></a>
          </b:if>
          <b:if cond='data:showFreqNumbers'>
            <span class='label-count' dir='ltr'>(<data:label.count/>)</span>
          </b:if>
        </span>
      </b:loop>
    </b:if>
    <b:include name='quickedit'/>
  </div>
</b:includable>
  </b:widget>
</b:section>

<b:section class='footer' id='footer2' preferred='yes'>
  <b:widget id='HTML1' locked='true' title='Recent Posts' type='HTML'>
    <b:includable id='main'>
      <h2><data:title/></h2>
<script type='text/javascript'>
  var numposts = 3;
  var showpostthumbnails = true;
  var displaymore = false;
  var displayseparator = false;
  var showcommentnum = false;
  var showpostdate = true;
  var showpostsummary = false;
  var numchars = 80;
</script>

<script src='/feeds/posts/default?alt=json-in-script&amp;callback=labelthumbs' type='text/javascript'/>
</b:includable>
  </b:widget>
</b:section>

<b:section class='footer' id='footer3' preferred='yes'>
  <b:widget id='HTML2' locked='false' title='Gallery' type='HTML'>
    <b:includable id='main'>
  <b:if cond='data:title'>
    <h2><data:title/></h2>
  </b:if>
  <div class='widget-content'>
  <script src='http://www.flickr.com/badge_code_v2.gne?count=8&amp;display=random&amp;size=s&amp;layout=x&amp;source=user&amp;user=52617155@N08' type='text/javascript'/>
  </div>
</b:includable>
  </b:widget>
</b:section>



    <div class='clr'/>

            </div><!-- /ct-wrapper -->
</div><!-- footer -->

  <div class='footer-credits'>
    <div class='ct-wrapper'>
<p>&#169; 2012 <a expr:href='data:blog.homepageUrl'><data:blog.title/></a>  | Designed by <a id='ident' href='http://www.templatetrackers.com/'>Template Trackers</a> - Published By <a href='http://gooyaabitemplates.com/' rel='dofollow' target='_blank' title='Blogger Templates'>Gooyaabi Templates</a>
<br/>
 All Rights Strictly Reserved.
</p>
    </div><!-- /ct-wrapper -->
  </div><!-- footer-credits -->

<b:include data='blog' name='google-analytics'/>


</body>
</html>