<?xml version="1.0" encoding="UTF-8" ?>
<!DOCTYPE html>
<html b:version='2' class='v2' expr:dir='data:blog.languageDirection' xmlns='http://www.w3.org/1999/xhtml' xmlns:b='http://www.google.com/2005/gml/b' xmlns:data='http://www.google.com/2005/gml/data' xmlns:expr='http://www.google.com/2005/gml/expr'>
  <head>
    <script src='//ajax.googleapis.com/ajax/libs/jquery/1.9.1/jquery.min.js'/>
<link href='http://fonts.googleapis.com/css?family=Sanchez' rel='stylesheet' type='text/css'/>

<script src='http://lordhtml.opendrive.com/files/MV81MDA4Mjc4X0daUmhi/autoreadmore-lordhtml.js' type='text/javascript'/>

<link href='http://fonts.googleapis.com/css?family=Roboto+Condensed:300' rel='stylesheet' type='text/css'/>

    <meta content='IE=EmulateIE7' http-equiv='X-UA-Compatible'/>
    <b:if cond='data:blog.isMobile'>
      <meta content='width=device-width,initial-scale=1.0,minimum-scale=1.0,maximum-scale=1.0' name='viewport'/>
    <b:else/>
      <meta content='width=1100' name='viewport'/>
    </b:if>
    <b:include data='blog' name='all-head-content'/>
    <title><data:blog.pageTitle/></title>
     <script src='https://dl.dropboxusercontent.com/u/80436322/seo-plugin.js'/>

    <b:skin><![CDATA[/*
-----------------------------------------------
Blogger Template Style
Name:     Alluring Theme
Designer: Aumkar Thakur
URL:      www.seobloggertemplates.com
----------------------------------------------- */

#header, body#layout #header {width:50%;display:inline-block;float:left;}
#header-right, body#layout #header-right {width:50%;display:inline-block;float:right; padding-top:40px;padding-bottom:15px;}
#header-right .widget {margin:0;}

a:link {
  text-decoration:none;
  color: #0094d2;;
}

a:visited {
  text-decoration:none;
  color: #0094d2;;
}

a:hover {
  text-decoration:underline;
  color: #0094d2;;
}

/* Mobile
----------------------------------------------- */
body.mobile  {
  background-size: $(mobile.background.size);
}

.mobile .body-fauxcolumn-outer {
  background: $(mobile.background.overlay);
}

.mobile .body-fauxcolumn-outer .cap-top {
  background-size: 100% auto;
}

.mobile .content-outer {
  -webkit-box-shadow: 0 0 3px rgba(0, 0, 0, .15);
  box-shadow: 0 0 3px rgba(0, 0, 0, .15);
}

body.mobile .AdSense {
  margin: 0 -$(content.shadow.spread);
}

.mobile .tabs-inner .widget ul {
  margin-left: 0;
  margin-right: 0;
}

.mobile .post {
  margin: 0;
}

.mobile .main-inner .column-center-inner .section {
  margin: 0;
}

.mobile .date-header span {
  padding: 0.1em 10px;
  margin: 0 -10px;
}

.mobile h3.post-title {
  margin: 0;
}

.mobile .blog-pager {
  background: transparent none no-repeat scroll top center;
}

.mobile .footer-outer {
  border-top: none;
}

.mobile .main-inner, .mobile .footer-inner {
  background-color: $(content.background.color);
}

.mobile-index-contents {
  color: $(body.text.color);
}

.mobile-link-button {
  background-color: $(link.color);
}

.mobile-link-button a:link, .mobile-link-button a:visited {
  color: $(mobile.button.color);
}

.mobile .tabs-inner .section:first-child {
  border-top: none;
}

.mobile .tabs-inner .PageList .widget-content {
  background-color: $(tabs.selected.background.color);
  color: $(tabs.selected.text.color);
  border-top: $(tabs.border.width) solid $(tabs.border.color);
  border-bottom: $(tabs.border.width) solid $(tabs.border.color);
}

.mobile .tabs-inner .PageList .widget-content .pagelist-arrow {
  border-$startSide: 1px solid $(tabs.border.color);
}
.navbar{display:none;}
#cssmenu ul { margin: 0; padding: 0;}
#cssmenu li { margin: 0; padding: 0;}
#cssmenu a { margin: 0; padding: 0;}
#cssmenu ul {list-style: none;}
#cssmenu a {text-decoration: none;}
#cssmenu {height: 70px; background-color: rgb(35,35,35); box-shadow: 0px 2px 3px rgba(0,0,0,.4);}


#cssmenu > ul > li {
    float: left;
    margin-left: 15px;
    position: relative;
}

#cssmenu > ul > li > a {
    color: rgb(160,160,160);
    font-family: Verdana, 'Lucida Grande';
    font-size: 15px;
    line-height: 70px;
    padding: 15px 20px;
-webkit-transition: color .15s;
   -moz-transition: color .15s;
     -o-transition: color .15s;
        transition: color .15s;
}

#cssmenu > ul > li > a:hover {color: rgb(250,250,250); }


#cssmenu > ul > li > ul {
    opacity: 0;
    visibility: hidden;
    padding: 16px 0 20px 0;
    background-color: rgb(250,250,250);
    text-align: left;
    position: absolute;
    top: 55px;
    left: 50%;
    margin-left: -90px;
    width: 180px;
-webkit-transition: all .3s .1s;
   -moz-transition: all .3s .1s;
     -o-transition: all .3s .1s;
        transition: all .3s .1s;
-webkit-border-radius: 5px;
   -moz-border-radius: 5px;
        border-radius: 5px;
-webkit-box-shadow: 0px 1px 3px rgba(0,0,0,.4);
   -moz-box-shadow: 0px 1px 3px rgba(0,0,0,.4);
        box-shadow: 0px 1px 3px rgba(0,0,0,.4);
}

#cssmenu > ul > li:hover > ul {
    opacity: 1;
    top: 65px;
    visibility: visible;
}

#cssmenu > ul > li > ul:before{
    content: '';
    display: block;
    border-color: transparent transparent rgb(250,250,250) transparent;
    border-style: solid;
    border-width: 10px;
    position: absolute;
    top: -20px;
    left: 50%;
    margin-left: -10px;
}

#cssmenu > ul ul > li { position: relative;}

#cssmenu ul ul a{
    color: rgb(50,50,50);
    font-family: Verdana, 'Lucida Grande';
    font-size: 13px;
    background-color: rgb(250,250,250);
    padding: 5px 8px 7px 16px;
    display: block;
-webkit-transition: background-color .1s;
   -moz-transition: background-color .1s;
     -o-transition: background-color .1s;
        transition: background-color .1s;
}

#cssmenu ul ul a:hover {background-color: rgb(240,240,240);}


#cssmenu ul ul ul {
    visibility: hidden;
    opacity: 0;
    position: absolute;
    top: -16px;
    left: 206px;
    padding: 16px 0 20px 0;
    background-color: rgb(250,250,250);
    text-align: left;
    width: 160px;
-webkit-transition: all .3s;
   -moz-transition: all .3s;
     -o-transition: all .3s;
        transition: all .3s;
-webkit-border-radius: 5px;
   -moz-border-radius: 5px;
        border-radius: 5px;
-webkit-box-shadow: 0px 1px 3px rgba(0,0,0,.4);
   -moz-box-shadow: 0px 1px 3px rgba(0,0,0,.4);
        box-shadow: 0px 1px 3px rgba(0,0,0,.4);
}


#cssmenu ul ul > li:hover > ul { opacity: 1; left: 196px; visibility: visible;}


#cssmenu ul ul a:hover{
    background-color: #3163E0;
    color: rgb(240,240,240);
}
#cssmenu ul {
z-index:9999999999;
}.header-inner .title{
font-family: 'Roboto Condensed', sans-serif;
font-size:40px;
}
.description{
font-family:"Times New Roman", Times, serif;
font-style:italic;
font-size:18px;
margin-left:20px !important;
}
header{background:white;}
.post-footer, .date-header, .feed-links, .Attribution{display:none;}
.post-title{
font-family: 'Roboto Condensed', sans-serif;
font-size: 26px!important;
color: #464646;
padding-bottom:16px;
}
.aumkarsocc{
border-top:1px solid #D2D2D2;
border-bottom:1px solid #D2D2D2;
padding-bottom:20px;
padding-top:10px;
margin-left:-20px;
margin-top:16px;
margin-bottom:20px;
text-align:center;
width:640px;
}
.aumkarsocc h1{
color:#464646;
  font-family:'Roboto Condensed', sans-serif;
  font-size:26px !important;
}
.post-title a{
color: #464646;
text-decoration:none;
}
.post-title a:hover{
color:#3163E0;
}
.post-outer{
background:white;
margin-bottom:30px;
border: 1px solid #d2d2d2;
padding:20px;
}
.rmlink{display:none;}

.sidebar .widget{
border: 1px solid #d2d2d2;
padding:20px;
background:white;
}
.sidebar{
margin-top:4px;
}
.sidebar h2{
font-family: 'Roboto Condensed', sans-serif;
font-size: 26px!important;
color: #464646;
padding-bottom:16px;
}@font-face {
  font-family: 'Sanchez';
  font-style: normal;
  font-weight: 400;
  src: local('Sanchez'), local('Sanchez-Regular'), url(http://themes.googleusercontent.com/static/fonts/sanchez/v1/mx466fsxfR1AA3OwUm3waQ.woff) format('woff');
}
body{
font-family: 'Sanchez', serif;
color: #464646;
background:url('http://3.bp.blogspot.com/-cx2YdLqkTf8/UVx3aDI00II/AAAAAAAAJ3I/uPpyuHYPK00/s1600/bg.png');
}
#related-posts a{
border-right: 1px dotted #DDDDDD;
color:#5D5D5D;
}
#related-post img{
width:150px !important;
}
#related-posts h2{
text-align:center !important;
padding-bottom:10px;
color: #464646;
font-family: 'Roboto Condensed', sans-serif;
font-size: 26px !important;
}
.comments{
padding-top:30px;
}.post-body h3{
font-family: 'Roboto Condensed', sans-serif;
border-bottom:1px solid grey;
padding-bottom:5px;
}
.post-body blockquote{
padding:10px;
background:#F9F8F8;
border:1px solid #EAE8E8;
font-family:"Times New Roman", Times, serif;
font-style:italic;
}
.comment .avatar-image-container { border: 1px solid #B6B6B6; max-height: 70px !important; width: 70px !important; position: relative; left:-20px; top:10px; z-index: 1; float:right; } .comment .comment-block { margin-left: 0px !important; } .comment .avatar-image-container img { border: medium none !important; height: 70px !important; width: 70px !important; max-height: 70px !important; max-width: 70px !important; } .comment .comment-header { color: black; font-size: 18px; margin-left: 60px; font-family: 'Merienda'; } .comment .comment-header a { color: black !important; text-decoration: none; } .comment .datetime{ display:none; }  .comment .comment-block{ background:#EFEFEF; padding:20px; border-style:solid; border-width:1px; border-color:#C3C3C3; } @font-face { font-family: 'Merienda'; font-style: normal; font-weight: 400; src: local('Merienda'), local('Merienda-Regular_0_wt'), url(http://themes.googleusercontent.com/static/fonts/merienda/v1/4NYVQDcgs3Fbi_xdFMC7lPesZW2xOQ-xsNqO47m55DA.woff) format('woff'); } .comment .comment-content { padding-top:5px; padding-bottom:5px; padding-right:80px; padding-left:5px; font-size:18px; font-family: 'Text Me One'; } @font-face { font-family: 'Text Me One'; font-style: normal; font-weight: 400; src: local('Text Me One'), local('TextMeOne-Regular'), url(http://themes.googleusercontent.com/static/fonts/textmeone/v1/PqZhD5HyRPwtzI5fOKmj9IbN6UDyHWBl620a-IRfuBk.woff) format('woff'); } .icon.blog-author { display: none !important;}#blog-pager, .pagenavi {
     clear: both;
     text-align: center;
padding: 5px 12px;

}
#blog-pager a, .pagenavi span, .pagenavi a {
     margin: 0 5px 0 0;
padding: 5px 12px;
     text-decoration: none;
     color: #fff;
     background: #333;;
}
.pagenavi{
margin-top:10px;
}
#blog-pager a:visited, .pagenavi a:visited {
     color: #fff;
}
#blog-pager a:hover, .pagenavi a:hover {
     color: #fff;
     text-decoration: none;
     background: #3163E0;
}

.pagenavi .current {
     color: #fff;
     text-decoration: none;
     background: #3163E0;
}
.pagenavi .pages, .pagenavi .current {
font-family: 'Lora', serif;
}
#lower a{
color:white;
text-decoration: none;

}
#lower a:hover{
color: #4646ff;

}
#lower { 
       margin:auto; 
       padding: 0px 0px 10px 0px; 
       width: 100%; 
       background:#292929;; 
}  
#lower-wrapper { 
       margin:auto; 
       padding: 20px 0px 20px 0px; 
       width: 1080px;
}
#lowerbar-wrapper { 
color: #999999;
font-size: 14px;
font-style: italic;
list-style: none;
       float: left; 
       margin: 0px 5px auto; 
       padding-bottom: 20px; 
       width: 32%; 
       text-align: justify; 
       font-size:100%; 
       line-height: 1.6em; 
       word-wrap: break-word;  
       overflow: hidden; 
}
       .lowerbar {margin: 0; padding: 0;} 
       .lowerbar .widget {margin: 0; padding: 10px 20px 0px 20px;}
.lowerbar h2 { 
      margin: 0px 0px 10px 0px; 
       padding: 3px 0px 3px 0px; 
       text-align: left; 
       font-family: 'Roboto Condensed', sans-serif;
font-size: 20px!important; 
font-weight:bold;
        text-transform:uppercase; 
font-style:normal;
color:#fff;
}
.lowerbar ul { 
      margin: 0px 0px 0px 0px; 
      padding: 0px 0px 0px 0px; 
      list-style-type: none; 
}

.footmenu{
background-color: #111111;
padding:1px;
}

#menu li {               
display: inline;               
list-style: none;               
padding: 0;           
}                         
#menu{
padding-top:5px;
padding-bottom:5px;

}
#menu li a {                                 
padding: 15px 20px 15px 20px;               
text-decoration: none;               
font-family: arial;               
color:#fff;               
margin-left: -5px;           
}

#menu li a:hover{
color:#3163E0;          
}
#iseosearch{ border: 1px solid #DDD; background-color: whiteSmoke; 
box-sizing: border-box; color: black; font-family: 'Lora', serif;
font-size: 14px; padding:9px; width:180px; } 


.searchsubmit{ background:#333; 
border: 1px solid black; color: #fff; cursor: pointer; line-height: 19px;
padding: 8px 10px; text-decoration: none; } 


.searchsubmit:hover{ background: #3163E0; border: 1px solid blue; text-decoration: none; }
.label-size{
 margin:0;
 padding:0;
 position:relative;
 } 
 .label-size a{
 float:left;
 height:24px;
 line-height:24px;
 position:relative;
 font-size:12px;
 margin-bottom: 9px;
 margin-left:20px;
 padding:0 10px 0 12px;
 background:#0089e0;
 color:#fff;
 text-decoration:none;
 -moz-border-radius-bottomright:4px;
 -webkit-border-bottom-right-radius:4px; 
 border-bottom-right-radius:4px;
 -moz-border-radius-topright:4px;
 -webkit-border-top-right-radius:4px; 
 border-top-right-radius:4px; 
 } 
.label-size a:before{
 content:"";
 float:left;
 position:absolute;
 top:0;
 left:-12px;
 width:0;
 height:0;
 border-color:transparent #0089e0 transparent transparent;
 border-style:solid;
 border-width:12px 12px 12px 0;  
 } 
.label-size a:after{
 content:"";
 position:absolute;
 top:10px;
 left:0;
 float:left;
 width:4px;
 height:4px;
 -moz-border-radius:2px;
 -webkit-border-radius:2px;
 border-radius:2px;
 background:#fff;
 -moz-box-shadow:-1px -1px 2px #004977;
 -webkit-box-shadow:-1px -1px 2px #004977;
 box-shadow:-1px -1px 2px #004977;
 } 
.label-size a:hover{background:#555;} 
.label-size a:hover:before{border-color:transparent #555 transparent transparent;}]]></b:skin>

    <b:template-skin>
      <b:variable default='960px' name='content.width' type='length' value='1070px'/>
      <b:variable default='0' name='main.column.left.width' type='length' value='0px'/>
      <b:variable default='310px' name='main.column.right.width' type='length' value='365px'/>

      <![CDATA[
      body {
        min-width: $(content.width);
      }

      .content-outer, .content-fauxcolumn-outer, .region-inner {
        min-width: $(content.width);
        max-width: $(content.width);
        _width: $(content.width);
      }

      .main-inner .columns {
        padding-left: $(main.column.left.width);
        padding-right: $(main.column.right.width);
      }

      .main-inner .fauxcolumn-center-outer {
        left: $(main.column.left.width);
        right: $(main.column.right.width);
        /* IE6 does not respect left and right together */
        _width: expression(this.parentNode.offsetWidth -
            parseInt("$(main.column.left.width)") -
            parseInt("$(main.column.right.width)") + 'px');
      }

      .main-inner .fauxcolumn-left-outer {
        width: $(main.column.left.width);
      }

      .main-inner .fauxcolumn-right-outer {
        width: $(main.column.right.width);
      }

      .main-inner .column-left-outer {
        width: $(main.column.left.width);
        right: 100%;
        margin-left: -$(main.column.left.width);
      }

      .main-inner .column-right-outer {
        width: $(main.column.right.width);
        margin-right: -$(main.column.right.width);
      }

      #layout {
        min-width: 0;
      }

      #layout .content-outer {
        min-width: 0;
        width: 800px;
      }

      #layout .region-inner {
        min-width: 0;
        width: auto;
      }
      ]]>
    </b:template-skin>
     
<script type='text/javascript'>
var thumbnail_mode = &quot;no-float&quot; ; 
summary_noimg = 430;
summary_img = 340;
img_thumb_height = 200;
img_thumb_width = 200;
</script>
<b:if cond='data:blog.pageType == &quot;item&quot;'>
<script type='text/javascript'>
var defaultnoimage=&quot;http://3.bp.blogspot.com/-PpjfsStySz0/UF91FE7rxfI/AAAAAAAACl8/092MmUHSFQ0/s1600/no_image.jpg&quot;;
var maxresults=3;
var splittercolor=&quot;#fff&quot;;
var relatedpoststitle=&quot;Related Posts&quot;;
</script>
<script src='http://lordhtml.opendrive.com/files/MV85ODU4OTY4X1d0eGl3/relates-post-aumkar.js' type='text/javascript'/>
</b:if>


  </head>

  <body expr:class='&quot;loading&quot; + data:blog.mobileClass'>
 <header>
    <div class='header-outer'>
    <div class='header-cap-top cap-top'>
      <div class='cap-left'/>
      <div class='cap-right'/>
    </div>
    <div class='fauxborder-left header-fauxborder-left'>
    <div class='fauxborder-right header-fauxborder-right'/>
    <div class='region-inner header-inner'>
      <b:section class='header' id='header' maxwidgets='1' showaddelement='no'>
        <b:widget id='Header1' locked='true' title='Alluring (Header)' type='Header'>
          <b:includable id='main'>

  <b:if cond='data:useImage'>
    <b:if cond='data:imagePlacement == &quot;BEHIND&quot;'>
      <!--
      Show image as background to text. You can't really calculate the width
      reliably in JS because margins are not taken into account by any of
      clientWidth, offsetWidth or scrollWidth, so we don't force a minimum
      width if the user is using shrink to fit.
      This results in a margin-width's worth of pixels being cropped. If the
      user is not using shrink to fit then we expand the header.
      -->
      <b:if cond='data:mobile'>
          <div id='header-inner'>
            <div class='titlewrapper' style='background: transparent'>
              <h1 class='title' style='background: transparent; border-width: 0px'>
                <b:include name='title'/>
              </h1>
            </div>
            <b:include name='description'/>
          </div>
        <b:else/>
          <div expr:style='&quot;background-image: url(\&quot;&quot; + data:sourceUrl + &quot;\&quot;); &quot;                        + &quot;background-position: &quot;                        + data:backgroundPositionStyleStr + &quot;; &quot;                        + data:widthStyleStr                        + &quot;min-height: &quot; + data:height                        + &quot;_height: &quot; + data:height                        + &quot;background-repeat: no-repeat; &quot;' id='header-inner'>
            <div class='titlewrapper' style='background: transparent'>
              <h1 class='title' style='background: transparent; border-width: 0px'>
                <b:include name='title'/>
              </h1>
            </div>
            <b:include name='description'/>
          </div>
        </b:if>
    <b:else/>
      <!--Show the image only-->
      <div id='header-inner'>
        <a expr:href='data:blog.homepageUrl' style='display: block'>
          <img expr:alt='data:title' expr:height='data:height' expr:id='data:widget.instanceId + &quot;_headerimg&quot;' expr:src='data:sourceUrl' expr:width='data:width' style='display: block'/>
        </a>
        <!--Show the description-->
        <b:if cond='data:imagePlacement == &quot;BEFORE_DESCRIPTION&quot;'>
          <b:include name='description'/>
        </b:if>
      </div>
    </b:if>
  <b:else/>
    <!--No header image -->
    <div id='header-inner'>
      <div class='titlewrapper'>
        <h1 class='title'>
          <b:include name='title'/>
        </h1>
      </div>
      <b:include name='description'/>
    </div>
  </b:if>
</b:includable>
          <b:includable id='description'>
  <div class='descriptionwrapper'>
    <p class='description'><span><data:description/></span></p>
  </div>
</b:includable>
          <b:includable id='title'>
  <b:if cond='data:blog.url == data:blog.homepageUrl'>
    <data:title/>
  <b:else/>
    <a expr:href='data:blog.homepageUrl'><data:title/></a>
  </b:if>
</b:includable>
        </b:widget>
      </b:section>
<b:section id='header-right' showaddelement='yes'>
  <b:widget id='HTML1' locked='false' title='' type='HTML'>
    <b:includable id='main'>
  <!-- only display title if it's non-empty -->
  <b:if cond='data:title != &quot;&quot;'>
    <h2 class='title'><data:title/></h2>
  </b:if>
  <div class='widget-content'>
    <data:content/>
  </div>

  <b:include name='quickedit'/>
</b:includable>
  </b:widget>
</b:section>
<div style='clear: both;'/>
    </div>
    </div>
    <div class='header-cap-bottom cap-bottom'>
      <div class='cap-left'/>
      <div class='cap-right'/>
    </div>
    </div>
    </header>


<div id='cssmenu'>
<ul>
   <li class='active'><a href='index.html'><span>Home</span></a></li>
   <li class='has-sub'><a href='#'><span>Products</span></a>
      <ul>
         <li class='has-sub'><a href='#'><span>Product 1</span></a>
            <ul>
               <li><a href='#'><span>Sub Item</span></a></li>
               <li class='last'><a href='#'><span>Sub Item</span></a></li>
            </ul>
         </li>
         <li class='has-sub'><a href='#'><span>Product 2</span></a>
            <ul>
               <li><a href='#'><span>Sub Item</span></a></li>
               <li class='last'><a href='#'><span>Sub Item</span></a></li>
            </ul>
         </li>
      </ul>
   </li>
   <li><a href='#'><span>About</span></a></li>
   <li class='last'><a href='#'><span>Contact</span></a></li>
</ul>
</div>


  <b:section class='navbar' id='navbar' maxwidgets='1' showaddelement='no'>
    <b:widget id='Navbar1' locked='true' title='Navbar' type='Navbar'>
      <b:includable id='main'>&lt;script type=&quot;text/javascript&quot;&gt;
    function setAttributeOnload(object, attribute, val) {
      if(window.addEventListener) {
        window.addEventListener(&#39;load&#39;,
          function(){ object[attribute] = val; }, false);
      } else {
        window.attachEvent(&#39;onload&#39;, function(){ object[attribute] = val; });
      }
    }
  &lt;/script&gt;
&lt;div id=&quot;navbar-iframe-container&quot;&gt;&lt;/div&gt;
&lt;script type=&quot;text/javascript&quot; src=&quot;https://apis.google.com/js/plusone.js&quot;&gt;&lt;/script&gt;
&lt;script type=&quot;text/javascript&quot;&gt;
        gapi.load(&quot;iframes-styles-bubble&quot;, function() {
          if (window.iframes &amp;&amp; iframes.open) {
            iframes.open(
                &#39;//www.blogger.com/navbar.g?targetBlogID\0756805416664319133257\46blogName\75Alluring\46publishMode\75PUBLISH_MODE_BLOGSPOT\46navbarType\75LIGHT\46layoutType\75LAYOUTS\46searchRoot\75http://alluringtheme.blogspot.com/search\46blogLocale\75en_GB\46v\0752\46homepageUrl\75http://alluringtheme.blogspot.com/\46blogFollowUrl\75https://plus.google.com/113143762085765715608\46vt\75-3946414884895073450&#39;,
                {
                  container: &quot;navbar-iframe-container&quot;,
                  id: &quot;navbar-iframe&quot;
                },
                {
                });
          }
        });
      &lt;/script&gt;&lt;script type=&quot;text/javascript&quot;&gt;
(function() {
var script = document.createElement(&#39;script&#39;);
script.type = &#39;text/javascript&#39;;
script.src = &#39;//pagead2.googlesyndication.com/pagead/js/google_top_exp.js&#39;;
var head = document.getElementsByTagName(&#39;head&#39;)[0];
if (head) {
head.appendChild(script);
}})();
&lt;/script&gt;
</b:includable>
    </b:widget>
  </b:section>

  <b:if cond='data:blog.pageType == &quot;index&quot;'>
    <div itemscope='itemscope' itemtype='http://schema.org/Blog' style='display: none;'>
      <meta expr:content='data:blog.title' itemprop='name'/>
      <b:if cond='data:blog.metaDescription'>
        <meta expr:content='data:blog.metaDescription' itemprop='description'/>
      </b:if>
    </div>
  </b:if>

  <div class='body-fauxcolumns'>
    <div class='fauxcolumn-outer body-fauxcolumn-outer'>
    <div class='cap-top'>
      <div class='cap-left'/>
      <div class='cap-right'/>
    </div>
    <div class='fauxborder-left'>
    <div class='fauxborder-right'/>
    <div class='fauxcolumn-inner'>
    </div>
    </div>
    <div class='cap-bottom'>
      <div class='cap-left'/>
      <div class='cap-right'/>
    </div>
    </div>
  </div>

  <div class='content'>
  <div class='content-fauxcolumns'>
    <div class='fauxcolumn-outer content-fauxcolumn-outer'>
    <div class='cap-top'>
      <div class='cap-left'/>
      <div class='cap-right'/>
    </div>
    <div class='fauxborder-left'>
    <div class='fauxborder-right'/>
    <div class='fauxcolumn-inner'>
    </div>
    </div>
    <div class='cap-bottom'>
      <div class='cap-left'/>
      <div class='cap-right'/>
    </div>
    </div>
  </div>

  <div class='content-outer'>
  <div class='content-cap-top cap-top'>
    <div class='cap-left'/>
    <div class='cap-right'/>
  </div>
  <div class='fauxborder-left content-fauxborder-left'>
  <div class='fauxborder-right content-fauxborder-right'/>
  <div class='content-inner'>

   
    <div class='tabs-outer'>
    <div class='tabs-cap-top cap-top'>
      <div class='cap-left'/>
      <div class='cap-right'/>
    </div>
    <div class='fauxborder-left tabs-fauxborder-left'>
    <div class='fauxborder-right tabs-fauxborder-right'/>
    <div class='region-inner tabs-inner'>
      <b:section class='tabs' id='crosscol' maxwidgets='1' showaddelement='yes'/>
      <b:section class='tabs' id='crosscol-overflow' showaddelement='no'/>
    </div>
    </div>
    <div class='tabs-cap-bottom cap-bottom'>
      <div class='cap-left'/>
      <div class='cap-right'/>
    </div>
    </div>

    <div class='main-outer'>
    <div class='main-cap-top cap-top'>
      <div class='cap-left'/>
      <div class='cap-right'/>
    </div>

    <div class='fauxborder-left main-fauxborder-left'>
    <div class='fauxborder-right main-fauxborder-right'/>
    <div class='region-inner main-inner'>

      <div class='columns fauxcolumns'>

        <div class='fauxcolumn-outer fauxcolumn-center-outer'>
        <div class='cap-top'>
          <div class='cap-left'/>
          <div class='cap-right'/>
        </div>
        <div class='fauxborder-left'>
        <div class='fauxborder-right'/>
        <div class='fauxcolumn-inner'>
        </div>
        </div>
        <div class='cap-bottom'>
          <div class='cap-left'/>
          <div class='cap-right'/>
        </div>
        </div>

        <div class='fauxcolumn-outer fauxcolumn-left-outer'>
        <div class='cap-top'>
          <div class='cap-left'/>
          <div class='cap-right'/>
        </div>
        <div class='fauxborder-left'>
        <div class='fauxborder-right'/>
        <div class='fauxcolumn-inner'>
        </div>
        </div>
        <div class='cap-bottom'>
          <div class='cap-left'/>
          <div class='cap-right'/>
        </div>
        </div>

        <div class='fauxcolumn-outer fauxcolumn-right-outer'>
        <div class='cap-top'>
          <div class='cap-left'/>
          <div class='cap-right'/>
        </div>
        <div class='fauxborder-left'>
        <div class='fauxborder-right'/>
        <div class='fauxcolumn-inner'>
        </div>
        </div>
        <div class='cap-bottom'>
          <div class='cap-left'/>
          <div class='cap-right'/>
        </div>
        </div>

        <!-- corrects IE6 width calculation -->
        <div class='columns-inner'>

        <div class='column-center-outer'>
        <div class='column-center-inner'>
          <b:section class='main' id='main' showaddelement='no'>
            <b:widget id='Blog1' locked='true' title='Blog Posts' type='Blog'>
              <b:includable id='main' var='top'>
  <b:if cond='data:mobile == &quot;false&quot;'>

    <!-- posts -->
    <div class='blog-posts hfeed'>

      <b:include data='top' name='status-message'/>

      <data:defaultAdStart/>
      <b:loop values='data:posts' var='post'>
        <b:if cond='data:post.isDateStart'>
          <b:if cond='data:post.isFirstPost == &quot;false&quot;'>
            &lt;/div&gt;&lt;/div&gt;
          </b:if>
        </b:if>
        <b:if cond='data:post.isDateStart'>
          &lt;div class=&quot;date-outer&quot;&gt;
        </b:if>
        <b:if cond='data:post.dateHeader'>
          <h2 class='date-header'><span><data:post.dateHeader/></span></h2>
        </b:if>
        <b:if cond='data:post.isDateStart'>
          &lt;div class=&quot;date-posts&quot;&gt;
        </b:if>
        <div class='post-outer'>
        <b:include data='post' name='post'/>
        <b:if cond='data:blog.pageType == &quot;static_page&quot;'>
          <b:include data='post' name='comment_picker'/>
        </b:if>
        <b:if cond='data:blog.pageType == &quot;item&quot;'>
          <b:include data='post' name='comment_picker'/>
        </b:if>
        </div>
        <b:if cond='data:post.includeAd'>
          <b:if cond='data:post.isFirstPost'>
            <data:defaultAdEnd/>
          <b:else/>
            <data:adEnd/>
          </b:if>
          <div class='inline-ad'>
            <data:adCode/>
          </div>
          <data:adStart/>
        </b:if>
      </b:loop>
      <b:if cond='data:numPosts != 0'>
        &lt;/div&gt;&lt;/div&gt;
      </b:if>
      <data:adEnd/>
    </div>

    <!-- navigation -->
<b:if cond='data:blog.pageType == &quot;index&quot;'>
<b:include name='page-navi'/>
<b:else/>
<b:if cond='data:blog.pageType == &quot;archive&quot;'>
<b:include name='page-navi'/>
</b:if>
<b:else/>
<b:if cond='data:blog.pageType == &quot;item&quot;'>
<b:include name='nextprev'/>
</b:if>
</b:if>
    <!-- feed links -->
    <b:include name='feedLinks'/>

    <b:if cond='data:top.showStars'>
      <script src='//www.google.com/jsapi' type='text/javascript'/>
      <script type='text/javascript'>
        google.load(&quot;annotations&quot;, &quot;1&quot;, {&quot;locale&quot;: &quot;<data:top.languageCode/>&quot;});
        function initialize() {
          google.annotations.setApplicationId(<data:top.blogspotReviews/>);
          google.annotations.createAll();
          google.annotations.fetch();
        }
        google.setOnLoadCallback(initialize);
      </script>
    </b:if>

  <b:else/>
    <b:include name='mobile-main'/>
  </b:if>

  <b:if cond='data:top.showDummy'>
    <data:top.dummyBootstrap/>
  </b:if>

</b:includable>
              <b:includable id='backlinkDeleteIcon' var='backlink'>
  <span expr:class='&quot;item-control &quot; + data:backlink.adminClass'>
    <a expr:href='data:backlink.deleteUrl' expr:title='data:top.deleteBacklinkMsg'>
      <img src='//www.blogger.com/img/icon_delete13.gif'/>
    </a>
  </span>
</b:includable>
              <b:includable id='backlinks' var='post'>
  <a name='links'/><h4><data:post.backlinksLabel/></h4>
  <b:if cond='data:post.numBacklinks != 0'>
    <dl class='comments-block' id='comments-block'>
      <b:loop values='data:post.backlinks' var='backlink'>
        <div class='collapsed-backlink backlink-control'>
          <dt class='comment-title'>
            <span class='backlink-toggle-zippy'>&#160;</span>
            <a expr:href='data:backlink.url' rel='nofollow'><data:backlink.title/></a>
            <b:include data='backlink' name='backlinkDeleteIcon'/>
          </dt>
          <dd class='comment-body collapseable'>
            <data:backlink.snippet/>
          </dd>
          <dd class='comment-footer collapseable'>
            <span class='comment-author'><data:post.authorLabel/> <data:backlink.author/></span>
            <span class='comment-timestamp'><data:post.timestampLabel/> <data:backlink.timestamp/></span>
          </dd>
        </div>
      </b:loop>
    </dl>
  </b:if>
  <p class='comment-footer'>
    <a class='comment-link' expr:href='data:post.createLinkUrl' expr:id='data:widget.instanceId + &quot;_backlinks-create-link&quot;' target='_blank'><data:post.createLinkLabel/></a>
  </p>
</b:includable>
              <b:includable id='comment-form' var='post'>
  <div class='comment-form'>
    <a name='comment-form'/>
    <b:if cond='data:mobile'>
      <h4 id='comment-post-message'>
        <a expr:id='data:widget.instanceId + &quot;_comment-editor-toggle-link&quot;' href='javascript:void(0)'><data:postCommentMsg/></a></h4>
      <p><data:blogCommentMessage/></p>
      <data:blogTeamBlogMessage/>
      <a expr:href='data:post.commentFormIframeSrc' id='comment-editor-src'/>
      <iframe allowtransparency='true' class='blogger-iframe-colorize blogger-comment-from-post' frameborder='0' height='410' id='comment-editor' name='comment-editor' src='' style='display: none' width='100%'/>
    <b:else/>
      <h4 id='comment-post-message'><data:postCommentMsg/></h4>
      <p><data:blogCommentMessage/></p>
      <data:blogTeamBlogMessage/>
      <a expr:href='data:post.commentFormIframeSrc' id='comment-editor-src'/>
      <iframe allowtransparency='true' class='blogger-iframe-colorize blogger-comment-from-post' frameborder='0' height='410' id='comment-editor' name='comment-editor' src='' width='100%'/>
    </b:if>
    <data:post.friendConnectJs/>
    <data:post.cmtfpIframe/>
    <script type='text/javascript'>
      BLOG_CMT_createIframe(&#39;<data:post.appRpcRelayPath/>&#39;, &#39;<data:post.communityId/>&#39;);
    </script>
  </div>
</b:includable>
              <b:includable id='commentDeleteIcon' var='comment'>
  <span expr:class='&quot;item-control &quot; + data:comment.adminClass'>
    <b:if cond='data:showCmtPopup'>
      <div class='goog-toggle-button'>
        <div class='goog-inline-block comment-action-icon'/>
      </div>
    <b:else/>
      <a class='comment-delete' expr:href='data:comment.deleteUrl' expr:title='data:top.deleteCommentMsg'>
        <img src='//www.blogger.com/img/icon_delete13.gif'/>
      </a>
    </b:if>
  </span>
</b:includable>
              <b:includable id='comment_count_picker' var='post'>
  <b:if cond='data:post.forceIframeComments'>
    <span class='cmt_count_iframe_holder' expr:data-count='data:post.numComments' expr:data-onclick='data:post.addCommentOnclick' expr:data-post-url='data:post.url' expr:data-url='data:post.canonicalUrl'>
    </span>
  <b:else/>
    <b:if cond='data:post.commentSource == 1'>
      <span class='cmt_count_iframe_holder' expr:data-count='data:post.numComments' expr:data-onclick='data:post.addCommentOnclick' expr:data-post-url='data:post.url' expr:data-url='data:post.canonicalUrl'>
      </span>
    <b:else/>
      <a class='comment-link' expr:href='data:post.addCommentUrl' expr:onclick='data:post.addCommentOnclick'>
        <data:post.commentLabelFull/>:
      </a>
    </b:if>
  </b:if>
</b:includable>
              <b:includable id='comment_picker' var='post'>
  <b:if cond='data:post.forceIframeComments'>
    <b:include data='post' name='iframe_comments'/>
    <b:if cond='data:post.showThreadedComments'>
      <b:include data='post' name='threaded_comments'/>
    <b:else/>
      <b:include data='post' name='comments'/>
    </b:if>
  <b:else/>
    <b:if cond='data:post.commentSource == 1'>
      <b:include data='post' name='iframe_comments'/>
    <b:else/>
      <b:if cond='data:post.showThreadedComments'>
        <b:include data='post' name='threaded_comments'/>
      <b:else/>
        <b:include data='post' name='comments'/>
      </b:if>
    </b:if>
  </b:if>
</b:includable>
              <b:includable id='comments' var='post'>
  <div class='comments' id='comments'>
    <a name='comments'/>
    <b:if cond='data:post.allowComments'>
      <h4><data:post.commentLabelFull/>:</h4>

      <b:if cond='data:post.commentPagingRequired'>
        <span class='paging-control-container'>
          <b:if cond='data:post.hasOlderLinks'>
            <a expr:class='data:post.oldLinkClass' expr:href='data:post.oldestLinkUrl'><data:post.oldestLinkText/></a>
              &#160;
            <a expr:class='data:post.oldLinkClass' expr:href='data:post.olderLinkUrl'><data:post.olderLinkText/></a>
              &#160;
          </b:if>

          <data:post.commentRangeText/>

          <b:if cond='data:post.hasNewerLinks'>
            &#160;
            <a expr:class='data:post.newLinkClass' expr:href='data:post.newerLinkUrl'><data:post.newerLinkText/></a>
            &#160;
            <a expr:class='data:post.newLinkClass' expr:href='data:post.newestLinkUrl'><data:post.newestLinkText/></a>
          </b:if>
        </span>
      </b:if>

      <div expr:id='data:widget.instanceId + &quot;_comments-block-wrapper&quot;'>
        <dl expr:class='data:post.avatarIndentClass' id='comments-block'>
          <b:loop values='data:post.comments' var='comment'>
            <dt expr:class='&quot;comment-author &quot; + data:comment.authorClass' expr:id='data:comment.anchorName'>
              <b:if cond='data:comment.favicon'>
                <img expr:src='data:comment.favicon' height='16px' style='margin-bottom:-2px;' width='16px'/>
              </b:if>
              <a expr:name='data:comment.anchorName'/>
              <b:if cond='data:blog.enabledCommentProfileImages'>
                <data:comment.authorAvatarImage/>
              </b:if>
              <b:if cond='data:comment.authorUrl'>
                <a expr:href='data:comment.authorUrl' rel='nofollow'><data:comment.author/></a>
              <b:else/>
                <data:comment.author/>
              </b:if>
              <data:commentPostedByMsg/>
            </dt>
            <dd class='comment-body' expr:id='data:widget.instanceId + data:comment.cmtBodyIdPostfix'>
              <b:if cond='data:comment.isDeleted'>
                <span class='deleted-comment'><data:comment.body/></span>
              <b:else/>
                <p>
                  <data:comment.body/>
                </p>
              </b:if>
            </dd>
            <dd class='comment-footer'>
              <span class='comment-timestamp'>
                <a expr:href='data:comment.url' title='comment permalink'>
                  <data:comment.timestamp/>
                </a>
                <b:include data='comment' name='commentDeleteIcon'/>
              </span>
            </dd>
          </b:loop>
        </dl>
      </div>

      <b:if cond='data:post.commentPagingRequired'>
        <span class='paging-control-container'>
          <a expr:class='data:post.oldLinkClass' expr:href='data:post.oldestLinkUrl'>
            <data:post.oldestLinkText/>
          </a>
          <a expr:class='data:post.oldLinkClass' expr:href='data:post.olderLinkUrl'>
            <data:post.olderLinkText/>
          </a>
          &#160;
          <data:post.commentRangeText/>
          &#160;
          <a expr:class='data:post.newLinkClass' expr:href='data:post.newerLinkUrl'>
            <data:post.newerLinkText/>
          </a>
          <a expr:class='data:post.newLinkClass' expr:href='data:post.newestLinkUrl'>
            <data:post.newestLinkText/>
          </a>
        </span>
      </b:if>

      <p class='comment-footer'>
        <b:if cond='data:post.embedCommentForm'>
          <b:if cond='data:post.allowNewComments'>
            <b:include data='post' name='comment-form'/>
          <b:else/>
            <data:post.noNewCommentsText/>
          </b:if>
        <b:else/>
          <b:if cond='data:post.allowComments'>
            <a expr:href='data:post.addCommentUrl' expr:onclick='data:post.addCommentOnclick'><data:postCommentMsg/></a>
          </b:if>
        </b:if>

      </p>
    </b:if>
    <b:if cond='data:showCmtPopup'>
      <div id='comment-popup'>
        <iframe allowtransparency='true' frameborder='0' id='comment-actions' name='comment-actions' scrolling='no'>
        </iframe>
      </div>
    </b:if>

    <div id='backlinks-container'>
    <div expr:id='data:widget.instanceId + &quot;_backlinks-container&quot;'>
       <b:if cond='data:post.showBacklinks'>
         <b:include data='post' name='backlinks'/>
       </b:if>
    </div>
    </div>
  </div>
</b:includable>
              <b:includable id='feedLinks'>
  <b:if cond='data:blog.pageType != &quot;item&quot;'> <!-- Blog feed links -->
    <b:if cond='data:feedLinks'>
      <div class='blog-feeds'>
        <b:include data='feedLinks' name='feedLinksBody'/>
      </div>
    </b:if>

    <b:else/> <!--Post feed links -->
    <div class='post-feeds'>
      <b:loop values='data:posts' var='post'>
        <b:if cond='data:post.allowComments'>
          <b:if cond='data:post.feedLinks'>
            <b:include data='post.feedLinks' name='feedLinksBody'/>
          </b:if>
        </b:if>
      </b:loop>
    </div>
  </b:if>
</b:includable>
              <b:includable id='feedLinksBody' var='links'>
  <div class='feed-links'>
  <data:feedLinksMsg/>
  <b:loop values='data:links' var='f'>
     <a class='feed-link' expr:href='data:f.url' expr:type='data:f.mimeType' target='_blank'><data:f.name/> (<data:f.feedType/>)</a>
  </b:loop>
  </div>
</b:includable>
              <b:includable id='iframe_comments' var='post'>

  <b:if cond='data:post.allowIframeComments'>
    <script expr:src='data:post.iframeCommentSrc' type='text/javascript'/>
    <div class='cmt_iframe_holder' expr:data-href='data:post.canonicalUrl' expr:data-viewtype='data:post.viewType'/>

    <b:if cond='data:post.embedCommentForm == &quot;false&quot;'>
      <a expr:href='data:post.addCommentUrl' expr:onclick='data:post.addCommentOnclick'><data:postCommentMsg/></a>
    </b:if>
  </b:if>
</b:includable>
              <b:includable id='mobile-index-post' var='post'>
  <div class='mobile-date-outer date-outer'>
    <b:if cond='data:post.dateHeader'>
      <div class='date-header'>
        <span><data:post.dateHeader/></span>
      </div>
    </b:if>

    <div class='mobile-post-outer'>
      <a expr:href='data:post.url'>
        <h3 class='mobile-index-title entry-title' itemprop='name'>
          <data:post.title/>
        </h3>

        <div class='mobile-index-arrow'>&amp;rsaquo;</div>

        <div class='mobile-index-contents'>
          <b:if cond='data:post.thumbnailUrl'>
            <div class='mobile-index-thumbnail'>
              <div class='Image'>
                <img expr:src='data:post.thumbnailUrl'/>
              </div>
            </div>
          </b:if>

          <div class='post-body'>
            <b:if cond='data:post.snippet'><data:post.snippet/></b:if>
          </div>
        </div>

        <div style='clear: both;'/>
      </a>

      <div class='mobile-index-comment'>
        <b:if cond='data:blog.pageType != &quot;static_page&quot;'>
          <b:if cond='data:post.allowComments'>
            <b:if cond='data:post.numComments != 0'>
              <b:include data='post' name='comment_count_picker'/>
            </b:if>
          </b:if>
        </b:if>
      </div>
    </div>
  </div>
</b:includable>
              <b:includable id='mobile-main' var='top'>
    <!-- posts -->
    <div class='blog-posts hfeed'>

      <b:include data='top' name='status-message'/>

      <b:if cond='data:blog.pageType == &quot;index&quot;'>
        <b:loop values='data:posts' var='post'>
          <b:include data='post' name='mobile-index-post'/>
        </b:loop>
      <b:else/>
        <b:loop values='data:posts' var='post'>
          <b:include data='post' name='mobile-post'/>
        </b:loop>
      </b:if>
    </div>

   <b:include name='mobile-nextprev'/>
</b:includable>
              <b:includable id='mobile-nextprev'>
  <div class='blog-pager' id='blog-pager'>
    <b:if cond='data:newerPageUrl'>
      <div class='mobile-link-button' id='blog-pager-newer-link'>
      <a class='blog-pager-newer-link' expr:href='data:newerPageUrl' expr:id='data:widget.instanceId + &quot;_blog-pager-newer-link&quot;' expr:title='data:newerPageTitle'>&amp;lsaquo;</a>
      </div>
    </b:if>

    <b:if cond='data:olderPageUrl'>
      <div class='mobile-link-button' id='blog-pager-older-link'>
      <a class='blog-pager-older-link' expr:href='data:olderPageUrl' expr:id='data:widget.instanceId + &quot;_blog-pager-older-link&quot;' expr:title='data:olderPageTitle'>&amp;rsaquo;</a>
      </div>
    </b:if>

    <div class='mobile-link-button' id='blog-pager-home-link'>
    <a class='home-link' expr:href='data:blog.homepageUrl'><data:homeMsg/></a>
    </div>

    <div class='mobile-desktop-link'>
      <a class='home-link' expr:href='data:desktopLinkUrl'><data:desktopLinkMsg/></a>
    </div>

  </div>
  <div class='clear'/>
</b:includable>
              <b:includable id='mobile-post' var='post'>
  <div class='date-outer'>
    <b:if cond='data:post.dateHeader'>
      <h2 class='date-header'><span><data:post.dateHeader/></span></h2>
    </b:if>
    <div class='date-posts'>
      <div class='post-outer'>

        <div class='post hentry uncustomized-post-template' itemscope='itemscope' itemtype='http://schema.org/BlogPosting'>
          <b:if cond='data:post.thumbnailUrl'>
            <meta expr:content='data:post.thumbnailUrl' itemprop='image_url'/>
          </b:if>
          <meta expr:content='data:blog.blogId' itemprop='blogId'/>
          <meta expr:content='data:post.id' itemprop='postId'/>

          <a expr:name='data:post.id'/>
          <b:if cond='data:post.title'>
            <h3 class='post-title entry-title' itemprop='name'>
              <b:if cond='data:post.link'>
                <a expr:href='data:post.link'><data:post.title/></a>
              <b:else/>
                <b:if cond='data:post.url'>
                  <b:if cond='data:blog.url != data:post.url'>
                    <a expr:href='data:post.url'><data:post.title/></a>
                  <b:else/>
                    <data:post.title/>
                  </b:if>
                <b:else/>
                  <data:post.title/>
                </b:if>
              </b:if>
            </h3>
          </b:if>

          <div class='post-header'>
            <div class='post-header-line-1'/>
          </div>

          <div class='post-body entry-content' expr:id='&quot;post-body-&quot; + data:post.id' itemprop='articleBody'>
            <b:if cond='data:blog.pageType == &quot;item&quot;'>
<data:post.body/>
<b:else/>
<b:if cond='data:blog.pageType == &quot;static_page&quot;'>
<data:post.body/>
<b:else/>
<div expr:id='&quot;summary&quot; + data:post.id'>
<data:post.body/>
</div>
<script type='text/javascript'>
createSummaryAndThumb(&quot;summary<data:post.id/>&quot;);
</script>
<div style='clear: both;'/>
<span class='rmlink' style='font-weight:bold;padding:5px;float:right;text-align:right;'><a expr:href='data:post.url'>Read More </a></span>
</b:if>
</b:if>  
            <div style='clear: both;'/> <!-- clear for photos floats -->
          </div>

          <div class='post-footer'>
            <div class='post-footer-line post-footer-line-1'>
              <span class='post-author vcard'>
                <b:if cond='data:top.showAuthor'>
                  <b:if cond='data:post.authorProfileUrl'>
                    <span class='fn' itemprop='author' itemscope='itemscope' itemtype='http://schema.org/Person'>
                      <meta expr:content='data:post.authorProfileUrl' itemprop='url'/>
                      <a expr:href='data:post.authorProfileUrl' rel='author' title='author profile'>
                        <span itemprop='name'><data:post.author/></span>
                      </a>
                    </span>
                  <b:else/>
                    <span class='fn' itemprop='author' itemscope='itemscope' itemtype='http://schema.org/Person'>
                      <span itemprop='name'><data:post.author/></span>
                    </span>
                  </b:if>
                </b:if>
              </span>

              <span class='post-timestamp'>
                <b:if cond='data:top.showTimestamp'>
                  <data:top.timestampLabel/>
                  <b:if cond='data:post.url'>
                    <meta expr:content='data:post.canonicalUrl' itemprop='url'/>
                    <a class='timestamp-link' expr:href='data:post.url' rel='bookmark' title='permanent link'><abbr class='published' expr:title='data:post.timestampISO8601' itemprop='datePublished'><data:post.timestamp/></abbr></a>
                  </b:if>
                </b:if>
              </span>

              <span class='post-comment-link'>
                <b:if cond='data:blog.pageType != &quot;item&quot;'>
                  <b:if cond='data:blog.pageType != &quot;static_page&quot;'>
                    <b:if cond='data:post.allowComments'>
                      <b:include data='post' name='comment_count_picker'/>
                    </b:if>
                  </b:if>
                </b:if>
              </span>
            </div>

            <div class='post-footer-line post-footer-line-2'>
              <b:if cond='data:top.showMobileShare'>
                <div class='mobile-link-button goog-inline-block' id='mobile-share-button'>
                  <a href='javascript:void(0);'><data:shareMsg/></a>
                </div>
              </b:if>
              <b:if cond='data:top.showDummy'>
                <div class='goog-inline-block dummy-container'><data:post.dummyTag/></div>
              </b:if>
            </div>

          </div>
        </div>

        <b:if cond='data:blog.pageType == &quot;static_page&quot;'>
          <b:include data='post' name='comment_picker'/>
        </b:if>
        <b:if cond='data:blog.pageType == &quot;item&quot;'>
          <b:include data='post' name='comment_picker'/>
        </b:if>
      </div>
    </div>
  </div>
</b:includable>
              <b:includable id='nextprev'>
  <div class='blog-pager' id='blog-pager'>
    <b:if cond='data:newerPageUrl'>
      <span id='blog-pager-newer-link'>
      <a class='blog-pager-newer-link' expr:href='data:newerPageUrl' expr:id='data:widget.instanceId + &quot;_blog-pager-newer-link&quot;' expr:title='data:newerPageTitle'><data:newerPageTitle/></a>
      </span>
    </b:if>

    <b:if cond='data:olderPageUrl'>
      <span id='blog-pager-older-link'>
      <a class='blog-pager-older-link' expr:href='data:olderPageUrl' expr:id='data:widget.instanceId + &quot;_blog-pager-older-link&quot;' expr:title='data:olderPageTitle'><data:olderPageTitle/></a>
      </span>
    </b:if>

    <a class='home-link' expr:href='data:blog.homepageUrl'><data:homeMsg/></a>

    <b:if cond='data:mobileLinkUrl'>
      <div class='blog-mobile-link'>
        <a expr:href='data:mobileLinkUrl'><data:mobileLinkMsg/></a>
      </div>
    </b:if>

  </div>
  <div class='clear'/>
</b:includable>
              <b:includable id='page-navi'>
<div class='pagenavi'>
<script type='text/javascript'>
var pageNaviConf = {
perPage: 7,numPages: 5,firstText: &quot;First&quot;,
lastText: &quot;Last&quot;,
nextText: &quot;&#187;&quot;,
prevText: &quot;&#171;&quot;
}
</script>
<script src='http://awesome-navigation.googlecode.com/files/onlinetrick.js' type='text/javascript'/>
<div class='clear'/>
</div>
</b:includable>
              <b:includable id='post' var='post'>
  <div class='post hentry' itemprop='blogPost' itemscope='itemscope' itemtype='http://schema.org/BlogPosting'>
    <b:if cond='data:post.firstImageUrl'>
      <meta expr:content='data:post.firstImageUrl' itemprop='image_url'/>
    </b:if>
    <meta expr:content='data:blog.blogId' itemprop='blogId'/>
    <meta expr:content='data:post.id' itemprop='postId'/>

    <a expr:name='data:post.id'/>
    <b:if cond='data:post.title'>
      <h3 class='post-title entry-title' itemprop='name'>
      <b:if cond='data:post.link'>
        <a expr:href='data:post.link'><data:post.title/></a>
      <b:else/>
        <b:if cond='data:post.url'>
          <b:if cond='data:blog.url != data:post.url'>
            <a expr:href='data:post.url'><data:post.title/></a>
          <b:else/>
            <data:post.title/>
          </b:if>
        <b:else/>
          <data:post.title/>
        </b:if>
      </b:if>
      </h3>
    </b:if>

    <div class='post-header'>
    <div class='post-header-line-1'/>
    </div>

    <b:if cond='data:blog.metaDescription == &quot;&quot;'>
      <!-- Then use the post body as the schema.org description,
          for good G+/FB snippeting. -->
      <div class='post-body entry-content' expr:id='&quot;post-body-&quot; + data:post.id' itemprop='description articleBody'>
<b:if cond='data:blog.pageType == &quot;item&quot;'>
<data:post.body/>
<b:else/>
<b:if cond='data:blog.pageType == &quot;static_page&quot;'>
<data:post.body/>
<b:else/>
<div expr:id='&quot;summary&quot; + data:post.id'>
<data:post.body/>
</div>
<script type='text/javascript'>
createSummaryAndThumb(&quot;summary<data:post.id/>&quot;);
</script>
<div style='clear: both;'/>
<span class='rmlink' style='font-weight:bold;padding:5px;float:right;text-align:right;'><a expr:href='data:post.url'>Read More </a></span>
</b:if>
</b:if>        <div style='clear: both;'/> <!-- clear for photos floats -->
      </div>
    <b:else/>
      <div class='post-body entry-content' expr:id='&quot;post-body-&quot; + data:post.id' itemprop='articleBody'>
<b:if cond='data:blog.pageType == &quot;item&quot;'>
<data:post.body/>
<b:else/>
<b:if cond='data:blog.pageType == &quot;static_page&quot;'>
<data:post.body/>
<b:else/>
<div expr:id='&quot;summary&quot; + data:post.id'>
<data:post.body/>
</div>
<script type='text/javascript'>
createSummaryAndThumb(&quot;summary<data:post.id/>&quot;);
</script>
<div style='clear: both;'/>
<span class='rmlink' style='font-weight:bold;padding:5px;float:right;text-align:right;'><a expr:href='data:post.url'>Read More </a></span>
</b:if>
</b:if>          <div style='clear: both;'/> <!-- clear for photos floats -->
      </div>
    </b:if>
<b:if cond='data:blog.pageType == &quot;item&quot;'>
<div class='aumkarsocc'><h1>Share This!</h1><br/><span class='st_facebook_hcount' displayText='Facebook'/>
<span class='st_twitter_hcount' displayText='Tweet'/>
<span class='st_pinterest_hcount' displayText='Pinterest'/>
	<span class='st_googleplus_hcount' displayText='Google +'/></div>

<script src='http://w.sharethis.com/button/buttons.js' type='text/javascript'/>
<script type='text/javascript'>stLight.options({publisher: &quot;ur-8dffaa45-2b0e-8ba5-14d5-faf5846b4fc&quot;, doNotHash: false, doNotCopy: false, hashAddressBar: false});</script>
<style>

</style>

    </b:if>

    <b:if cond='data:post.hasJumpLink'>
      <div class='jump-link'>
        <a expr:href='data:post.url + &quot;#more&quot;' expr:title='data:post.title'><data:post.jumpText/></a>
      </div>
    </b:if>
<b:if cond='data:blog.pageType == &quot;item&quot;'>
<div id='related-posts'>
<b:loop values='data:post.labels' var='label'>
<b:if cond='data:label.isLast != &quot;true&quot;'>
</b:if>
<script expr:src='&quot;/feeds/posts/default/-/&quot; + data:label.name + &quot;?alt=json-in-script&amp;callback=related_results_labels_thumbs&amp;max-results=6&quot;' type='text/javascript'/></b:loop>
<script type='text/javascript'>
removeRelatedDuplicates_thumbs();
printRelatedLabels_thumbs(&quot;<data:post.url/>&quot;);
</script>
</div><div style='clear:both'/>
<!-- remove --></b:if>
<b:if cond='data:blog.url == data:blog.homepageUrl'><b:if cond='data:post.isFirstPost'>
<a href='http://lordhtml.blogspot.com'/>
</b:if></b:if>
    <div class='post-footer'>


    <div class='post-footer-line post-footer-line-1'><span class='post-author vcard'>
        <b:if cond='data:top.showAuthor'>
          <data:top.authorLabel/>
            <b:if cond='data:post.authorProfileUrl'>
              <span class='fn' itemprop='author' itemscope='itemscope' itemtype='http://schema.org/Person'>
                <meta expr:content='data:post.authorProfileUrl' itemprop='url'/>
                <a expr:href='data:post.authorProfileUrl' rel='author' title='author profile'>
                  <span itemprop='name'><data:post.author/></span>
                </a>
              </span>
            <b:else/>
              <span class='fn' itemprop='author' itemscope='itemscope' itemtype='http://schema.org/Person'>
                <span itemprop='name'><data:post.author/></span>
              </span>
            </b:if>
        </b:if>
      </span> <span class='post-timestamp'>
        <b:if cond='data:top.showTimestamp'>
          <data:top.timestampLabel/>
        <b:if cond='data:post.url'>
          <meta expr:content='data:post.canonicalUrl' itemprop='url'/>
          <a class='timestamp-link' expr:href='data:post.url' rel='bookmark' title='permanent link'><abbr class='published' expr:title='data:post.timestampISO8601' itemprop='datePublished'><data:post.timestamp/></abbr></a>
        </b:if>
        </b:if>
      </span> <span class='post-comment-link'>
        <b:if cond='data:blog.pageType != &quot;item&quot;'>
          <b:if cond='data:blog.pageType != &quot;static_page&quot;'>
            <b:if cond='data:post.allowComments'>
              <b:include data='post' name='comment_count_picker'/>
            </b:if>
          </b:if>
        </b:if>
      </span> <span class='post-icons'>
        <!-- email post links -->
        <b:if cond='data:post.emailPostUrl'>
          <span class='item-action'>
          <a expr:href='data:post.emailPostUrl' expr:title='data:top.emailPostMsg'>
              <img alt='' class='icon-action' height='13' src='http://img1.blogblog.com/img/icon18_email.gif' width='18'/>
          </a>
          </span>
        </b:if>

        <!-- quickedit pencil -->
        <b:include data='post' name='postQuickEdit'/>
      </span> <div class='post-share-buttons goog-inline-block'>
        <b:if cond='data:post.sharePostUrl'>
          <b:include data='post' name='shareButtons'/>
        </b:if>
      </div> </div>

      <div class='post-footer-line post-footer-line-2'><span class='post-labels'>
        <b:if cond='data:post.labels'>
          <data:postLabelsLabel/>
          <b:loop values='data:post.labels' var='label'>
            <a expr:href='data:label.url' rel='tag'><data:label.name/></a><b:if cond='data:label.isLast != &quot;true&quot;'>,</b:if>
          </b:loop>
        </b:if>
      </span> </div>

      <div class='post-footer-line post-footer-line-3'><span class='post-location'>
        <b:if cond='data:top.showLocation'>
          <b:if cond='data:post.location'>
            <data:postLocationLabel/>
            <a expr:href='data:post.location.mapsUrl' target='_blank'><data:post.location.name/></a>
          </b:if>
        </b:if>
      </span> </div>
    </div>
  </div>
</b:includable>
              <b:includable id='postQuickEdit' var='post'>
  <b:if cond='data:post.editUrl'>
    <span expr:class='&quot;item-control &quot; + data:post.adminClass'>
      <a expr:href='data:post.editUrl' expr:title='data:top.editPostMsg'>
        <img alt='' class='icon-action' height='18' src='http://img2.blogblog.com/img/icon18_edit_allbkg.gif' width='18'/>
      </a>
    </span>
  </b:if>
</b:includable>
              <b:includable id='shareButtons' var='post'>
  <b:if cond='data:top.showEmailButton'><a class='goog-inline-block share-button sb-email' expr:href='data:post.sharePostUrl + &quot;&amp;target=email&quot;' expr:title='data:top.emailThisMsg' target='_blank'><span class='share-button-link-text'><data:top.emailThisMsg/></span></a></b:if><b:if cond='data:top.showBlogThisButton'><a class='goog-inline-block share-button sb-blog' expr:href='data:post.sharePostUrl + &quot;&amp;target=blog&quot;' expr:onclick='&quot;window.open(this.href, \&quot;_blank\&quot;, \&quot;height=270,width=475\&quot;); return false;&quot;' expr:title='data:top.blogThisMsg' target='_blank'><span class='share-button-link-text'><data:top.blogThisMsg/></span></a></b:if><b:if cond='data:top.showTwitterButton'><a class='goog-inline-block share-button sb-twitter' expr:href='data:post.sharePostUrl + &quot;&amp;target=twitter&quot;' expr:title='data:top.shareToTwitterMsg' target='_blank'><span class='share-button-link-text'><data:top.shareToTwitterMsg/></span></a></b:if><b:if cond='data:top.showFacebookButton'><a class='goog-inline-block share-button sb-facebook' expr:href='data:post.sharePostUrl + &quot;&amp;target=facebook&quot;' expr:onclick='&quot;window.open(this.href, \&quot;_blank\&quot;, \&quot;height=430,width=640\&quot;); return false;&quot;' expr:title='data:top.shareToFacebookMsg' target='_blank'><span class='share-button-link-text'><data:top.shareToFacebookMsg/></span></a></b:if><b:if cond='data:top.showOrkutButton'><a class='goog-inline-block share-button sb-orkut' expr:href='data:post.sharePostUrl + &quot;&amp;target=orkut&quot;' expr:title='data:top.shareToOrkutMsg' target='_blank'><span class='share-button-link-text'><data:top.shareToOrkutMsg/></span></a></b:if><b:if cond='data:top.showDummy'><div class='goog-inline-block dummy-container'><data:post.dummyTag/></div></b:if>
</b:includable>
              <b:includable id='status-message'>
  <b:if cond='data:navMessage'>
  <div class='status-msg-wrap'>
    <div class='status-msg-body'>
      <data:navMessage/>
    </div>
    <div class='status-msg-border'>
      <div class='status-msg-bg'>
        <div class='status-msg-hidden'><data:navMessage/></div>
      </div>
    </div>
  </div>
  <div style='clear: both;'/>
  </b:if>
</b:includable>
              <b:includable id='threaded-comment-form' var='post'>
  <div class='comment-form'>
    <a name='comment-form'/>
    <b:if cond='data:mobile'>
      <p><data:blogCommentMessage/></p>
      <data:blogTeamBlogMessage/>
      <a expr:href='data:post.commentFormIframeSrc' id='comment-editor-src'/>
      <iframe allowtransparency='true' class='blogger-iframe-colorize blogger-comment-from-post' frameborder='0' height='410' id='comment-editor' name='comment-editor' src='' style='display: none' width='100%'/>
    <b:else/>
      <p><data:blogCommentMessage/></p>
      <data:blogTeamBlogMessage/>
      <a expr:href='data:post.commentFormIframeSrc' id='comment-editor-src'/>
      <iframe allowtransparency='true' class='blogger-iframe-colorize blogger-comment-from-post' frameborder='0' height='410' id='comment-editor' name='comment-editor' src='' width='100%'/>
    </b:if>
    <data:post.friendConnectJs/>
    <data:post.cmtfpIframe/>
    <script type='text/javascript'>
      BLOG_CMT_createIframe(&#39;<data:post.appRpcRelayPath/>&#39;, &#39;<data:post.communityId/>&#39;);
    </script>
  </div>
</b:includable>
              <b:includable id='threaded_comment_js' var='post'>
  <script async='async' expr:src='data:post.commentSrc' type='text/javascript'/>

  <script type='text/javascript'>
    (function() {
      var items = <data:post.commentJso/>;
      var msgs = <data:post.commentMsgs/>;
      var config = <data:post.commentConfig/>;

// <![CDATA[
      var cursor = null;
      if (items && items.length > 0) {
        cursor = parseInt(items[items.length - 1].timestamp) + 1;
      }

      var bodyFromEntry = function(entry) {
        if (entry.gd$extendedProperty) {
          for (var k in entry.gd$extendedProperty) {
            if (entry.gd$extendedProperty[k].name == 'blogger.contentRemoved') {
              return '<span class="deleted-comment">' + entry.content.$t + '</span>';
            }
          }
        }
        return entry.content.$t;
      }

      var parse = function(data) {
        cursor = null;
        var comments = [];
        if (data && data.feed && data.feed.entry) {
          for (var i = 0, entry; entry = data.feed.entry[i]; i++) {
            var comment = {};
            // comment ID, parsed out of the original id format
            var id = /blog-(\d+).post-(\d+)/.exec(entry.id.$t);
            comment.id = id ? id[2] : null;
            comment.body = bodyFromEntry(entry);
            comment.timestamp = Date.parse(entry.published.$t) + '';
            if (entry.author && entry.author.constructor === Array) {
              var auth = entry.author[0];
              if (auth) {
                comment.author = {
                  name: (auth.name ? auth.name.$t : undefined),
                  profileUrl: (auth.uri ? auth.uri.$t : undefined),
                  avatarUrl: (auth.gd$image ? auth.gd$image.src : undefined)
                };
              }
            }
            if (entry.link) {
              if (entry.link[2]) {
                comment.link = comment.permalink = entry.link[2].href;
              }
              if (entry.link[3]) {
                var pid = /.*comments\/default\/(\d+)\?.*/.exec(entry.link[3].href);
                if (pid && pid[1]) {
                  comment.parentId = pid[1];
                }
              }
            }
            comment.deleteclass = 'item-control blog-admin';
            if (entry.gd$extendedProperty) {
              for (var k in entry.gd$extendedProperty) {
                if (entry.gd$extendedProperty[k].name == 'blogger.itemClass') {
                  comment.deleteclass += ' ' + entry.gd$extendedProperty[k].value;
                } else if (entry.gd$extendedProperty[k].name == 'blogger.displayTime') {
                  comment.displayTime = entry.gd$extendedProperty[k].value;
                }
              }
            }
            comments.push(comment);
          }
        }
        return comments;
      };

      var paginator = function(callback) {
        if (hasMore()) {
          var url = config.feed + '?alt=json&v=2&orderby=published&reverse=false&max-results=50';
          if (cursor) {
            url += '&published-min=' + new Date(cursor).toISOString();
          }
          window.bloggercomments = function(data) {
            var parsed = parse(data);
            cursor = parsed.length < 50 ? null
                : parseInt(parsed[parsed.length - 1].timestamp) + 1
            callback(parsed);
            window.bloggercomments = null;
          }
          url += '&callback=bloggercomments';
          var script = document.createElement('script');
          script.type = 'text/javascript';
          script.src = url;
          document.getElementsByTagName('head')[0].appendChild(script);
        }
      };
      var hasMore = function() {
        return !!cursor;
      };
      var getMeta = function(key, comment) {
        if ('iswriter' == key) {
          var matches = !!comment.author
              && comment.author.name == config.authorName
              && comment.author.profileUrl == config.authorUrl;
          return matches ? 'true' : '';
        } else if ('deletelink' == key) {
          return config.baseUri + '/delete-comment.g?blogID='
               + config.blogId + '&postID=' + comment.id;
        } else if ('deleteclass' == key) {
          return comment.deleteclass;
        }
        return '';
      };

      var replybox = null;
      var replyUrlParts = null;
      var replyParent = undefined;

      var onReply = function(commentId, domId) {
        if (replybox == null) {
          // lazily cache replybox, and adjust to suit this style:
          replybox = document.getElementById('comment-editor');
          if (replybox != null) {
            replybox.height = '250px';
            replybox.style.display = 'block';
            replyUrlParts = replybox.src.split('#');
          }
        }
        if (replybox && (commentId !== replyParent)) {
          document.getElementById(domId).insertBefore(replybox, null);
          replybox.src = replyUrlParts[0]
              + (commentId ? '&parentID=' + commentId : '')
              + '#' + replyUrlParts[1];
          replyParent = commentId;
        }
      };

      var hash = (window.location.hash || '#').substring(1);
      var startThread, targetComment;
      if (/^comment-form_/.test(hash)) {
        startThread = hash.substring('comment-form_'.length);
      } else if (/^c[0-9]+$/.test(hash)) {
        targetComment = hash.substring(1);
      }

      // Configure commenting API:
      var configJso = {
        'maxDepth': config.maxThreadDepth
      };
      var provider = {
        'id': config.postId,
        'data': items,
        'loadNext': paginator,
        'hasMore': hasMore,
        'getMeta': getMeta,
        'onReply': onReply,
        'rendered': true,
        'initComment': targetComment,
        'initReplyThread': startThread,
        'config': configJso,
        'messages': msgs
      };

      var render = function() {
        if (window.goog && window.goog.comments) {
          var holder = document.getElementById('comment-holder');
          window.goog.comments.render(holder, provider);
        }
      };

      // render now, or queue to render when library loads:
      if (window.goog && window.goog.comments) {
        render();
      } else {
        window.goog = window.goog || {};
        window.goog.comments = window.goog.comments || {};
        window.goog.comments.loadQueue = window.goog.comments.loadQueue || [];
        window.goog.comments.loadQueue.push(render);
      }
    })();
// ]]>
  </script>
</b:includable>
              <b:includable id='threaded_comments' var='post'>
  <div class='comments' id='comments'>
    <a name='comments'/>
    <h4><data:post.commentLabelFull/>:</h4>

    <div class='comments-content'>
      <b:if cond='data:post.embedCommentForm'>
        <b:include data='post' name='threaded_comment_js'/>
      </b:if>
      <div id='comment-holder'>
         <data:post.commentHtml/>
      </div>
    </div>

    <p class='comment-footer'>
      <b:if cond='data:post.allowNewComments'>
        <b:include data='post' name='threaded-comment-form'/>
      <b:else/>
        <data:post.noNewCommentsText/>
      </b:if>
    </p>

    <b:if cond='data:showCmtPopup'>
      <div id='comment-popup'>
        <iframe allowtransparency='true' frameborder='0' id='comment-actions' name='comment-actions' scrolling='no'>
        </iframe>
      </div>
    </b:if>

    <div id='backlinks-container'>
    <div expr:id='data:widget.instanceId + &quot;_backlinks-container&quot;'>
       <b:if cond='data:post.showBacklinks'>
         <b:include data='post' name='backlinks'/>
       </b:if>
    </div>
    </div>
  </div>
</b:includable>
            </b:widget>
          </b:section>
        </div>
        </div>

        <div class='column-left-outer'>
        <div class='column-left-inner'>
          <aside>
          <macro:include id='main-column-left-sections' name='sections'>
            <macro:param default='0' name='num' value='0'/>
            <macro:param default='sidebar-left' name='idPrefix'/>
            <macro:param default='sidebar' name='class'/>
            <macro:param default='true' name='includeBottom'/>
          </macro:include>
          </aside>
        </div>
        </div>

        <div class='column-right-outer'>
        <div class='column-right-inner'>
          <aside>
          <macro:include id='main-column-right-sections' name='sections'>
            <macro:param default='2' name='num' value='1'/>
            <macro:param default='sidebar-right' name='idPrefix'/>
            <macro:param default='sidebar' name='class'/>
            <macro:param default='true' name='includeBottom'/>
          </macro:include>
          </aside>
        </div>
        </div>

        </div>

        <div style='clear: both'/>
      <!-- columns -->
      </div>

    <!-- main -->
    </div>
    </div>
    <div class='main-cap-bottom cap-bottom'>
      <div class='cap-left'/>
      <div class='cap-right'/>
    </div>
    </div>

    <footer>
    <div class='footer-outer'>
    <div class='footer-cap-top cap-top'>
      <div class='cap-left'/>
      <div class='cap-right'/>
    </div>
    <div class='fauxborder-left footer-fauxborder-left'>
    <div class='fauxborder-right footer-fauxborder-right'/>
    <div class='region-inner footer-inner'>
      <macro:include id='footer-sections' name='sections'>
        <macro:param default='2' name='num'/>
        <macro:param default='footer' name='idPrefix'/>
        <macro:param default='foot' name='class'/>
        <macro:param default='false' name='includeBottom'/>
      </macro:include>
      <!-- outside of the include in order to lock Attribution widget -->
      <b:section class='foot' id='footer-3' showaddelement='no'>
        <b:widget id='Attribution1' locked='true' title='' type='Attribution'>
          <b:includable id='main'>
    <b:if cond='data:feedbackSurveyLink'>
      <div class='mobile-survey-link' style='text-align: center;'>
        <data:feedbackSurveyLink/>
      </div>
    </b:if>

    <div class='widget-content' style='text-align: center;'>
      <b:if cond='data:attribution != &quot;&quot;'>
       <data:attribution/>
      </b:if>
    </div>

    <b:include name='quickedit'/>
  </b:includable>
        </b:widget>
      </b:section>
    </div>
    </div>
    <div class='footer-cap-bottom cap-bottom'>
      <div class='cap-left'/>
      <div class='cap-right'/>
    </div>
    </div>
    </footer>

  <!-- content -->
  </div>
  </div>
  <div class='content-cap-bottom cap-bottom'>
    <div class='cap-left'/>
    <div class='cap-right'/>
  </div>
  </div>
  </div>

  <script type='text/javascript'>
    window.setTimeout(function() {
        document.body.className = document.body.className.replace(&#39;loading&#39;, &#39;&#39;);
      }, 10);
  </script>
  <b:include data='blog' name='google-analytics'/>
<script src='http://code.jquery.com/jquery-latest.js'/>
<script>
$(&quot;img[src=&#39;http://img1.blogblog.com/img/anon36.png&#39;]&quot;)
.attr(&#39;src&#39;, &#39;http://2.bp.blogspot.com/-RJlf-kE3f4E/ULYPINwsLLI/AAAAAAAAHiw/kgi2HglQ6U4/s1600/ad516503a11cd5ca435acc9bb6523536.png&#39;)
.ssyby(&#39;blank&#39;)
</script>
<script src='http://code.jquery.com/jquery-latest.js'/>
<script>
$(&quot;img[src=&#39;http://img2.blogblog.com/img/b36-rounded.png&#39;]&quot;)
.attr(&#39;src&#39;, &#39;http://1.bp.blogspot.com/-eKbzORzVaBQ/T6ZXHmdgHqI/AAAAAAAACFs/rVy3T4gxojM/s1600/blogger-user.png&#39;)
.ssyby(&#39;blank&#39;)
</script>
<div class='footmenu'>

<ul id='menu'>                 
<li><a href='#'>Home</a></li>                 
<li><a href='#'>Products</a></li>                 
<li><a href='#'>Services</a></li>                
<li><a href='#'>About</a></li>                 
<li><a href='#'>Contact</a></li>             
</ul>
</div>

<div id='lower'> 
<div id='lower-wrapper'> 
<div id='lowerbar-wrapper'> 
<b:section class='lowerbar' id='lowerbar1' preferred='yes'>
   <b:widget id='HTML2' locked='false' title='About Alluring' type='HTML'>
     <b:includable id='main'>
  <!-- only display title if it's non-empty -->
  <b:if cond='data:title != &quot;&quot;'>
    <h2 class='title'><data:title/></h2>
  </b:if>
  <div class='widget-content'>
    <data:content/>
  </div>

  <b:include name='quickedit'/>
</b:includable>
   </b:widget>
 </b:section> 
</div> 
<div id='lowerbar-wrapper'> 
<b:section class='lowerbar' id='lowerbar2' preferred='yes'>
   <b:widget id='PopularPosts1' locked='false' title='Popular Posts' type='PopularPosts'>
     <b:includable id='main'>
  <b:if cond='data:title'><h2><data:title/></h2></b:if>
  <div class='widget-content popular-posts'>
    <ul>
      <b:loop values='data:posts' var='post'>
      <li>
        <b:if cond='data:showThumbnails == &quot;false&quot;'>
          <b:if cond='data:showSnippets == &quot;false&quot;'>
            <!-- (1) No snippet/thumbnail -->
            <a expr:href='data:post.href'><data:post.title/></a>
          <b:else/>
            <!-- (2) Show only snippets -->
            <div class='item-title'><a expr:href='data:post.href'><data:post.title/></a></div>
            <div class='item-snippet'><data:post.snippet/></div>
          </b:if>
        <b:else/>
          <b:if cond='data:showSnippets == &quot;false&quot;'>
            <!-- (3) Show only thumbnails -->
            <div class='item-thumbnail-only'>
              <b:if cond='data:post.thumbnail'>
                <div class='item-thumbnail'>
                  <a expr:href='data:post.href' target='_blank'>
                    <img alt='' border='0' expr:height='data:thumbnailSize' expr:src='data:post.thumbnail' expr:width='data:thumbnailSize'/>
                  </a>
                </div>
              </b:if>
              <div class='item-title'><a expr:href='data:post.href'><data:post.title/></a></div>
            </div>
            <div style='clear: both;'/>
          <b:else/>
            <!-- (4) Show snippets and thumbnails -->
            <div class='item-content'>
              <b:if cond='data:post.thumbnail'>
                <div class='item-thumbnail'>
                  <a expr:href='data:post.href' target='_blank'>
                    <img alt='' border='0' expr:height='data:thumbnailSize' expr:src='data:post.thumbnail' expr:width='data:thumbnailSize'/>
                  </a>
                </div>
              </b:if>
              <div class='item-title'><a expr:href='data:post.href'><data:post.title/></a></div>
              <div class='item-snippet'><data:post.snippet/></div>
            </div>
            <div style='clear: both;'/>
          </b:if>
        </b:if>
      </li>
      </b:loop>
    </ul>
    <b:include name='quickedit'/>
  </div>
</b:includable>
   </b:widget>
 </b:section> 
</div> 
<div id='lowerbar-wrapper'> 
<b:section class='lowerbar' id='lowerbar3' preferred='yes'>
   <b:widget id='Stats1' locked='false' title='Total Pageviews' type='Stats'>
     <b:includable id='main'>
  <b:if cond='data:title'><h2><data:title/></h2></b:if>
  <div class='widget-content'>
    <!-- Content is going to be visible when data will be fetched from server. -->
    <div expr:id='data:widget.instanceId + &quot;_content&quot;' style='display: none;'>
      <!-- Counter and image will be injected later via AJAX call. -->
      <b:if cond='data:showSparkline'>
        <img alt='Sparkline' expr:id='data:widget.instanceId + &quot;_sparkline&quot;' height='30' width='75'/>
      </b:if>
      <b:if cond='data:showGraphicalCounter'>
        <span class='counter-wrapper graph-counter-wrapper' expr:id='data:widget.instanceId + &quot;_totalCount&quot;'/>
      <b:else/>
        <span class='counter-wrapper text-counter-wrapper' expr:id='data:widget.instanceId + &quot;_totalCount&quot;'/>
      </b:if>
      <b:include name='quickedit'/>
    </div>
  </div>
</b:includable>
   </b:widget>
 </b:section> 
</div> 
<div style='clear: both;'/> 
</div> </div>
 <div style='text-align: center; display:block !important; background:white; padding:10px;'>
Powered By <a href='http://www.blogger.com/'>Blogger </a>&#183; Designed By <a href='http://www.seobloggertemplates.com/' id='importantlinks'>Seo Blogger Templates</a> Published..<a href='http://gooyaabitemplates.com/' id='importantlinks'> Blogger Templates </a>
</div>

</body>

<macro:includable id='sections' var='col'>
  <macro:if cond='data:col.num == 0'>
  <macro:else/>
    <b:section mexpr:class='data:col.class' mexpr:id='data:col.idPrefix + &quot;-1&quot;' preferred='yes' showaddelement='yes'/>

    <macro:if cond='data:col.num &gt;= 2'>
      <table border='0' cellpadding='0' cellspacing='0' mexpr:class='&quot;section-columns columns-&quot; + data:col.num'>
      <tbody>
      <tr>
        <td class='first columns-cell'>
          <b:section mexpr:class='data:col.class' mexpr:id='data:col.idPrefix + &quot;-2-1&quot;'/>
        </td>

        <td class='columns-cell'>
          <b:section mexpr:class='data:col.class' mexpr:id='data:col.idPrefix + &quot;-2-2&quot;'/>
        </td>

        <macro:if cond='data:col.num &gt;= 3'>
          <td class='columns-cell'>
            <b:section mexpr:class='data:col.class' mexpr:id='data:col.idPrefix + &quot;-2-3&quot;'/>
          </td>
        </macro:if>

        <macro:if cond='data:col.num &gt;= 4'>
          <td class='columns-cell'>
            <b:section mexpr:class='data:col.class' mexpr:id='data:col.idPrefix + &quot;-2-4&quot;'/>
          </td>
        </macro:if>
      </tr>
      </tbody>
      </table>

      <macro:if cond='data:col.includeBottom'>
        <b:section mexpr:class='data:col.class' mexpr:id='data:col.idPrefix + &quot;-3&quot;' showaddelement='no'/>
      </macro:if>
    </macro:if>
  </macro:if>
</macro:includable>

<b:section-contents id='sidebar-right-1'>
  <b:widget id='HTML3' locked='false' title='Search' type='HTML'>
    <b:includable id='main'>
  <!-- only display title if it's non-empty -->
  <b:if cond='data:title != &quot;&quot;'>
    <h2 class='title'><data:title/></h2>
  </b:if>
  <div class='widget-content'>
    <data:content/>
  </div>

  <b:include name='quickedit'/>
</b:includable>
  </b:widget>
  <b:widget id='HTML4' locked='false' title='Like Us' type='HTML'>
    <b:includable id='main'>
  <!-- only display title if it's non-empty -->
  <b:if cond='data:title != &quot;&quot;'>
    <h2 class='title'><data:title/></h2>
  </b:if>
  <div class='widget-content'>
    <data:content/>
  </div>

  <b:include name='quickedit'/>
</b:includable>
  </b:widget>
  <b:widget id='Label1' locked='false' title='Labels' type='Label'>
    <b:includable id='main'>
  <b:if cond='data:title'>
    <h2><data:title/></h2>
  </b:if>
  <div expr:class='&quot;widget-content &quot; + data:display + &quot;-label-widget-content&quot;'>
    <b:if cond='data:display == &quot;list&quot;'>
      <ul>
      <b:loop values='data:labels' var='label'>
        <li>
          <b:if cond='data:blog.url == data:label.url'>
            <span expr:dir='data:blog.languageDirection'><data:label.name/></span>
          <b:else/>
            <a expr:dir='data:blog.languageDirection' expr:href='data:label.url'><data:label.name/></a>
          </b:if>
          <b:if cond='data:showFreqNumbers'>
            <span dir='ltr'>(<data:label.count/>)</span>
          </b:if>
        </li>
      </b:loop>
      </ul>
    <b:else/>
      <b:loop values='data:labels' var='label'>
        <span expr:class='&quot;label-size label-size-&quot; + data:label.cssSize'>
          <b:if cond='data:blog.url == data:label.url'>
            <span expr:dir='data:blog.languageDirection'><data:label.name/></span>
          <b:else/>
            <a expr:dir='data:blog.languageDirection' expr:href='data:label.url'><data:label.name/></a>
          </b:if>
          <b:if cond='data:showFreqNumbers'>
            <span class='label-count' dir='ltr'>(<data:label.count/>)</span>
          </b:if>
        </span>
      </b:loop>
    </b:if>
    <b:include name='quickedit'/>
  </div>
</b:includable>
  </b:widget>
  <b:widget id='Profile1' locked='false' title='About Me' type='Profile'>
    <b:includable id='main'>
    <b:if cond='data:title != &quot;&quot;'>
      <h2><data:title/></h2>
    </b:if>
    <div class='widget-content'>
    <b:if cond='data:team == &quot;true&quot;'> <!-- team blog profile -->
      <ul>
        <b:loop values='data:authors' var='i'>
          <li><a class='profile-name-link g-profile' expr:href='data:i.userUrl' expr:style='&quot;background-image: url(&quot; + data:i.profileLogo + &quot;);&quot;'><data:i.display-name/></a></li>
        </b:loop>
      </ul>

    <b:else/> <!-- normal blog profile -->

      <b:if cond='data:photo.url != &quot;&quot;'>
        <a expr:href='data:userUrl'><img class='profile-img' expr:alt='data:photo.alt' expr:height='data:photo.height' expr:src='data:photo.url' expr:width='data:photo.width'/></a>
      </b:if>

      <dl class='profile-datablock'>
        <dt class='profile-data'>
          <a class='profile-name-link g-profile' expr:href='data:userUrl' expr:style='&quot;background-image: url(&quot; + data:profileLogo + &quot;);&quot;' rel='author'>
            <data:displayname/>
          </a>
          <b:if cond='data:hasgoogleprofile'>
            <br/>
            <div class='g-follow' data-annotation='bubble' data-height='20' expr:data-href='data:userUrl'/>
          </b:if>
        </dt>

        <b:if cond='data:showlocation == &quot;true&quot;'>
          <dd class='profile-data'><data:location/></dd>
        </b:if>

        <b:if cond='data:aboutme != &quot;&quot;'><dd class='profile-textblock'><data:aboutme/></dd></b:if>
      </dl>
      <a class='profile-link' expr:href='data:userUrl' rel='author'><data:viewProfileMsg/></a>
    </b:if>

     <b:include name='quickedit'/>
    </div>
  </b:includable>
  </b:widget>
</b:section-contents><b:section-contents id='footer-1'/><b:section-contents id='footer-2-1'/><b:section-contents id='footer-2-2'/></html>