<?xml version="1.0" encoding="UTF-8" ?>
<!DOCTYPE html PUBLIC "-//W3C//DTD XHTML 1.0 Strict//EN" "http://www.w3.org/TR/xhtml1/DTD/xhtml1-strict.dtd">
<html expr:dir='data:blog.languageDirection' xmlns='http://www.w3.org/1999/xhtml' xmlns:b='http://www.google.com/2005/gml/b' xmlns:data='http://www.google.com/2005/gml/data' xmlns:expr='http://www.google.com/2005/gml/expr'>
  <head>
<SCRIPT type='text/javascript'> var thumbnail_mode = &quot;no-float&quot; ; summary_noimg = 500; summary_img = 400; img_thumb_height = 125; img_thumb_width = 125; </SCRIPT><SCRIPT src='http://www.smashingtips.com/wp-content/uploads/2009/05/read-more.js' type='text/javascript'/>
    <b:include data='blog' name='all-head-content'/>
    <title><data:blog.pageTitle/></title>
    <b:skin><![CDATA[/*
-----------------------------------------------
      Blogger Template Style
-----------------------------------------------
Name           : Ariya Blogger Theme
Converted by   : Vk Bhardwaj
Converters URI : http://www.besttheme.net/
Tags           : Tech, Technology, Ads Ready, Two Columns, Right Sidebar, Fixed 
-----------------------------------------------
WP.Author Name : NewWpThemes.com
WP.Author URI  : http://newwpthemes.com/
WP.Theme Url   : http://newwpthemes.com/livedemo/?wptheme=Ariya
----------------------------------------------- */
Ariya Blogger Template comes under a Creative Commons Attribution-Noncommercial-Share Alike 2.5 Malaysia License. 
This means it is free to use on your blog, and you must keep the footer link intact, also as a respect to the designer and converter.
We sincerely need your respect to continue our free Blogger template production, thank you.
besttheme.net
----------------------------------------------- */
body#layout #subscription,body#layout #topsearch,body#layout #footer,body#layout #footer2{display:none}
*{margin:0;padding:0}
#navbar-iframe{display:none}
body{font-size:75%;color:#222;background:#fff;font-family:"Helvetica Neue",Arial,Helvetica,sans-serif}
h1,h2,h3,h4,h5,h6{font-weight:normal;color:#111}
h1{font-size:3em;line-height:1;margin-bottom:0.5em}
h2{font-size:2em;margin-bottom:0.75em}
h3{font-size:1.5em;line-height:1;margin-bottom:1em}
h4{font-size:1.2em;line-height:1.25;margin-bottom:1.25em}
h5{font-size:1em;font-weight:bold;margin-bottom:1.5em}
h6{font-size:1em;font-weight:bold}
h1 img,h2 img,h3 img,h4 img,h5 img,h6 img{margin:0}
p{margin:0 0 1.5em}
p img.left{float:left;margin:1.5em 1.5em 1.5em 0;padding:0}
p img.right{float:right;margin:1.5em 0 1.5em 1.5em}
a:focus,a:hover{color:#000}
a{color:#009;text-decoration:underline}
blockquote{margin:1.5em;color:#666;font-style:italic}
strong{font-weight:bold}
em,dfn{font-style:italic}
dfn{font-weight:bold}
sup,sub{line-height:0}
abbr,acronym{border-bottom:1px dotted #666}
address{margin:0 0 1.5em;font-style:italic}
del{color:#666}
pre{margin:1.5em 0;white-space:pre}
pre,code,tt{font:1em 'andale mono','lucida console',monospace;line-height:1.5}
li ul,li ol{margin:0 1.5em}
ul,ol{margin:0 1.5em 1.5em 1.5em}
ul{list-style-type:disc}
ol{list-style-type:decimal}
dl{margin:0 0 1.5em 0}
dl dt{font-weight:bold}
dd{margin-left:1.5em}
table{margin-bottom:1.4em;width:100%}
th{font-weight:bold}
thead th{background:#c3d9ff}
th,td,caption{padding:4px 10px 4px 5px}
tr.even td{background:#e5ecf9}
tfoot{font-style:italic}
caption{background:#eee}
.small{font-size:.8em;margin-bottom:1.875em;line-height:1.875em}
.large{font-size:1.2em;line-height:2.5em;margin-bottom:1.25em}
.hide{display:none}
.quiet{color:#666}
.loud{color:#000}
.highlight{background:#ff0}
.added{background:#060;color:#fff}
.removed{background:#900;color:#fff}
.first{margin-left:0;padding-left:0}
.last{margin-right:0;padding-right:0}
.top{margin-top:0;padding-top:0}
.bottom{margin-bottom:0;padding-bottom:0}
label{font-weight:bold}
fieldset{padding:1.4em;margin:0 0 1.5em 0;border:1px solid #ccc}
legend{font-weight:bold;font-size:1.2em}
input.text,input.title,textarea,select{margin:0.5em 0;border:1px solid #bbb}
input.text:focus,input.title:focus,textarea:focus,select:focus{border:1px solid #666}
input.text,input.title{width:300px;padding:5px}
input.title{font-size:1.5em}
textarea{width:390px;height:250px;padding:5px}
.container{width:950px;margin:0 auto}
.column,div.span-1,div.span-2,div.span-3,div.span-4,div.span-5,div.span-6,div.span-7,div.span-8,div.span-9,div.span-10,div.span-11,div.span-12,div.span-13,div.span-14,div.span-15,div.span-16,div.span-17,div.span-18,div.span-19,div.span-20,div.span-21,div.span-22,div.span-23,div.span-24{float:left;margin-right:10px}
.last,div.last{margin-right:0}
.span-1{width:30px}
.span-2{width:70px}
.span-3{width:110px}
.span-4{width:150px}
.span-5{width:190px}
.span-6{width:230px}
.span-7{width:270px}
.span-8{width:310px}
.span-9{width:350px}
.span-10{width:390px}
.span-11{width:430px}
.span-12{width:470px}
.span-13{width:510px}
.span-14{width:550px}
.span-15{width:590px}
.span-16{width:630px}
.span-17{width:670px}
.span-18{width:710px}
.span-19{width:750px}
.span-20{width:790px}
.span-21{width:830px}
.span-22{width:870px}
.span-23{width:910px}
.span-24,div.span-24{width:950px;margin:0}
.box{padding:1.5em;margin-bottom:1.5em;background:#E5ECF9}
hr{background:#ddd;color:#ddd;clear:both;float:none;width:100%;height:.1em;margin:0 0 1.45em;border:none}
hr.space{background:#fff;color:#fff}
.clearfix:after,.container:after{content:"\0020";display:block;height:0;clear:both;visibility:hidden;overflow:hidden}
.clearfix,.container{display:block}
.clear{clear:both}
/* LAYOUT */
body {background: #b5b6b1 url(http://3.bp.blogspot.com/_rgHYBmPCWo4/S-1TC_WsgxI/AAAAAAAABwA/sdjvRuhR-UY/s1600/background.png) top left repeat-x;}
#wrapper {}
#container {}
#contentwrap {background: url(http://3.bp.blogspot.com/_rgHYBmPCWo4/S-1TW100fzI/AAAAAAAABwI/L8nmp0RYA34/s1600/contentwrap.png) top left repeat-y;}
a {color: #96a817;}
a:hover {color: #748500;}
/* HEADER */
#header {height: 88px;}
#header h1 {margin-bottom: 0px !important;padding: 8px 0 0 0;font-weight: bold;font-family: Georgia, Times New Roman Times, Serif;font-size: 46px;text-transform: uppercase;}
#header h1 a, #header h1 a:visited {color: #fff;text-decoration: none;}
#header h2 {color: #858381;font-size: 14px;line-height: 14px; font-family: Times New Roman, Times, Serif;font-style: italic;}
.logoimg {margin: 5px 0 0 0px;}
.feedtwitter {margin-top: 24px !important;text-align: right;}
/* NAVIGATION MENUS */
#pagemenucontainer {height: 38px;margin:19px 0 0 0;}
#pagemenu {height: 30px;}
#pagemenu, #pagemenu ul { padding: 0;margin: 0;list-style: none;line-height: 1;}
#pagemenu {margin-bottom: 1px;}
#pagemenu ul {float: left;list-style: none;margin: 0px 0px 0px 0px;padding: 0px;}
#pagemenu li {float: left;list-style: none;margin: 0px;padding: 0px;}
#pagemenu ul li {list-style: none;margin: 0px;padding: 0px;}
#pagemenu li a, #pagemenu li a:link {color: #fff;display: block;margin: 0px;padding: 12px 15px;text-decoration: none;font-style: italic;font-size: 12px;font-family: Georgia, Times New Roman Times, Serif;}
#pagemenu li a:hover, #pagemenu li a:active {background: url(http://1.bp.blogspot.com/_rgHYBmPCWo4/S-1ToabkFzI/AAAAAAAABwQ/P1JBoAWzboc/s1600/pagenav-background.png) top center no-repeat;color: #97a919;display: block;text-decoration: none;}
#pagemenu  li.current_page_item a {
background: url(http://1.bp.blogspot.com/_rgHYBmPCWo4/S-1ToabkFzI/AAAAAAAABwQ/P1JBoAWzboc/s1600/pagenav-background.png) top center no-repeat;color: #97a919;}
#pagemenu li:hover, #pagemenu li.sfhover { position: static;}
.navcontainer {height: 32px;border-bottom: 4px solid #91a311;}
#nav {height: 32px;}
#nav, #nav ul { padding: 0;margin: 0;list-style: none;line-height: 1;}
#nav {margin-bottom: 1px;}
#nav ul {float: left;list-style: none;margin: 0px 0px 0px 0px;padding: 0px;}
#nav li {float: left;list-style: none;margin: 0px;padding: 0px;}
#nav ul li {list-style: none;margin: 0px;padding: 0px;}
#nav li a, #nav li a:link {color: #fff;display: block;margin: 0;padding: 12px 26px  12px 0;text-decoration: none;font-size: 12px;font-weight: bold;text-shadow: 0 1px 0 #1c1a19;text-transform: uppercase;}
#nav li a:hover, #nav li a:active{color: #91a311;text-shadow: 0 1px 0 #262525;display: block;text-decoration: none;}
#nav  li.current-cat a {color: #91a311;text-shadow: 0 1px 0 #262525;}
#nav li:hover, #nav li.sfhover { position: static;}
#content{padding:15px 0px 0 15px}
pre{overflow:auto;width:470px}
.postwrap{margin:10px 3px 15px 0;border:1px solid #cac9ca;background-color:#f3f3f3}
.post{background:#eaeae9;border:1px solid #fff;padding:15px}
.post_thumbnail{padding:6px;background:#fff;border:1px solid #ccc;margin:0 10px 10px 0}
.post p{margin-bottom:10px}
.title{margin:0 0 8px 0;padding:0px;line-height:22px;font-size:22px;font-family:Arial,Verdana;color:#424141;font-weight:bold}
.title a{text-decoration:none;color:#424141}
.title a:hover{color:#748500}
.pagetitle{margin-bottom:20px;line-height:22px;font-family:Arial,Verdana;text-decoration:underline}
.readmorecontent{text-align:right}
a.readmore{padding:4px 15px;background:#b3b3b3;color:#434242;text-decoration:none;text-shadow:0 1px 0 #d4d4d4;font-size:12px}
a.readmore:hover{background-color:#c6c6c6;text-shadow:0 1px 0 #d4d4d4;color:#434242}
.postdate{font-size:11px;padding:1px 0px;font-family:Arial,Verdana;color:#444444}
.postmeta{font-size:11px;padding:2px 4px;font-family:Arial,Verdana;color:#474747}
.postdate img,.postmeta img{border:none;vertical-align:middle;margin:2px}
.entry{text-align:justify;line-height:20px;padding-top:8px;font-family:Arial,Verdana;font-size:14px}
.navigation{padding:10px 0}
blockquote{overflow:hidden;padding-left:9px;font-style:italic;color:#666;border-left:3px solid #CADAE7}
.post img{max-width:680px}
.sidebaradbox{margin-top:5px;text-align:center}
.ad125{margin:8px}
.sidebar{margin:0 10px 10px 10px;color:#e4e4e4}
.sidebar a{text-decoration:none;color:#e4e4e4}
.sidebar a:hover{text-decoration:underline;color:#c5d741}
#search{border:1px solid #3f3d3b;height:28px;padding:0;background:#f1f3f4;text-align:right}
#search input{border:0;background:none;color:#5d5d5d}
#s{width:220px;padding:4px;margin:2px 0 0 0;background:none}
#topsearch #search{margin-top:24px}
#topsearch #s{width:190px}
.addthis_toolbox{margin:15px 0 0 0;text-align:center}
.addthis_toolbox .custom_images a{width:32px;height:32px;margin:0 3px 0 3px;padding:0}
.addthis_toolbox .custom_images a:hover img{opacity:1}
.addthis_toolbox .custom_images a img{opacity:0.75}
.sidebarvideo{}
.sidebar h2{margin:10px 0 0 0;padding:2px 0 16px 15px;font-size:22px;font-family:Georgia,Times New Roman Times,Serif;font-style:italic;color:#fff;background:url(http://4.bp.blogspot.com/_rgHYBmPCWo4/S-1UAO-ISEI/AAAAAAAABwY/Y_9yQucEIn8/s1600/sidebar-tab.png) top left no-repeat;text-shadow:0 1px 0 #5d690a}
.sidebar ul{list-style-type:none;margin:0px 0px 10px 0px;padding:0px}
.sidebar ul li{list-style-type:none;margin:0px 0px 5px 0px;padding:0px}
.sidebar ul{list-style-type:none;margin:0px;padding:0px}
.sidebar ul li{padding:4px 0px 6px 15px;margin:0px;background:url(http://3.bp.blogspot.com/_rgHYBmPCWo4/S-1UQwCYHmI/AAAAAAAABwg/PmzgNKaUmZc/s1600/bullet.gif) no-repeat top left;border-bottom:1px solid #504f4e}
.sidebar ul li ul li{background:url(http://3.bp.blogspot.com/_rgHYBmPCWo4/S-1UQwCYHmI/AAAAAAAABwg/PmzgNKaUmZc/s1600/bullet.gif) no-repeat top left;padding:4px 0px 6px 15px;margin:2px 0;border-bottom:1px solid #504f4e}
#footer{background:#312f2d;padding:25px;text-align:center;color:#fff;font-size:13px}
#footer a{color:#fff}
#footer a:hover{text-decoration:none}
#footer2{color:#4f4f4f;font-size:11px;text-align:center;padding:10px}
#footer2 a{color:#4f4f4f;text-decoration:none}
#comments{margin:10px}
#comments h4{margin:1em 0;font-weight:bold;line-height:1.4em;letter-spacing:.2em}
#comments-block{margin:1em 0 1.5em;line-height:1.6em}
#comments-block .comment-author{margin:.5em 0}
#comments-block .comment-body{margin:.25em 0 0}
#comments-block .comment-footer{margin:-.25em 0 2em;line-height:1.4em;text-transform:uppercase;letter-spacing:.1em}
#comments-block .comment-body p{margin:0 0 .75em}
.deleted-comment{font-style:italic;color:gray}
img{border:0}
.feed-links{clear:both;line-height:2.5em;margin-left:10px}
#blog-pager-newer-link{float:left}
#blog-pager-older-link{float:right}
#blog-pager{text-align:center}
]]></b:skin>
  </head>
  <body>
 <div id='wrapper'> 
		<div class='container' id='container'>  
			<div class='span-24'> 
				<div class='span-15'> 
					<div id='pagemenucontainer'> 
						<ul id='pagemenu'> 
							<li class='current_page_item'><a expr:href='data:blog.homepageUrl'>Home</a></li> 
							<li class='page_item page-item-64'><a href='#' title='About'>About</a></li> 
<li class='page_item page-item-65'><a href='#' title='Services'>Services</a></li> 
<li class='page_item page-item-6'><a href='#' title='Parent Page'>Parent Page</a></li> 
<li class='page_item page-item-12'><a href='#' title='Contacts'>Contacts</a></li> 
						</ul> 
					</div> 
				</div> 
				
				<div class='span-3 feedtwitter' style='margin-top: 5px; text-align:right;'> 
					<a href='/feeds/posts/default/'><img src='http://1.bp.blogspot.com/_rgHYBmPCWo4/S-1VtGDdA9I/AAAAAAAABwo/P2TybP5Od9k/s1600/rss.png' style='margin:0 4px 0 0;'/></a>		
					<a href='http://twitter.com/Add Your Twitter Name' title='Follow me on Twitter!'><img src='http://3.bp.blogspot.com/_rgHYBmPCWo4/S-1V9PvXF4I/AAAAAAAABww/TjaRUfu83n8/s1600/twitter.png' style='margin:0 4px 0 0; ' title='Follow me on Twitter!'/></a>				</div> 
                
                <div class='span-6 last' id='topsearch'> 
                     
<div id='search'> 
    <form action='/search' id='searchform' method='get'> 
        <input id='s' name='s' onblur='if (this.value == &apos;&apos;)  {this.value = &apos;Search&apos;;}' onfocus='if (this.value == &apos;Search&apos;) {this.value = &apos;&apos;;}' type='text' value='Search'/> 
        <input src='http://2.bp.blogspot.com/_rgHYBmPCWo4/S-1WHVctDzI/AAAAAAAABw4/XZa-EAVSyNY/s1600/search.gif' style='border:0; vertical-align: top;' type='image'/> 
    </form> 
</div> 
                </div> 
                
			</div> 
				<div class='span-24' id='header'>
<div class='span-12'>
<b:section class='span-12' id='header' maxwidgets='1' showaddelement='no'>
<b:widget id='Header1' locked='true' title='Blogger Widgets (Header)' type='Header'>
<b:includable id='title'>
  <b:if cond='data:blog.url == data:blog.homepageUrl'>
    <data:title/>
  <b:else/>
    <a expr:href='data:blog.homepageUrl'><data:title/></a>
  </b:if>
</b:includable>
<b:includable id='description'>
  <div class='descriptionwrapper'>
    <p class='description'><span><data:description/></span></p>
  </div>
</b:includable>
<b:includable id='main'>

  <b:if cond='data:useImage'>
    <b:if cond='data:imagePlacement == &quot;REPLACE&quot;'>
      <!--Show just the image, no text-->
      <div id='header-inner'>
        <a expr:href='data:blog.homepageUrl' style='display: block'>
          <img expr:alt='data:title' expr:height='data:height' expr:id='data:widget.instanceId + &quot;_headerimg&quot;' expr:src='data:sourceUrl' expr:width='data:width' style='display: block'/>
        </a>
      </div>
    <b:else/>
      <!--
      Show image as background to text. You can't really calculate the width
      reliably in JS because margins are not taken into account by any of
      clientWidth, offsetWidth or scrollWidth, so we don't force a minimum
      width if the user is using shrink to fit.
      This results in a margin-width's worth of pixels being cropped. If the
      user is not using shrink to fit then we expand the header.
      -->
      <div expr:style='&quot;background-image: url(\&quot;&quot; + data:sourceUrl + &quot;\&quot;); &quot;                      + &quot;background-position: &quot;                      + data:backgroundPositionStyleStr + &quot;; &quot;                      + data:widthStyleStr                      + &quot;min-height: &quot; + data:height + &quot;px;&quot;                      + &quot;_height: &quot; + data:height + &quot;px;&quot;                      + &quot;background-repeat: no-repeat; &quot;' id='header-inner'>
        <div class='titlewrapper' style='background: transparent'>
          <h1 class='title' style='background: transparent; border-width: 0px'>
            <b:include name='title'/>
          </h1>
        </div>
        <b:include name='description'/>
      </div>
    </b:if>
  <b:else/>
    <!--No header image -->
    <div id='header-inner'>
      <div class='titlewrapper'>
        <h1 class='title'>
          <b:include name='title'/>
        </h1>
      </div>
      <b:include name='description'/>
    </div>
  </b:if>
</b:includable>
</b:widget>
</b:section></div>
<div class='span-12 last' style='padding-top: 15px; text-align:right;'>
<b:section class='adv' id='adv' maxwidgets='1' showaddelement='no'>
<b:widget id='AdSense1' locked='true' title='' type='AdSense'>
<b:includable id='main'>
  <div class='widget-content'>
    <data:adCode/>
    <b:include name='quickedit'/>
  </div>
</b:includable>
</b:widget>
</b:section></div></div>
			
			<div class='span-24'> 
				<div class='navcontainer'> 
					<ul id='nav'> 
						<li class='current-cat'><a expr:href='data:blog.homepageUrl'>Home</a></li> 
							<li class='cat-item cat-item-3'><a href='#' title='View all posts filed under Browsers'>Browsers</a> 
</li> 
	<li class='cat-item cat-item-4'><a href='#' title='View all posts filed under Computers'>Computers</a> 
</li> 
	<li class='cat-item cat-item-5'><a href='#' title='View all posts filed under Featured'>Featured</a> 
</li> 
	<li class='cat-item cat-item-1'><a href='#' title='View all posts filed under General'>General</a> 
</li> 
	<li class='cat-item cat-item-7'><a href='#' title='View all posts filed under News'>News</a> 
</li> 
	<li class='cat-item cat-item-8'><a href='#' title='View all posts filed under Parent Category'>Parent Category</a> 
</li> 
	<li class='cat-item cat-item-9'><a href='#' title='View all posts filed under Web Design'>Web Design</a> 
</li> 
	<li class='cat-item cat-item-10'><a href='#' title='View all posts filed under WordPress'>WordPress</a> 
</li> 
		
					</ul> 
					
				</div> 
			</div>	

<div class='span-24' id='contentwrap'><div class='span-16' id='postwarp'>
<b:section class='main' id='main' showaddelement='no'>
<b:widget id='Blog1' locked='true' title='Blog Posts' type='Blog'>
<b:includable id='nextprev'>
  <div class='blog-pager' id='blog-pager'>
    <b:if cond='data:newerPageUrl'>
      <span id='blog-pager-newer-link'>
      <a class='blog-pager-newer-link' expr:href='data:newerPageUrl' expr:id='data:widget.instanceId + &quot;_blog-pager-newer-link&quot;' expr:title='data:newerPageTitle'><data:newerPageTitle/></a>
      </span>
    </b:if>

    <b:if cond='data:olderPageUrl'>
      <span id='blog-pager-older-link'>
      <a class='blog-pager-older-link' expr:href='data:olderPageUrl' expr:id='data:widget.instanceId + &quot;_blog-pager-older-link&quot;' expr:title='data:olderPageTitle'><data:olderPageTitle/></a>
      </span>
    </b:if>

    <a class='home-link' expr:href='data:blog.homepageUrl'><data:homeMsg/></a>

  </div>
  <div class='clear'/>
</b:includable>
<b:includable id='shareButtons' var='post'>
  <b:if cond='data:post.sharePostUrl'>
      <a class='share-button sb-email' expr:href='data:post.sharePostUrl + &quot;&amp;target=email&quot;' expr:title='data:top.emailThisMsg' target='_blank'>
        <span class='share-button-link-text'><data:top.emailThisMsg/></span></a>
      <a class='share-button sb-blog' expr:href='data:post.sharePostUrl + &quot;&amp;target=blog&quot;' expr:onclick='&quot;window.open(this.href, \&quot;&quot; + data:top.blogThisMsg             + &quot;\&quot;, \&quot;height=270,width=475\&quot;); return false;&quot;' expr:title='data:top.blogThisMsg' target='_blank'>
        <span class='share-button-link-text'><data:top.blogThisMsg/></span></a>
      <a class='share-button sb-twitter' expr:href='data:post.sharePostUrl + &quot;&amp;target=twitter&quot;' expr:title='data:top.shareToTwitterMsg' target='_blank'>
        <span class='share-button-link-text'><data:top.shareToTwitterMsg/></span></a>
      <a class='share-button sb-facebook' expr:href='data:post.sharePostUrl + &quot;&amp;target=facebook&quot;' expr:onclick='&quot;window.open(this.href, \&quot;&quot;             + data:top.shareToFacebookMsg + &quot;\&quot;, \&quot;height=430,width=640\&quot;); return false;&quot;' expr:title='data:top.shareToFacebookMsg' target='_blank'>
        <span class='share-button-link-text'><data:top.shareToFacebookMsg/></span></a>
      <a class='share-button sb-buzz' expr:href='data:post.sharePostUrl + &quot;&amp;target=buzz&quot;' expr:onclick='&quot;window.open(this.href, \&quot;&quot; + data:top.shareToBuzzMsg             + &quot;\&quot;, \&quot;height=415,width=690\&quot;); return false;&quot;' expr:title='data:top.shareToBuzzMsg' target='_blank'>
        <span class='share-button-link-text'><data:top.shareToBuzzMsg/></span></a>
  </b:if>
</b:includable>
<b:includable id='backlinks' var='post'>
  <a name='links'/><h4><data:post.backlinksLabel/></h4>
  <b:if cond='data:post.numBacklinks != 0'>
    <dl class='comments-block' id='comments-block'>
      <b:loop values='data:post.backlinks' var='backlink'>
        <div class='collapsed-backlink backlink-control'>
          <dt class='comment-title'>
            <span class='backlink-toggle-zippy'>&#160;</span>
            <a expr:href='data:backlink.url' rel='nofollow'><data:backlink.title/></a>
            <b:include data='backlink' name='backlinkDeleteIcon'/>
          </dt>
          <dd class='comment-body collapseable'>
            <data:backlink.snippet/>
          </dd>
          <dd class='comment-footer collapseable'>
            <span class='comment-author'><data:post.authorLabel/> <data:backlink.author/></span>
            <span class='comment-timestamp'><data:post.timestampLabel/> <data:backlink.timestamp/></span>
          </dd>
        </div>
      </b:loop>
    </dl>
  </b:if>
  <p class='comment-footer'>
    <a class='comment-link' expr:href='data:post.createLinkUrl' expr:id='data:widget.instanceId + &quot;_backlinks-create-link&quot;' target='_blank'><data:post.createLinkLabel/></a>
  </p>
</b:includable>
<b:includable id='post' var='post'>
  <div class='post hentry'>
    <a expr:name='data:post.id'/>
    <b:if cond='data:post.title'>
      <h2 class='title'>
     <b:if cond='data:post.link'>
       <a expr:href='data:post.link'><data:post.title/></a>
     <b:else/>
        <b:if cond='data:post.url'>
          <a expr:href='data:post.url'><data:post.title/></a>
        <b:else/>
          <data:post.title/>
        </b:if>
     </b:if>
      </h2>
    </b:if>
<div class='postdate'><img src='http://2.bp.blogspot.com/_rgHYBmPCWo4/S-1bKYoJ-uI/AAAAAAAAByA/4hrSgspNBnQ/s1600/date.png'/><data:post.timestamp/>
<img src='http://3.bp.blogspot.com/_rgHYBmPCWo4/S-1bXfmCLlI/AAAAAAAAByI/v0vOu-04Z08/s1600/user.png'/>
<data:post.author/>
</div>

    <div class='post-header'>
    <div class='post-header-line-1'/>
    </div>

    <div class='entry'>
      <b:if cond='data:blog.pageType == &quot;item&quot;'>
    <p><data:post.body/></p>
    <b:else/><DIV expr:id='&quot;summary&quot; + data:post.id'><p><data:post.body/></p></DIV> <SCRIPT type='text/javascript'>createSummaryAndThumb(&quot;summary<data:post.id/>&quot;);</SCRIPT> <div style='clear: both;'/> <div style='border:0px;padding-top:5px;;float:right;text-align:right;'><span class='readon'><a class='readmore' expr:href='data:post.url' rel='bookmark'>Keep Reading...&#187;</a></span></div>
    </b:if>
      <div style='clear: both;'/> <!-- clear for photos floats -->
    </div>
  <div class='postmeta'><img src='http://1.bp.blogspot.com/_rgHYBmPCWo4/S-1bmlZviQI/AAAAAAAAByQ/Igf7V9SU8MQ/s1600/folder.png'/> Posted in <span class='post-labels'>
        <b:if cond='data:post.labels'>          
          <b:loop values='data:post.labels' var='label'>
            <a expr:href='data:label.url' rel='tag'><data:label.name/></a><b:if cond='data:label.isLast != &quot;true&quot;'>,</b:if>
          </b:loop>
        </b:if>
      </span>
</div>
    <b:if cond='data:post.hasJumpLink'>
      <div class='jump-link'>
        <a expr:href='data:post.url + &quot;#more&quot;' expr:title='data:post.title'><data:post.jumpText/></a>  
      </div>
    </b:if>
    
    <div class='post-footer'>
    <div class='post-footer-line post-footer-line-1'>
      <span class='post-author vcard'>
        <b:if cond='data:top.showAuthor'>
          <data:top.authorLabel/>
          <span class='fn'><data:post.author/></span>
        </b:if>
      </span>

     
  
      <span class='reaction-buttons'>
        <b:if cond='data:top.showReactions'>
          <table border='0' cellpadding='0' cellspacing='0' width='100%'><tr>
            <td class='reactions-label-cell' nowrap='nowrap' valign='top' width='1%'>
              <span class='reactions-label'>
              <data:top.reactionsLabel/></span>&#160;</td>
            <td><iframe allowtransparency='true' class='reactions-iframe' expr:src='data:post.reactionsUrl' frameborder='0' name='reactions' scrolling='no'/></td>
           </tr></table>
        </b:if>
      </span>

      <span class='star-ratings'>
        <b:if cond='data:top.showStars'>
           <div expr:g:background-color='data:backgroundColor' expr:g:text-color='data:textColor' expr:g:url='data:post.absoluteUrl' g:height='42' g:type='RatingPanel' g:width='280'/>
        </b:if>
      </span>


       <!-- backlinks -->
       <span class='post-backlinks post-comment-link'>
         <b:if cond='data:blog.pageType != &quot;item&quot;'>
           <b:if cond='data:blog.pageType != &quot;static_page&quot;'>
             <b:if cond='data:post.showBacklinks'>
               <a class='comment-link' expr:href='data:post.url + &quot;#links&quot;'><data:top.backlinkLabel/></a>
             </b:if>
           </b:if>
         </b:if>
       </span>

      <span class='post-icons'>
        <!-- email post links -->
        <b:if cond='data:post.emailPostUrl'>
          <span class='item-action'>
          <a expr:href='data:post.emailPostUrl' expr:title='data:top.emailPostMsg'>
              <img alt='' class='icon-action' height='13' src='//www.blogger.com/img/icon18_email.gif' width='18'/>
          </a>
          </span>
        </b:if>

        <!-- quickedit pencil -->
        <b:include data='post' name='postQuickEdit'/>
      </span>
      </div>

      <div class='post-footer-line post-footer-line-2'>

      </div>

      <div class='post-footer-line post-footer-line-3'>
      <span class='post-location'>
        <b:if cond='data:top.showLocation'>
          <b:if cond='data:post.location'>
            <data:postLocationLabel/>
            <a expr:href='data:post.location.mapsUrl' target='_blank'><data:post.location.name/></a>
          </b:if>
        </b:if>
      </span>
      </div>
    </div>
  </div>
</b:includable>
<b:includable id='status-message'>
  <b:if cond='data:navMessage'>
  <div class='status-msg-wrap'>
    <div class='status-msg-body'>
      <data:navMessage/>
    </div>
    <div class='status-msg-border'>
      <div class='status-msg-bg'>
        <div class='status-msg-hidden'><data:navMessage/></div>
      </div>
    </div>
  </div>
  <div style='clear: both;'/>
  </b:if>
</b:includable>
<b:includable id='comment-form' var='post'>
  <div class='comment-form'>
    <a name='comment-form'/>
    <h4 id='comment-post-message'><data:postCommentMsg/></h4>
    <p><data:blogCommentMessage/></p>
    <data:blogTeamBlogMessage/>
    <a expr:href='data:post.commentFormIframeSrc' id='comment-editor-src'/>
    <iframe allowtransparency='true' class='blogger-iframe-colorize blogger-comment-from-post' frameborder='0' height='410' id='comment-editor' name='comment-editor' src='' width='150%'/>
    <data:post.friendConnectJs/>
    <data:post.cmtfpIframe/>
    <script type='text/javascript'>
      BLOG_CMT_createIframe(&#39;<data:post.appRpcRelayPath/>&#39;, &#39;<data:post.communityId/>&#39;);
    </script>
  </div>
</b:includable>
<b:includable id='backlinkDeleteIcon' var='backlink'>
  <span expr:class='&quot;item-control &quot; + data:backlink.adminClass'>
    <a expr:href='data:backlink.deleteUrl' expr:title='data:top.deleteBacklinkMsg'>
      <img src='//www.blogger.com/img/icon_delete13.gif'/>
    </a>
  </span>
</b:includable>
<b:includable id='postQuickEdit' var='post'>
  <b:if cond='data:post.editUrl'>
    <span expr:class='&quot;item-control &quot; + data:post.adminClass'>
      <a expr:href='data:post.editUrl' expr:title='data:top.editPostMsg'>
        <img alt='' class='icon-action' height='18' src='//www.blogger.com/img/icon18_edit_allbkg.gif' width='18'/>
      </a>
    </span>
  </b:if>
</b:includable>
<b:includable id='breadcrumb' var='posts'>
    <b:if cond='data:blog.homepageUrl == data:blog.url'>

    <b:else/>
    <b:if cond='data:blog.pageType == &quot;item&quot;'>

    <p class='breadcrumbs'>
    <span class='labels'>
    You are here: <a expr:href='data:blog.homepageUrl' rel='tag'>Home</a>
    <b:loop values='data:posts' var='post'>
    <b:if cond='data:post.labels'>
    <b:loop values='data:post.labels' var='label'>
    <b:if cond='data:label.isLast == &quot;true&quot;'> &#187;
    <a expr:href='data:label.url' rel='tag'><data:label.name/></a>
    </b:if>
    </b:loop>
    <b:else/>
    &#187;Unlabelled
    </b:if>
    &#187; <span><data:post.title/></span>
    </b:loop>
    </span>
    </p>
    <b:else/>
    <b:if cond='data:blog.pageType == &quot;archive&quot;'>

    <p class='breadcrumbs'>
    <span class='labels'>
    You are here: <a expr:href='data:blog.homepageUrl'>Home</a> &#187; Arquivos de <data:blog.pageName/>
    </span>
    </p>
    <b:else/>
    <b:if cond='data:blog.pageType == &quot;index&quot;'>
    <p class='breadcrumbs'>
    <span class='labels'>
    <b:if cond='data:blog.pageName == &quot;&quot;'>
   You are here: <a expr:href='data:blog.homepageUrl'>Home</a> &#187; you are reading
    <b:else/>
    you are here: <a expr:href='data:blog.homepageUrl'>Home</a> &#187;reading <data:blog.pageName/>
    </b:if>
    </span>
    </p>
    </b:if>
    </b:if>
    </b:if>
    </b:if>
    </b:includable>
<b:includable id='main' var='top'>
  <!-- posts -->
  <div class='blog-posts hfeed'>

    <b:include data='top' name='status-message'/>

    <data:defaultAdStart/>
    <b:loop values='data:posts' var='post'>
      <b:if cond='data:post.isDateStart'>
        <b:if cond='data:post.isFirstPost == &quot;false&quot;'>
          &lt;/div&gt;&lt;/div&gt;
        </b:if>
      </b:if>
      <b:if cond='data:post.isDateStart'>
        &lt;div class=&quot;date-outer&quot;&gt;
      </b:if>
      <b:if cond='data:post.dateHeader'>
      </b:if>
      <b:if cond='data:post.isDateStart'>
        &lt;div class=&quot;date-posts&quot;&gt;
      </b:if>
      <div class='post-outer'>
      <b:include data='post' name='post'/>
      <b:if cond='data:blog.pageType == &quot;static_page&quot;'>
        <b:include data='post' name='comments'/>
      </b:if>
      <b:if cond='data:blog.pageType == &quot;item&quot;'>
        <b:include data='post' name='comments'/>
      </b:if>
      </div>
      <b:if cond='data:post.includeAd'>
        <b:if cond='data:post.isFirstPost'>
          <data:defaultAdEnd/>
        <b:else/>
          <data:adEnd/>
        </b:if>
        <div class='inline-ad'>
          <data:adCode/>
        </div>
        <data:adStart/>
      </b:if>
      <b:if cond='data:post.trackLatency'>
        <data:post.latencyJs/>
      </b:if>
    </b:loop>
    <b:if cond='data:numPosts != 0'>
      &lt;/div&gt;&lt;/div&gt;
    </b:if>
    <data:adEnd/>
  </div>

  <!-- navigation -->
  <b:include name='nextprev'/>

  <!-- feed links -->
  <b:include name='feedLinks'/>
  
  <b:if cond='data:top.showStars'>
    <script src='//www.google.com/jsapi' type='text/javascript'/>
    <script type='text/javascript'>
      google.load(&quot;annotations&quot;, &quot;1&quot;, {&quot;locale&quot;: &quot;<data:top.languageCode/>&quot;});
      function initialize() {
        google.annotations.setApplicationId(<data:top.blogspotReviews/>);
        google.annotations.createAll();
        google.annotations.fetch();
      }
      google.setOnLoadCallback(initialize);
    </script>
  </b:if>
</b:includable>
<b:includable id='commentDeleteIcon' var='comment'>
  <span expr:class='&quot;item-control &quot; + data:comment.adminClass'>
    <a expr:href='data:comment.deleteUrl' expr:title='data:top.deleteCommentMsg'>
      <img src='//www.blogger.com/img/icon_delete13.gif'/>
    </a>
  </span>
</b:includable>
<b:includable id='feedLinks'>
  <b:if cond='data:blog.pageType != &quot;item&quot;'> <!-- Blog feed links -->
    <b:if cond='data:feedLinks'>
      <div class='blog-feeds'>
        <b:include data='feedLinks' name='feedLinksBody'/>
      </div>
    </b:if>

    <b:else/> <!--Post feed links -->
    <div class='post-feeds'>
      <b:loop values='data:posts' var='post'>
        <b:if cond='data:post.allowComments'>
          <b:if cond='data:post.feedLinks'>
            <b:include data='post.feedLinks' name='feedLinksBody'/>
          </b:if>
        </b:if>
      </b:loop>
    </div>
  </b:if>
</b:includable>
<b:includable id='feedLinksBody' var='links'>
  <div class='feed-links'>
  <data:feedLinksMsg/>
  <b:loop values='data:links' var='f'>
     <a class='feed-link' expr:href='data:f.url' expr:type='data:f.mimeType' target='_blank'><data:f.name/> (<data:f.feedType/>)</a>
  </b:loop>
  </div>
</b:includable>
<b:includable id='comments' var='post'>
    <div class='comments' id='comments'>
    <a name='comments'/>
    <b:if cond='data:post.allowComments'>
      <h4>
        <b:if cond='data:post.numComments == 0'>
          No Response to &quot;<data:post.title/>&quot;
        <b:else/>
          <data:post.numComments/> Response to &quot;<data:post.title/>&quot;
        </b:if>
      </h4>

      <b:if cond='data:post.commentPagingRequired'>
        <span class='paging-control-container'>
          <a expr:class='data:post.oldLinkClass' expr:href='data:post.oldestLinkUrl'><data:post.oldestLinkText/></a>
          &#160;
          <a expr:class='data:post.oldLinkClass' expr:href='data:post.olderLinkUrl'><data:post.olderLinkText/></a>
          &#160;
          <data:post.commentRangeText/>
          &#160;
          <a expr:class='data:post.newLinkClass' expr:href='data:post.newerLinkUrl'><data:post.newerLinkText/></a>
          &#160;
          <a expr:class='data:post.newLinkClass' expr:href='data:post.newestLinkUrl'><data:post.newestLinkText/></a>
        </span>
      </b:if>

      <dl expr:class='data:post.avatarIndentClass' id='comments-block'>
        <b:loop values='data:post.comments' var='comment'>
          <dt expr:class='&quot;comment-author &quot; + data:comment.authorClass' expr:id='data:comment.anchorName'>
            <b:if cond='data:comment.favicon'>
              <img expr:src='data:comment.favicon' height='16px' style='margin-bottom:-2px;' width='16px'/>
            </b:if>
            <a expr:name='data:comment.anchorName'/>
            <b:if cond='data:blog.enabledCommentProfileImages'>
              <data:comment.authorAvatarImage/>
            </b:if>
            <b:if cond='data:comment.authorUrl'>
              <a expr:href='data:comment.authorUrl' rel='nofollow'><data:comment.author/></a>
            <b:else/>
              <data:comment.author/>
            </b:if>
            <data:commentPostedByMsg/>
          </dt>
          <dd class='comment-footer'>
            <span class='comment-timestamp'>
              <a expr:href='data:comment.url' title='comment permalink'>
                <data:comment.timestamp/>
              </a>
              <b:include data='comment' name='commentDeleteIcon'/>
            </span>
          </dd>
          <dd class='comment-body'>
            <b:if cond='data:comment.isDeleted'>
              <span class='deleted-comment'><data:comment.body/></span>
            <b:else/>
              <p><data:comment.body/></p>
            </b:if>
          </dd>

        </b:loop>
      </dl>

      <b:if cond='data:post.commentPagingRequired'>
        <span class='paging-control-container'>
          <a expr:class='data:post.oldLinkClass' expr:href='data:post.oldestLinkUrl'>
            <data:post.oldestLinkText/>
          </a>
          <a expr:class='data:post.oldLinkClass' expr:href='data:post.olderLinkUrl'>
            <data:post.olderLinkText/>
          </a>
          &#160;
          <data:post.commentRangeText/>
          &#160;
          <a expr:class='data:post.newLinkClass' expr:href='data:post.newerLinkUrl'>
            <data:post.newerLinkText/>
          </a>
          <a expr:class='data:post.newLinkClass' expr:href='data:post.newestLinkUrl'>
            <data:post.newestLinkText/>
          </a>
        </span>
      </b:if>

      <p class='comment-footer'>
        <b:if cond='data:post.embedCommentForm'>
          <b:if cond='data:post.allowNewComments'>
            <b:include data='post' name='comment-form'/>
          <b:else/>
            <data:post.noNewCommentsText/>
          </b:if>
        <b:else/>
          <b:if cond='data:post.allowComments'>
            <a expr:href='data:post.addCommentUrl' expr:onclick='data:post.addCommentOnclick'><data:postCommentMsg/></a>
          </b:if>
        </b:if>

      </p>
    </b:if>

    <div id='backlinks-container'>
    <div expr:id='data:widget.instanceId + &quot;_backlinks-container&quot;'>
       <b:if cond='data:post.showBacklinks'>
         <b:include data='post' name='backlinks'/>
       </b:if>
    </div>
    </div>
  </div>
</b:includable>
</b:widget>
</b:section></div>
<div class='span-8 last' id='sidebar'>
<div class='addthis_toolbox'>   
			    <div class='custom_images'> 
		            <a class='addthis_button_twitter'><img alt='Twitter' height='32' src='http://1.bp.blogspot.com/_rgHYBmPCWo4/S-1Ws_BC2fI/AAAAAAAABxA/Fnre2znZbvo/s1600/twitter.png' width='32'/></a> 
		            <a class='addthis_button_delicious'><img alt='Delicious' height='32' src='http://2.bp.blogspot.com/_rgHYBmPCWo4/S-1Xo0XHKFI/AAAAAAAABxI/WOn0ZzYeRLE/s1600/delicious.png' width='32'/></a> 
		            <a class='addthis_button_facebook'><img alt='Facebook' height='32' src='http://1.bp.blogspot.com/_rgHYBmPCWo4/S-1X7lOPshI/AAAAAAAABxQ/6YOCnnh3SMM/s1600/facebook.png' width='32'/></a> 
		            <a class='addthis_button_digg'><img alt='Digg' height='32' src='http://4.bp.blogspot.com/_rgHYBmPCWo4/S-1YH8lN6FI/AAAAAAAABxY/scwfhO0COlQ/s1600/digg.png' width='32'/></a> 
		            <a class='addthis_button_stumbleupon'><img alt='Stumbleupon' height='32' src='http://3.bp.blogspot.com/_rgHYBmPCWo4/S-1YTXL-1_I/AAAAAAAABxg/lYMnUPbwtHg/s1600/stumbleupon.png' width='32'/></a> 
		            <a class='addthis_button_favorites'><img alt='Favorites' height='32' src='http://1.bp.blogspot.com/_rgHYBmPCWo4/S-1YeVbU61I/AAAAAAAABxo/zA9AhSsxa4M/s1600/favorites.png' width='32'/></a> 
		            <a class='addthis_button_more'><img alt='More' height='32' src='http://2.bp.blogspot.com/_rgHYBmPCWo4/S-1YrAguiYI/AAAAAAAABxw/DzY8JgFsKYg/s1600/more.png' width='32'/></a> 
				</div> 
				    <script src='http://s7.addthis.com/js/250/addthis_widget.js?pub=xa-4a65e1d93cd75e94' type='text/javascript'/> 
				</div> 
						
					<div class='sidebaradbox'> 
				<a href='#' target='_new'><img class='ad125' src='http://2.bp.blogspot.com/_rgHYBmPCWo4/S-1ZKdE5YII/AAAAAAAABx4/wxYCaySumoc/s1600/your_ad_here635436.jpg'/></a> 
<a href='#' target='_new'><img class='ad125' src='http://2.bp.blogspot.com/_rgHYBmPCWo4/S-1ZKdE5YII/AAAAAAAABx4/wxYCaySumoc/s1600/your_ad_here635436.jpg'/></a> 
			</div> 
<b:section class='sidebar' id='sidebar' preferred='yes'>
<b:widget id='HTML1' locked='false' title='Featured Video' type='HTML'>
<b:includable id='main'>
  <!-- only display title if it's non-empty -->
  <b:if cond='data:title != &quot;&quot;'>
    <h2 class='title'><data:title/></h2>
  </b:if>
  <div class='widget-content'>
    <data:content/>
  </div>

  <b:include name='quickedit'/>
</b:includable>
</b:widget>
<b:widget id='Feed1' locked='false' title='Blogger Widgets' type='Feed'>
<b:includable id='main'>
    <h2><data:title/></h2>
    <div class='widget-content' expr:id='data:widget.instanceId + &quot;_feedItemListDisplay&quot;'>
      <span style='filter: alpha(25); opacity: 0.25;'>
        <a expr:href='data:feedUrl'><data:loadingMsg/></a>
      </span>
    </div>
    <b:include name='quickedit'/>
  </b:includable>
</b:widget>
<b:widget id='BlogArchive1' locked='false' title='Blog Archive' type='BlogArchive'>
<b:includable id='main'>
  <b:if cond='data:title'>
    <h2><data:title/></h2>
  </b:if>
  <div class='widget-content'>
  <div id='ArchiveList'>
  <div expr:id='data:widget.instanceId + &quot;_ArchiveList&quot;'>
    <b:if cond='data:style == &quot;HIERARCHY&quot;'>
     <b:include data='data' name='interval'/>
    </b:if>
    <b:if cond='data:style == &quot;FLAT&quot;'>
      <b:include data='data' name='flat'/>
    </b:if>
    <b:if cond='data:style == &quot;MENU&quot;'>
      <b:include data='data' name='menu'/>
    </b:if>
  </div>
  </div>
  <b:include name='quickedit'/>
  </div>
</b:includable>
<b:includable id='flat' var='data'>
  <ul class='flat'>
    <b:loop values='data:data' var='i'>
      <li class='archivedate'>
        <a expr:href='data:i.url'><data:i.name/></a> (<data:i.post-count/>)
      </li>
    </b:loop>
  </ul>
</b:includable>
<b:includable id='menu' var='data'>
  <select expr:id='data:widget.instanceId + &quot;_ArchiveMenu&quot;'>
    <option value=''><data:title/></option>
    <b:loop values='data:data' var='i'>
      <option expr:value='data:i.url'><data:i.name/> (<data:i.post-count/>)</option>
    </b:loop>
  </select>
</b:includable>
<b:includable id='interval' var='intervalData'>
  <b:loop values='data:intervalData' var='i'>
      <ul class='hierarchy'>
        <li expr:class='&quot;archivedate &quot; + data:i.expclass'>
          <b:include data='i' name='toggle'/>
          <a class='post-count-link' expr:href='data:i.url'><data:i.name/></a>
            <span class='post-count' dir='ltr'>(<data:i.post-count/>)</span>
          <b:if cond='data:i.data'>
            <b:include data='i.data' name='interval'/>
          </b:if>
          <b:if cond='data:i.posts'>
            <b:include data='i.posts' name='posts'/>
          </b:if>
        </li>
      </ul>
  </b:loop>
</b:includable>
<b:includable id='toggle' var='interval'>
  <b:if cond='data:interval.toggleId'>
  <b:if cond='data:interval.expclass == &quot;expanded&quot;'>
    <a class='toggle' href='javascript:void(0)'>
      <span class='zippy toggle-open'>&#9660;&#160;</span>
    </a>
  <b:else/>
    <a class='toggle' href='javascript:void(0)'>
      <span class='zippy'>
        <b:if cond='data:blog.languageDirection == &quot;rtl&quot;'>
          &#9668;&#160;
        <b:else/>
          &#9658;&#160;
        </b:if>
      </span>
    </a>
  </b:if>
 </b:if>
</b:includable>
<b:includable id='posts' var='posts'>
  <ul class='posts'>
    <b:loop values='data:posts' var='i'>
      <li><a expr:href='data:i.url'><data:i.title/></a></li>
    </b:loop>
  </ul>
</b:includable>
</b:widget>
<b:widget id='Label1' locked='false' title='Labels' type='Label'>
<b:includable id='main'>
  <b:if cond='data:title'>
    <h2><data:title/></h2>
  </b:if>
  <div expr:class='&quot;widget-content &quot; + data:display + &quot;-label-widget-content&quot;'>
    <b:if cond='data:display == &quot;list&quot;'>
      <ul>
      <b:loop values='data:labels' var='label'>
        <li>
          <b:if cond='data:blog.url == data:label.url'>
            <span expr:dir='data:blog.languageDirection'><data:label.name/></span>
          <b:else/>
            <a expr:dir='data:blog.languageDirection' expr:href='data:label.url'><data:label.name/></a>
          </b:if>
          <b:if cond='data:showFreqNumbers'>
            <span dir='ltr'>(<data:label.count/>)</span>
          </b:if>
        </li>
      </b:loop>
      </ul>
    <b:else/>
      <b:loop values='data:labels' var='label'>
        <span expr:class='&quot;label-size label-size-&quot; + data:label.cssSize'>
          <b:if cond='data:blog.url == data:label.url'>
            <span expr:dir='data:blog.languageDirection'><data:label.name/></span>
          <b:else/>
            <a expr:dir='data:blog.languageDirection' expr:href='data:label.url'><data:label.name/></a>
          </b:if>
          <b:if cond='data:showFreqNumbers'>
            <span class='label-count' dir='ltr'>(<data:label.count/>)</span>
          </b:if>
        </span>
      </b:loop>
    </b:if>
    <b:include name='quickedit'/>
  </div>
</b:includable>
</b:widget>
</b:section></div>
<!-- spacer for skins that want sidebar and main to be the same height-->
<div class='clear'>&#160;</div></div> <!-- end content-wrapper -->
<div class='span-24'><div id='footer'>
Copyright &#169; <strong><data:blog.title/></strong> | converted by <a href='http://www.besttheme.net/' target='_blank'><strong>Best Theme</strong></a> | Designed by <strong>NewWpThemes.com </strong></div>
<div id='footer2'>powered by <a href='http://blogger.com/'><strong>Blogger</strong></a></div></div></div>
  </div> <!-- end outer-wrapper -->

</body>
</html>