<?xml version="1.0" encoding="UTF-8" ?>
<!DOCTYPE html PUBLIC "-//W3C//DTD XHTML 1.0 Strict//EN" "http://www.w3.org/TR/xhtml1/DTD/xhtml1-strict.dtd">
<html expr:dir='data:blog.languageDirection' xmlns='http://www.w3.org/1999/xhtml' xmlns:b='http://www.google.com/2005/gml/b' xmlns:data='http://www.google.com/2005/gml/data' xmlns:expr='http://www.google.com/2005/gml/expr'>
  <head>
<SCRIPT type='text/javascript'> var thumbnail_mode = &quot;no-float&quot; ; summary_noimg = 500; summary_img = 470; img_thumb_height = 125; img_thumb_width = 125; </SCRIPT> 

<script type='text/javascript'>

//<![CDATA[
function removeHtmlTag(strx,chop){ 
	if(strx.indexOf("<")!=-1)
	{
		var s = strx.split("<"); 
		for(var i=0;i<s.length;i++){ 
			if(s[i].indexOf(">")!=-1){ 
				s[i] = s[i].substring(s[i].indexOf(">")+1,s[i].length); 
			} 
		} 
		strx =  s.join(""); 
	}
	chop = (chop < strx.length-1) ? chop : strx.length-2; 
	while(strx.charAt(chop-1)!=' ' && strx.indexOf(' ',chop)!=-1) chop++; 
	strx = strx.substring(0,chop-1); 
	return strx+'...'; 
}

function createSummaryAndThumb(pID){
	var div = document.getElementById(pID);
	var imgtag = "";
	var img = div.getElementsByTagName("img");
	var summ = summary_noimg;
	if(img.length>=1) {	
		imgtag = '<span style="float:left; padding:0px 10px 5px 0px;"><img src="'+img[0].src+'" width="'+img_thumb_width+'px" height="'+img_thumb_height+'px"/></span>';
		summ = summary_img;
	}
	
	if(img.length<1) {	
		imgtag = '<span style="float:left; padding:0px 10px 5px 0px;"><img src="http://4.bp.blogspot.com/_0s-GnnHKfng/TFG8RLxcXiI/AAAAAAAAAHQ/ZrAp7L9OBP4/s1600/ni.jpg" width="125px" height="125px"/></span>';
		summ = summary_img;
	}

	
	var summary = imgtag + '<div>' + removeHtmlTag(div.innerHTML,summ) + '</div>';
	div.innerHTML = summary;
}
//]]>

</script>

    <b:include data='blog' name='all-head-content'/>
    <b:if cond='data:blog.pageName == &quot;&quot;'>
    <title><data:blog.title/></title>
    <b:else/>
    <title><data:blog.pageName/> | <data:blog.title/></title>
    </b:if>
    <b:skin><![CDATA[/*
-----------------------------------------------
Blogger Template Style
Name:     Aristo
Author:   Kumar
Url:      www.bloggertheme.net
----------------------------------------------- */
#navbar-iframe{display:none;}
html, body, div, span, applet, object, iframe,
h1, h2, h3, h4, h5, h6, p,
blockquote, pre, a, abbr, acronym, address, big,
cite, code, del, dfn, em, font,
ins, kbd, q, s, samp, small, strike, sub, sup, tt, var, dl, dt, dd, ol, ul, li,
fieldset, form, label, legend,
table, caption, tbody, tfoot, thead, tr, th, td,
center, u, b, i, marquee {
margin: 0px;
padding: 0px;
}
body {
margin:0 auto;
padding:0px 0px 0px 0px;
background:#6b6b6b url(http://1.bp.blogspot.com/_v5Bt2NHC-zQ/TJTGPRaFfKI/AAAAAAAAAtY/wjRWRriMzvc/s1600/body.png) repeat-x;
font-family:Arial,Tahoma,Century gothic, sans-serif;
color:#161514;
font-size:13px;
}
img {
border:0;
margin: 0 0;
}
a {
color:#B70F0F;
text-decoration:none;
outline:none;
}
a:hover {
color:#000;
text-decoration:none
}
h1, h2, h3, h4, h5, h6 {
}
blockquote {
padding:10px 10px 10px 10px;
color:#59666f;
font-style: normal;
}
.clear {
clear:both;
}
table{
margin: 10px 0 10px;
}
table td, table th{
text-align: left;
padding: .4em .8em;
}
table th{
background: #ccc ;
color: #444;
text-transform: uppercase;
font-weight: normal;
}
table td{
background: #e4e4e4;
}
table tr.even td{
background: #eee;
}
table tr:hover td{
background: #FFF9DF;
}
img.centered  {
display: block;
margin-left: auto;
margin-right: auto;
margin-bottom: 10px;
padding: 0px;
}
img.alignnone {
padding: 5px 5px;
margin: 0px 0px 10px 0px;
display: inline;
background:#CECECE;
}
img.alignright {
padding: 5px 5px;
margin: 5px 0px 10px 10px;
display: inline;
background:#CECECE;
}
img.alignleft {
padding: 5px 5px;
margin: 5px 10px 10px 0px;
display: inline;
background:#CECECE;
}
.aligncenter {
display: block;
margin-left: auto;
margin-right: auto;
margin-bottom: 10px;
}
.alignright {
float: right;
margin: 0px 0px 10px 10px;
}
.alignleft {
float: left;
margin: 0px 10px 10px 0px;
}
/* The Outer cover */
#wrapper {
width:1000px;
margin:0px auto;
position:relative;
}
#casing {
padding:0px 0px 10px 0px;
background:#cecece;
float:left;
width:998px;
margin:40px 0px 30px 0px;
border:1px solid #fff;
}
/* The Header */
#top {
height:104px;
margin:auto;
width:1000px;
position:relative;
}
.subcribe{
position:absolute;
right:40px;
bottom:15px;
}
.subcribe a:link,.subcribe a:visited{
color:#222;
}
.subcribe a:hover{
color:#fff;
}
.blogname {
width:600px;
margin:25px 0 0 0px;
height:70px;
text-align:left;
float:left;
padding-left:20px;
}
.blogname h1  {
font-size:32px;
padding:0 0 0px 0;
font-weight:normal;
color:#222;
}
.blogname h1  a:link, .blogname h1  a:visited{
color: #222;
display:block;
margin:5px 0 0 0px;
}
.blogname h1  a:hover {
color: #111;
}
.blogname h2 {
margin:0px 0px 0px 0px;
font-size:14px;
font-weight:normal;
color: #515151;
}
.head{
height:230px;
width:1000px;
float:left;
background:url(images/head.jpg);
}
.subhead{
width:440px;
height:200px;
margin:50px 30px 0px 0px;
overflow:hidden;
float:right;
}
.subhead h3{
color:#fff;
font-weight:bold;
font-size:18px;
padding:10px 0px;
}
.subhead p{
color:#69c8bd;
line-height:22px;
}
/* The Search */
#search {
background:#9F9F9F;
width:275px;
padding:5px 5px ;
margin:30px 0px 10px 0px;
float:right;
height:24px;
display:inline;
border-radius: 5px;
-moz-border-radius: 5px;
-webkit-border-radius: 5px;
}
#search form {
margin: 0px 0px 0px 0px;
padding: 0;
}
#search fieldset {
margin: 0;
padding: 0;
border: none;
}
#search p {
margin: 0;
font-size: 85%;
}
#s {
width:260px;
margin:0px 0px 0px px;
padding: 3px 5px;
height:16px;
border:none;
font: normal 100% "Tahoma", Arial, Helvetica, sans-serif;
color:#333;
float:left;
border:1px solid #888;
background:#fff;
display:inline;
}
input#searchsubmit{
float:right;
padding: 3px 5px;
display:inline;
margin:0px 0px 0px 0px;
height:26px;
background:#133E68;
color:#fff;
border:none;
}
/*  menu*/
#catmenucontainer{
height:37px;
display:block;
padding:0px 0 0px 0px;
font: 12px Arial,Tahoma,Century gothic,verdana,  sans-serif;
font-weight:normal;
}
#catmenu{
margin: 0px 0px 0px 0px;
padding: 0px 0px;
height:37px;
overflow:hidden;
}
#catmenu ul {
float: left;
list-style: none;
margin: 0px;
padding: 0px 10px;
}
#catmenu li {
float: left;
list-style: none;
margin: 0px;
padding: 0px;
}
#catmenu li a, #catmenu li a:link, #catmenu li a:visited {
color:#ddd;
display: block;
margin: 0px;
padding: 0px 10px ;
line-height:37px;
}
#catmenu li a:hover, #catmenu li a:active {
background:#B70F0F url(http://2.bp.blogspot.com/_v5Bt2NHC-zQ/TJTGP9ssTUI/AAAAAAAAAto/gDwFYDMyF3o/s1600/catmenua.png) repeat-x;
color: #fff;
margin: 0px;
padding: 0px 9px ;
line-height:37px;
text-decoration: none;
border-left:1px solid #e3100e;
border-right:1px solid #e3100e;
}
#catmenu li.current_page_item a {
background:#B70F0F url(http://2.bp.blogspot.com/_v5Bt2NHC-zQ/TJTGP9ssTUI/AAAAAAAAAto/gDwFYDMyF3o/s1600/catmenua.png) repeat-x;
border-left:1px solid #e3100e;
border-right:1px solid #e3100e;
color: #fff;
}
#catmenu li li a, #catmenu li li a:link, #catmenu li li a:visited {
background:#363737 ;
width: 150px;
color: #bebebe;
font-weight: normal;
float: none;
margin: 0px;
padding: 0px 10px ;
line-height:30px;
border-bottom:1px solid #212121;
}
#catmenu li li a:hover, #catmenu li li a:active {
background:#4a4a4a;
color: #fff;
padding: 0px 10px ;
line-height:30px;
border-left:none;
border-right:none;
border-bottom:1px solid #212121;
}
#catmenu li ul {
z-index: 9999;
position: absolute;
left: -999em;
height: auto;
width: 170px;
margin: 0px;
padding: 5px;
background:#212121 ;
}
#catmenu li li {
}
#catmenu li ul a {
width: 140px;
}
#catmenu li ul a:hover, #catmenu li ul a:active {
}
#catmenu li ul ul {
margin: -36px 0 0 170px;
}
#catmenu li:hover ul ul, #catmenu li:hover ul ul ul,
#catmenu li.sfhover1 ul ul, #catmenu li.sfhover1 ul ul ul {
left: -999em;
}
#catmenu li:hover ul, #catmenu li li:hover ul,
#catmenu li li li:hover ul, #catmenu li.sfhover ul,
#catmenu li li.sfhover1 ul, #catmenu li li li.sfhover1 ul {
left: auto;
}
#catmenu li:hover, #catmenu li.sfhover1 {
position: static;
}
/*Page menu*/
#foxmenucontainer{
height:36px;
display:block;
padding:0px 0 0px 0px;
font: 12px Arial, Tahoma,Century gothic,verdana,  sans-serif;
font-weight:normal;
float:left;
width:1000px;
background:#B70F0F url(http://1.bp.blogspot.com/_v5Bt2NHC-zQ/TJTOoqboGgI/AAAAAAAAAuA/yMrKs0t-hUI/s1600/foxmenu.jpg) repeat-x;
}
#menu{
margin:0px 10px;
padding: 0px;
height:36px;
overflow:hidden;
}
#menu ul {
float: left;
list-style: none;
margin: 0px;
padding: 0px;
}
#menu li {
float: left;
list-style: none;
margin: 0px;
padding: 0px;
}
#menu li a, #menu li a:link, #menu li a:visited {
color:#ddd;
display: block;
margin: 0px;
padding: 0px 10px ;
line-height:36px;
}
#menu li a:hover, #menu li a:active {
color: #fff;
margin: 0px;
padding: 0px 10px ;
line-height:36px;
text-decoration: none;
}
#menu li li a, #menu li li a:link, #menu li li a:visited {
background:#6C0705;
width: 150px;
color:#ddd;
font-weight: normal;
float: none;
margin: 0px;
padding: 0px 10px ;
line-height:32px;
border-bottom: 1px solid #4F0200;
}
#menu li li a:hover, #menu li li a:active {
background: #970C0B;
color: #fff;
padding: 0px 10px ;
line-height:32px;
}
#menu li ul {
z-index: 9999;
position: absolute;
left: -999em;
height: auto;
width: 170px;
margin: 0px;
padding: 5px;
background:#4F0605;
}
#menu li li {
}
#menu li ul a {
width: 140px;
}
#menu li ul a:hover, #menu li ul a:active {
}
#menu li ul ul {
margin: -38px 0 0 170px;
}
#menu li:hover ul ul, #menu li:hover ul ul ul,
#menu li.sfhover ul ul, #menu li.sfhover ul ul ul {
left: -999em;
}
#menu li:hover ul, #menu li li:hover ul,
#menu li li li:hover ul, #menu li.sfhover ul,
#menu li li.sfhover ul, #menu li li li.sfhover ul {
left: auto;
}
#menu li:hover, #menu li.sfhover {
position: static;
}
/* Main Content*/
#content {
float:left;
width: 650px;
height:100%;
padding:10px 0px 0px 0px;
margin-left:10px;
display:inline;
overflow:hidden;
background:#f4f4f4;

}
h3.mytitle{
height:35px;
line-height:35px;
padding-left:15px;
font-size:18px;
color:#fff;
border:1px solid #6e0705;
background:#b50f0f;
font-family: Arial,century gothic,verdana, sans-serif;
}
.box{
width:650px;
float:left;
clear:left;
background:#fff;
color:#555;
border-bottom:1px dotted #ccc;
}
.postim{
padding:5px;
background:#ddd;
float:left;
margin:10px 10px 10px 10px;
width:160px;
height:100px;
}
img.pthumb{
padding:5px;
background:#ddd;
float:left;
margin:10px 10px 10px 0px;
width:80px;
height:60px;
}
.last{
float:right;
clear:right;
}
.boxtitle  h2 {
margin: 0px 0 0px 0;
padding: 10px 0px 5px 0px;
text-align: left;
font: 16px Arial,century gothic,verdana, sans-serif;
font-weight:bold;
overflow:hidden;
}
.boxtitle  h2 a, .boxtitle  h2 a:link, .boxtitle  h2 a:visited  {
color:#B50F0F;
background-color: transparent;
}
.boxtitle  h2 a:hover  {
color: #333;
background-color: transparent;
}
.boxtitle{
margin: 0 0 0 0px;
padding: 0px 0px 0px 0px;
}
.post {
margin: 0px 0px 20px 0px;
height:100%;
color:#555;
font: 13px Tahoma, century gothic,Arial,verdana, sans-serif;
background:#fff;
padding:5px;
}

.post ul {
margin: 0px 0px 0px 0px;
padding: 12px 0px 12px 30px;
list-style-type: disc;
line-height: 1.0em;
font-size: 95%;
}
.post ol {
margin: 0px 0px 0px 0px;
padding: 12px 0px 12px 30px;
line-height: 1.0em;
font-size: 95%;
}
.post li {
margin: 0px 0px 0px 0px;
padding: 0px 0px 0px 0px;
line-height: 1.0em;
}
.title  h2 {
margin: 0px 0 0px 0;
padding: 10px 0px 5px 10px;
text-align: left;
font: 24px Arial,century gothic,verdana, sans-serif;
font-weight:normal;
overflow:hidden;
}
.title  h2 a, .title  h2 a:link, .title  h2 a:visited  {
color:#B70F0F;
background-color: transparent;
}
.title  h2 a:hover  {
color: #000;
background-color: transparent;
}
.title{
margin: 0 0 0 0px;
padding: 0px 0px 0px 0px;
}
.data {
font-size:10px;
font-family:Tahoma, century gothic,Arial,Verdana,Helvitica,sans-serif;
padding:4px 5px 4px 0px;
color:#ca680b;
text-transform: uppercase;
margin:5px 10px;
}
.author{
color:#b50f0f;
padding:2px 5px 2px 0px;
}
.clock{
color:#b50f0f;
padding:2px 5px 2px 0px;
}
.comm{
color:#b50f0f;
padding:2px 5px 2px 0px;
margin-left:5px;
}
.comm a:link,
.comm a:visited {
color:#b50f0f;
}
.comm a:hover{
color:#b50f0f;
text-shadow:1px 1px 1px #ccc;
}
.singleinfo {
font:10px  Tahoma, Georgia, Arial,century gothic,verdana, sans-serif;
text-transform:uppercase;
color:#B98302;
padding:5px 0px;
}
.category{
padding:5px 0 5px 5px;
color:#000101;
}
.category a:link,.category a:visited{
color:#B50F0F;
}
.category a:hover{
color:#000;
}
.cover {
margin:0 0;
padding: 0px 10px ;
}
.entry {
margin:0 0;
padding: 0px 0px ;
}
.entry a:link,
.entry a:visited {
color:#0177CB;
background-color: transparent;
}
.entry a:hover {
color:#fff;
background-color: transparent;
text-decoration: none;
}
.entry ul, .entry ol{
margin: .4em 0 1em;
line-height: 150%;
}
.entry ul li, .entry ol li{
list-style-position:outside;
margin-left: 1.6em;
}
.entry p{
margin:5px 0px;
padding:5px 0px;
line-height:20px;
}
/* right column */
.right{
float:right;
width:320px;
padding:10px 0px 0px 0;
display:inline;
margin-right:10px;
overflow:hidden;
}
.blokbox,.twitbox{
float:left;
width:323px;
background:#fff;
margin-bottom:10px;
border:1px solid #ddd;
}
.blok{
padding:5px 0px 0px 0px;
float:left;
}
.fentry img{
max-width:100px;
padding-left:6px;
padding-bottom:5px;
float:left;
}
/* --- FOOTER --- */
#footmenu{
margin: 0px 0px 0px 0px;
padding: 0px 0px 0px 0px;
float:left;
font-size: 12px;
font-weight:normal;
height:42px;
line-height:42px;
width:100%;
background:url(http://1.bp.blogspot.com/_v5Bt2NHC-zQ/TJTGQA6yWcI/AAAAAAAAAtw/5r1oXuZhd1A/s1600/footmenu.png) repeat-x;
}
#footmenu ul, #footmenu ul li {
list-style: none;
margin: 0 auto;
padding: 0;
width:1000px;
}
#footmenu ul {
text-align: center;
}
#footmenu ul li {
display: inline;
margin-right:8px;
}
#footmenu  li a:link, #footmenu  li a:visited {
padding: 5px 5px;
color:#999;
}
#footmenu  li a:hover{
color:#fff;
}
#footer {
height:60px;
padding:10px 0 0 0px;
color:#2F2F2F;
font-size:11px;
font-weight:normal;
float:left;
width:100%;
background:#9c9c9c ;
border-top:1px solid #c0c0c0;
}
#footer a:link , #footer a:visited{
color:#2F2F2F;
}
#footer a:hover {
color:#fff;
}
.fleft{
float:left;
text-align:left;
margin-left:10px;
margin-top:10px;
line-height:16px;
}
.fright{
float:right;
text-align:right;
margin-right:10px;
margin-top:10px;
line-height:16px;
}
/* The Navigation */
#navigation{
margin:0px 0px 0px 0px;
padding:5px;
width:650px;
background:#fff;
height:27px;
}
/* The Attachment */
.contentCenter {
text-align:center;
}
.squarebanner {
	width:300px;
	padding:10px;
	background:#fff;
	margin-top:10px;

	}

.squarebanner ul{
	list-style-type:none;
	margin: 0px 0px 0px 0px;
	padding: 0px 0px 15px 0px;
	width:300px;
	overflow:hidden;
		}
		
.squarebanner ul li{
		list-style-type:none;
	    margin: 15px 5px 0px 8px;
		float:left;
		padding:5px;
		display:inline;
		background:#ddd;
		}

/* The Page Title */
h2.pagetitle {
padding:10px 0px;
font-size:14px;
text-align:center;
color:#555;
background:#fff;
margin-bottom:10px;
}
h2.pagetitle a {
color:#507409;
}
#sidebar-wrapper{
padding:10px 0px 0px 0px;
width:330px;
float:right;
}
.sidebar h2{
padding: 13px 0px 5px 20px;
height:26px;
color:#fff;
font-size:18px;
font-family:Georgia,Arial,Tahoma,century gothic,  sans-serif;
font-weight:normal;
text-shadow: 1px 1px 1px #000;
background:#B50F0F ;
border-radius: 5px;
-moz-border-radius: 5px;
-webkit-border-radius: 5px;
}
.sidebar .widget {
font-size:12px;
width:298px;
padding:10px;
background:#F4F4F4;
margin:0px 0px 10px 0px;
border:1px solid #eaeaea;
}
.sidebar .widget-content {padding: 5px 10px;margin:0;}
.sidebar ul {list-style-type: none;margin: 0 ;padding: 0;}
.sidebar li{list-style-type: none;margin: 0 ;padding: 0;}
.sidebar ul li {height:100%;line-height:28px;float: left; clear: left;	width: 280px;
list-style-type: none;overflow:hidden;color:#6b6856;}
.sidebar ul li  {text-decoration: none;padding: 0px 0px 0px 10px;display:block;
border-bottom:1px solid #ddd;}
.sidebar a:link {color:#6f6f6f;}
.sidebar a:hover {color: #B50F0F;}
.widgets {
width:1000px;
padding:0px 0px 0px 0px;
background:#15181b;
height:280px;
}
.widgets a {
color: #222;
text-decoration: none;
}
.widgets a:hover {
}
img.sidim{
width:650px;
height:280px;
}
img.phumb{
width:80px;
height:58px;
float:left;
margin-right:10px;
}

.subox{
	width:315px;
	padding:0px 0px;
	float:left;
	background:#fff;
	font: 14px Tahoma, century gothic,Arial,verdana, sans-serif;
	color:#555;
	line-height:20px;
	margin-left:5px;
	float:left;
	}

.subox h2{
	padding:5px 0 0 10px;
	font-size:16px;
	background:#B50F0F;
	height:24px;
	border:1px solid #fff;
	margin:0px 0;
	font-weight:bold;
	color:#fff;
	}

.subox ul{
	margin:0px;
	list-style:none;
}

.subox ul li{
	margin:0px;
	list-style:none;
	padding:0px 5px;
	line-height:30px;
	height:30px;
	overflow:hidden;
	background:#fcfcfc;
}

.suboxa{
	background:#EFEFEF!important;
}

.subox ul li a:link, .subox ul li a:visited{
	color:#555;
}



#bottom{
	width:660px;
	padding:5px 0px ;
}

.PageList h2{display:none;}
.post-footer{margin-left:10px;background:#ebebeb;padding:10px;margin-top:10px;line-height:1.4em;}
#comments h4 {
font-size:20px;
font-family:Tahoma,Arial,Century gothic, sans-serif;
color:#fff;
padding:10px 10px ;
background:#B50F0F;
margin-top:10px;
}
#comments-block {
line-height:1.6em;
margin:1em 0 1.5em;
}
#comments-block .comment-author {
background:#ebebeb none repeat scroll 0 0;
margin:0.5em 0;
padding-bottom:4px;
padding-left:8px;
padding-top:4px;
}
#comments-block .comment-body {
border-left:1px solid #ebebeb;
border-right:1px solid #ebebeb;
margin-top:-8px;
padding-left:10px;
padding-top:10px;
}
#comments-block .comment-footer {
border-bottom:1px solid #ebebeb;
border-left:1px solid #ebebeb;
border-right:1px solid #ebebeb;
font-size:11px;
line-height:1.4em;
margin:-0.25em 0 2em;
padding-bottom:5px;
padding-left:10px;
text-transform:none;
}
#comments-block .comment-body p {
margin:0;
padding-bottom:15px;
}

]]></b:skin>


  </head>



  <body>

<div class='rounded' id='wrapper'>

<div id='top'>

<div class='blogname'>		
<b:section class='blog-title' id='blog-title' maxwidgets='1' showaddelement='no'>
<b:widget id='Header1' locked='true' title='Aristo (Header)' type='Header'>
<b:includable id='title'>
  <b:if cond='data:blog.url == data:blog.homepageUrl'>
    <data:title/>
  <b:else/>
    <a expr:href='data:blog.homepageUrl'><data:title/></a>
  </b:if>
</b:includable>
<b:includable id='description'>
  <div class='descriptionwrapper'>
    <p class='description'><span><data:description/></span></p>
  </div>
</b:includable>
<b:includable id='main'>

  <b:if cond='data:useImage'>
    <b:if cond='data:imagePlacement == &quot;BEHIND&quot;'>
      <!--
      Show image as background to text. You can't really calculate the width
      reliably in JS because margins are not taken into account by any of
      clientWidth, offsetWidth or scrollWidth, so we don't force a minimum
      width if the user is using shrink to fit.
      This results in a margin-width's worth of pixels being cropped. If the
      user is not using shrink to fit then we expand the header.
      -->
      <div expr:style='&quot;background-image: url(\&quot;&quot; + data:sourceUrl + &quot;\&quot;); &quot;                      + &quot;background-position: &quot;                      + data:backgroundPositionStyleStr + &quot;; &quot;                      + data:widthStyleStr                      + &quot;min-height: &quot; + data:height + &quot;px;&quot;                      + &quot;_height: &quot; + data:height + &quot;px;&quot;                      + &quot;background-repeat: no-repeat; &quot;' id='header-inner'>
        <div class='titlewrapper' style='background: transparent'>
          <h1 class='title' style='background: transparent; border-width: 0px'>
            <b:include name='title'/>
          </h1>
        </div>
        <b:include name='description'/>
      </div>
    <b:else/>
      <!--Show the image only-->
      <div id='header-inner'>
        <a expr:href='data:blog.homepageUrl' style='display: block'>
          <img expr:alt='data:title' expr:height='data:height' expr:id='data:widget.instanceId + &quot;_headerimg&quot;' expr:src='data:sourceUrl' expr:width='data:width' style='display: block'/>
        </a>
        <!--Show the description-->
        <b:if cond='data:imagePlacement == &quot;BEFORE_DESCRIPTION&quot;'>
          <b:include name='description'/>
        </b:if>
      </div>
    </b:if>
  <b:else/>
    <!--No header image -->
    <div id='header-inner'>
      <div class='titlewrapper'>
        <h1 class='title'>
          <b:include name='title'/>
        </h1>
      </div>
      <b:include name='description'/>
    </div>
  </b:if>
</b:includable>
</b:widget>
</b:section>
</div>

<div id='search'>
			<form action='http://www.jinsonathemes.com/demo' id='searchform' method='get'>
	<input class='rounded' id='s' name='s' onblur='if(this.value==&apos;&apos;){this.value=&apos;search site&apos;};' onfocus='if(this.value==&apos;search site&apos;){this.value=&apos;&apos;};' type='text' value=''/>

			</form>

</div>
<div class='subcribe'>
<a expr:href='data:blog.homepageUrl + &quot;feeds/posts/default&quot;'>RSS Feed</a> | <a href='http://twitter.com/Your Twitter Name'>Twitter Follow</a> 		

</div>


<div class='clear'/>


<div class='clear'/>
</div>		


<div class='clear'/>

<div class='clear'/>

<div id='catmenucontainer'>
	
	<div id='catmenu'>
	
		<ul>
			<li class='page_item current_page_item'><a expr:href='data:blog.homepageUrl' title='Home'>Home</a></li>
			<li><a href='#' title='Sample Page'>Sample Page</a>

<ul>
	<li><a href='#' title='Child Page'>Child Page1</a></li>
	<li><a href='#' title='Child Page2'>Child Page2</a>
	<ul>
		<li><a href='#' title='Subpage'>Subpage</a></li>
	</ul>
</li>
	<li><a href='#' title='Sample Page'>Sample Page</a></li>

</ul>
</li>
<li><a href='#' title='About'>About</a></li>
<li><a href='#'>Archives</a></li>
<li><a href='#'>Contact</a>
<ul>
<li><a href='#' title='Profile'>Profile</a></li>
</ul>
</li>
		</ul>
	</div>	

</div>

<div id='foxmenucontainer'>
	
	<div id='menu'>
	
		<ul>
			<li><a href='#' title='View all posts filed under Business'>Business</a>
<ul class='children'>
	<li><a href='#' title='View all posts filed under Internat'>Internat</a>
</li>
	<li><a href='#' title='View all posts filed under Market'>Market</a>

</li>
	<li><a href='#' title='View all posts filed under Stock'>Stock</a>
</li>
</ul>
</li>
	<li><a href='#' title='View all posts filed under Downloads'>Downloads</a>
<ul class='children'>
	<li><a href='#' title='View all posts filed under Dvd'>Dvd</a>
</li>
	<li><a href='#' title='View all posts filed under Games'>Games</a>

</li>
	<li><a href='#' title='View all posts filed under Software'>Software</a>
	<ul class='children'>
	<li><a href='#' title='View all posts filed under Office'>Office</a>
</li>
	</ul>
</li>
</ul>
</li>
	<li><a href='#' title='View all posts filed under Entertainment'>Entertainment</a>

<ul class='children'>
	<li><a href='#' title='View all posts filed under Football'>Football</a>
</li>
</ul>
</li>
	<li><a href='#' title='Description for featured category'>Featured</a>
</li>
	<li><a href='#' title='View all posts filed under Health'>Health</a>
<ul class='children'>
	<li><a href='#' title='View all posts filed under Childcare'>Childcare</a>

</li>
	<li><a href='#' title='View all posts filed under Doctors'>Doctors</a>
</li>
</ul>
</li>
		</ul>
	</div>	
</div>


<div class='rounded' id='content'>
<b:section class='main' id='main' showaddelement='no'>
<b:widget id='Blog1' locked='true' title='Blog Posts' type='Blog'>
<b:includable id='nextprev'>
  <div class='blog-pager' id='blog-pager'>
    <b:if cond='data:newerPageUrl'>
      <span id='blog-pager-newer-link'>
      <a class='blog-pager-newer-link' expr:href='data:newerPageUrl' expr:id='data:widget.instanceId + &quot;_blog-pager-newer-link&quot;' expr:title='data:newerPageTitle'><data:newerPageTitle/></a>
      </span>
    </b:if>

    <b:if cond='data:olderPageUrl'>
      <span id='blog-pager-older-link'>
      <a class='blog-pager-older-link' expr:href='data:olderPageUrl' expr:id='data:widget.instanceId + &quot;_blog-pager-older-link&quot;' expr:title='data:olderPageTitle'><data:olderPageTitle/></a>
      </span>
    </b:if>

    <a class='home-link' expr:href='data:blog.homepageUrl'><data:homeMsg/></a>

  </div>
  <div class='clear'/>
</b:includable>
<b:includable id='shareButtons' var='post'>
  <b:if cond='data:post.sharePostUrl'>
      <a class='share-button sb-email' expr:href='data:post.sharePostUrl + &quot;&amp;target=email&quot;' expr:title='data:top.emailThisMsg' target='_blank'>
        <span class='share-button-link-text'><data:top.emailThisMsg/></span></a>
      <a class='share-button sb-blog' expr:href='data:post.sharePostUrl + &quot;&amp;target=blog&quot;' expr:onclick='&quot;window.open(this.href, \&quot;&quot; + data:top.blogThisMsg             + &quot;\&quot;, \&quot;height=270,width=475\&quot;); return false;&quot;' expr:title='data:top.blogThisMsg' target='_blank'>
        <span class='share-button-link-text'><data:top.blogThisMsg/></span></a>
      <a class='share-button sb-twitter' expr:href='data:post.sharePostUrl + &quot;&amp;target=twitter&quot;' expr:title='data:top.shareToTwitterMsg' target='_blank'>
        <span class='share-button-link-text'><data:top.shareToTwitterMsg/></span></a>
      <a class='share-button sb-facebook' expr:href='data:post.sharePostUrl + &quot;&amp;target=facebook&quot;' expr:onclick='&quot;window.open(this.href, \&quot;&quot;             + data:top.shareToFacebookMsg + &quot;\&quot;, \&quot;height=430,width=640\&quot;); return false;&quot;' expr:title='data:top.shareToFacebookMsg' target='_blank'>
        <span class='share-button-link-text'><data:top.shareToFacebookMsg/></span></a>
      <a class='share-button sb-buzz' expr:href='data:post.sharePostUrl + &quot;&amp;target=buzz&quot;' expr:onclick='&quot;window.open(this.href, \&quot;&quot; + data:top.shareToBuzzMsg             + &quot;\&quot;, \&quot;height=415,width=690\&quot;); return false;&quot;' expr:title='data:top.shareToBuzzMsg' target='_blank'>
        <span class='share-button-link-text'><data:top.shareToBuzzMsg/></span></a>
  </b:if>
</b:includable>
<b:includable id='backlinks' var='post'>
  <a name='links'/><h4><data:post.backlinksLabel/></h4>
  <b:if cond='data:post.numBacklinks != 0'>
    <dl class='comments-block' id='comments-block'>
      <b:loop values='data:post.backlinks' var='backlink'>
        <div class='collapsed-backlink backlink-control'>
          <dt class='comment-title'>
            <span class='backlink-toggle-zippy'>&#160;</span>
            <a expr:href='data:backlink.url' rel='nofollow'><data:backlink.title/></a>
            <b:include data='backlink' name='backlinkDeleteIcon'/>
          </dt>
          <dd class='comment-body collapseable'>
            <data:backlink.snippet/>
          </dd>
          <dd class='comment-footer collapseable'>
            <span class='comment-author'><data:post.authorLabel/> <data:backlink.author/></span>
            <span class='comment-timestamp'><data:post.timestampLabel/> <data:backlink.timestamp/></span>
          </dd>
        </div>
      </b:loop>
    </dl>
  </b:if>
  <p class='comment-footer'>
    <a class='comment-link' expr:href='data:post.createLinkUrl' expr:id='data:widget.instanceId + &quot;_backlinks-create-link&quot;' target='_blank'><data:post.createLinkLabel/></a>
  </p>
</b:includable>
<b:includable id='post' var='post'>
  <div class='post hentry uncustomized-post-template'>
    <a expr:name='data:post.id'/>
<div class='title'>
    <b:if cond='data:post.title'>
      <h2>
     <b:if cond='data:post.link'>
       <a expr:href='data:post.link'><data:post.title/></a>
     <b:else/>
        <b:if cond='data:post.url'>
          <a expr:href='data:post.url'><data:post.title/></a>
        <b:else/>
          <data:post.title/>
        </b:if>
     </b:if>
      </h2>
    </b:if>
<div class='clear'/>
</div>

    <div class='post-header'>
    <div class='post-header-line-1'/>
    </div>

    <div class='postcover'>
      <b:if cond='data:blog.pageType == &quot;item&quot;'>

<p style='padding: 10px 10px 10px 10px;'> <data:post.body/> </p>


<b:else/>
     
<DIV expr:id='&quot;summary&quot; + data:post.id'>&lt;br/&gt;<p><data:post.body/></p></DIV>
 <SCRIPT type='text/javascript'>createSummaryAndThumb(&quot;summary<data:post.id/>&quot;);</SCRIPT> 

</b:if>

      <div style='clear: both;'/> <!-- clear for photos floats -->
    </div>
  
    <b:if cond='data:post.hasJumpLink'>
      <div class='jump-link'>
        <a expr:href='data:post.url + &quot;#more&quot;' expr:title='data:post.title'><data:post.jumpText/></a>  
      </div>
    </b:if>
    

    <div class='post-footer'>
    <div class='post-footer-line post-footer-line-1'>
<span class='post-author vcard'>
        <b:if cond='data:top.showAuthor'>
          <data:top.authorLabel/>
          <span class='fn'><data:post.author/></span>
        </b:if>
      </span>      

      <span class='post-timestamp'>
        <b:if cond='data:top.showTimestamp'>
          <data:top.timestampLabel/>
        <b:if cond='data:post.url'>
          <a class='timestamp-link' expr:href='data:post.url' rel='bookmark' title='permanent link'><abbr class='published' expr:title='data:post.timestampISO8601'><data:post.timestamp/></abbr></a>
        </b:if>
        </b:if>
      </span>
  
      <span class='reaction-buttons'>
        <b:if cond='data:top.showReactions'>
          <table border='0' cellpadding='0' cellspacing='0' width='100%'><tr>
            <td class='reactions-label-cell' nowrap='nowrap' valign='top' width='1%'>
              <span class='reactions-label'>
              <data:top.reactionsLabel/></span>&#160;</td>
            <td><iframe allowtransparency='true' class='reactions-iframe' expr:src='data:post.reactionsUrl' frameborder='0' name='reactions' scrolling='no'/></td>
           </tr></table>
        </b:if>
      </span>

      <span class='star-ratings'>
        <b:if cond='data:top.showStars'>
           <div expr:g:background-color='data:backgroundColor' expr:g:text-color='data:textColor' expr:g:url='data:post.absoluteUrl' g:height='42' g:type='RatingPanel' g:width='280'/>
        </b:if>
      </span>

<span class='post-comment-link'>
        <b:if cond='data:blog.pageType != &quot;item&quot;'>
          <b:if cond='data:post.allowComments'>
            <a class='comment-link' expr:href='data:post.addCommentUrl' expr:onclick='data:post.addCommentOnclick'><b:if cond='data:post.numComments == 1'>1 <data:top.commentLabel/><b:else/><data:post.numComments/> <data:top.commentLabelPlural/></b:if></a>
          </b:if>
        </b:if>
      </span>

       <!-- backlinks -->
       <span class='post-backlinks post-comment-link'>
         <b:if cond='data:blog.pageType != &quot;item&quot;'>
           <b:if cond='data:blog.pageType != &quot;static_page&quot;'>
             <b:if cond='data:post.showBacklinks'>
               <a class='comment-link' expr:href='data:post.url + &quot;#links&quot;'><data:top.backlinkLabel/></a>
             </b:if>
           </b:if>
         </b:if>
       </span>

      <span class='post-icons'>
        <!-- email post links -->
        <b:if cond='data:post.emailPostUrl'>
          <span class='item-action'>
          <a expr:href='data:post.emailPostUrl' expr:title='data:top.emailPostMsg'>
              <img alt='' class='icon-action' height='13' src='http://img1.blogblog.com/img/icon18_email.gif' width='18'/>
          </a>
          </span>
        </b:if>

        <!-- quickedit pencil -->
        <b:include data='post' name='postQuickEdit'/>
      </span>

      <!-- share buttons -->
      <div class='post-share-buttons'>
        <b:include data='post' name='shareButtons'/>
      </div>

      </div>

      <div class='post-footer-line post-footer-line-2'>
      <span class='post-labels'>
        <b:if cond='data:post.labels'>
          <data:postLabelsLabel/>
          <b:loop values='data:post.labels' var='label'>
            <a expr:href='data:label.url' rel='tag'><data:label.name/></a><b:if cond='data:label.isLast != &quot;true&quot;'>,</b:if>
          </b:loop>
        </b:if>
      </span>
      </div>

      <div class='post-footer-line post-footer-line-3'>
      <span class='post-location'>
        <b:if cond='data:top.showLocation'>
          <b:if cond='data:post.location'>
            <data:postLocationLabel/>
            <a expr:href='data:post.location.mapsUrl' target='_blank'><data:post.location.name/></a>
          </b:if>
        </b:if>
      </span>
      </div>
    </div>
  </div>
</b:includable>
<b:includable id='status-message'>
  <b:if cond='data:navMessage'>
  <div class='status-msg-wrap'>
    <div class='status-msg-body'>
      <data:navMessage/>
    </div>
    <div class='status-msg-border'>
      <div class='status-msg-bg'>
        <div class='status-msg-hidden'><data:navMessage/></div>
      </div>
    </div>
  </div>
  <div style='clear: both;'/>
  </b:if>
</b:includable>
<b:includable id='comment-form' var='post'>
  <div class='comment-form'>
    <a name='comment-form'/>
    <h4 id='comment-post-message'><data:postCommentMsg/></h4>
    <p><data:blogCommentMessage/></p>
    <data:blogTeamBlogMessage/>
    <a expr:href='data:post.commentFormIframeSrc' id='comment-editor-src'/>
    <iframe allowtransparency='true' class='blogger-iframe-colorize blogger-comment-from-post' frameborder='0' height='410' id='comment-editor' name='comment-editor' src='' width='100%'/>
    <data:post.friendConnectJs/>
    <data:post.cmtfpIframe/>
    <script type='text/javascript'>
      BLOG_CMT_createIframe(&#39;<data:post.appRpcRelayPath/>&#39;, &#39;<data:post.communityId/>&#39;);
    </script>
  </div>
</b:includable>
<b:includable id='backlinkDeleteIcon' var='backlink'>
  <span expr:class='&quot;item-control &quot; + data:backlink.adminClass'>
    <a expr:href='data:backlink.deleteUrl' expr:title='data:top.deleteBacklinkMsg'>
      <img src='//www.blogger.com/img/icon_delete13.gif'/>
    </a>
  </span>
</b:includable>
<b:includable id='postQuickEdit' var='post'>
  <b:if cond='data:post.editUrl'>
    <span expr:class='&quot;item-control &quot; + data:post.adminClass'>
      <a expr:href='data:post.editUrl' expr:title='data:top.editPostMsg'>
        <img alt='' class='icon-action' height='18' src='http://img2.blogblog.com/img/icon18_edit_allbkg.gif' width='18'/>
      </a>
    </span>
  </b:if>
</b:includable>
<b:includable id='main' var='top'>
  <!-- posts -->
  <div class='blog-posts hfeed'>

    <b:include data='top' name='status-message'/>

    <data:defaultAdStart/>
    <b:loop values='data:posts' var='post'>
      <b:if cond='data:post.isDateStart'>
        <b:if cond='data:post.isFirstPost == &quot;false&quot;'>
          &lt;/div&gt;&lt;/div&gt;
        </b:if>
      </b:if>
      <b:if cond='data:post.isDateStart'>
        &lt;div class=&quot;date-outer&quot;&gt;
      </b:if>

      <b:if cond='data:post.isDateStart'>
        &lt;div class=&quot;date-posts&quot;&gt;
      </b:if>
      <div class='post-outer'>
      <b:include data='post' name='post'/>
      <b:if cond='data:blog.pageType == &quot;static_page&quot;'>
        <b:include data='post' name='comments'/>
      </b:if>
      <b:if cond='data:blog.pageType == &quot;item&quot;'>
        <b:include data='post' name='comments'/>
      </b:if>
      </div>
      <b:if cond='data:post.includeAd'>
        <b:if cond='data:post.isFirstPost'>
          <data:defaultAdEnd/>
        <b:else/>
          <data:adEnd/>
        </b:if>
        <div class='inline-ad'>
          <data:adCode/>
        </div>
        <data:adStart/>
      </b:if>
      <b:if cond='data:post.trackLatency'>
        <data:post.latencyJs/>
      </b:if>
    </b:loop>
    <b:if cond='data:numPosts != 0'>
      &lt;/div&gt;&lt;/div&gt;
    </b:if>
    <data:adEnd/>
  </div>

  <!-- navigation -->
  <b:include name='nextprev'/>

  <!-- feed links -->
  <b:include name='feedLinks'/>
  
  <b:if cond='data:top.showStars'>
    <script src='//www.google.com/jsapi' type='text/javascript'/>
    <script type='text/javascript'>
      google.load(&quot;annotations&quot;, &quot;1&quot;, {&quot;locale&quot;: &quot;<data:top.languageCode/>&quot;});
      function initialize() {
        google.annotations.setApplicationId(<data:top.blogspotReviews/>);
        google.annotations.createAll();
        google.annotations.fetch();
      }
      google.setOnLoadCallback(initialize);
    </script>
  </b:if>
</b:includable>
<b:includable id='commentDeleteIcon' var='comment'>
  <span expr:class='&quot;item-control &quot; + data:comment.adminClass'>
    <a expr:href='data:comment.deleteUrl' expr:title='data:top.deleteCommentMsg'>
      <img src='//www.blogger.com/img/icon_delete13.gif'/>
    </a>
  </span>
</b:includable>
<b:includable id='feedLinks'>
  <b:if cond='data:blog.pageType != &quot;item&quot;'> <!-- Blog feed links -->
    <b:if cond='data:feedLinks'>
      <div class='blog-feeds'>
        <b:include data='feedLinks' name='feedLinksBody'/>
      </div>
    </b:if>

    <b:else/> <!--Post feed links -->
    <div class='post-feeds'>
      <b:loop values='data:posts' var='post'>
        <b:if cond='data:post.allowComments'>
          <b:if cond='data:post.feedLinks'>
            <b:include data='post.feedLinks' name='feedLinksBody'/>
          </b:if>
        </b:if>
      </b:loop>
    </div>
  </b:if>
</b:includable>
<b:includable id='feedLinksBody' var='links'>
  <div class='feed-links'>
  <data:feedLinksMsg/>
  <b:loop values='data:links' var='f'>
     <a class='feed-link' expr:href='data:f.url' expr:type='data:f.mimeType' target='_blank'><data:f.name/> (<data:f.feedType/>)</a>
  </b:loop>
  </div>
</b:includable>
<b:includable id='comments' var='post'>
  <div class='comments' id='comments'>
    <a name='comments'/>
    <b:if cond='data:post.allowComments'>
      <h4>
        <b:if cond='data:post.numComments == 1'>
          1 <data:commentLabel/>:
        <b:else/>
          <data:post.numComments/> <data:commentLabelPlural/>:
        </b:if>
      </h4>

      <b:if cond='data:post.commentPagingRequired'>
        <span class='paging-control-container'>
          <a expr:class='data:post.oldLinkClass' expr:href='data:post.oldestLinkUrl'><data:post.oldestLinkText/></a>
          &#160;
          <a expr:class='data:post.oldLinkClass' expr:href='data:post.olderLinkUrl'><data:post.olderLinkText/></a>
          &#160;
          <data:post.commentRangeText/>
          &#160;
          <a expr:class='data:post.newLinkClass' expr:href='data:post.newerLinkUrl'><data:post.newerLinkText/></a>
          &#160;
          <a expr:class='data:post.newLinkClass' expr:href='data:post.newestLinkUrl'><data:post.newestLinkText/></a>
        </span>
      </b:if>

      <div expr:class='data:post.postAuthorClass' expr:id='data:widget.instanceId + &quot;_comments-block-wrapper&quot;'>
        <dl expr:class='data:post.avatarIndentClass' id='comments-block'>
          <b:loop values='data:post.comments' var='comment'>
            <dt expr:class='&quot;comment-author &quot; + data:comment.authorClass' expr:id='data:comment.anchorName'>
              <b:if cond='data:comment.favicon'>
                <img expr:src='data:comment.favicon' height='16px' style='margin-bottom:-2px;' width='16px'/>
              </b:if>
              <a expr:name='data:comment.anchorName'/>
              <b:if cond='data:blog.enabledCommentProfileImages'>
                <data:comment.authorAvatarImage/>
              </b:if>
              <b:if cond='data:comment.authorUrl'>
                <a expr:href='data:comment.authorUrl' rel='nofollow'><data:comment.author/></a>
              <b:else/>
                <data:comment.author/>
              </b:if>
              <data:commentPostedByMsg/>
            </dt>
            <dd expr:class='&quot;comment-body &quot; + data:comment.commentAuthorClass' expr:id='data:widget.instanceId + data:comment.cmtBodyIdPostfix'>
              <b:if cond='data:comment.isDeleted'>
                <span class='deleted-comment'><data:comment.body/></span>
              <b:else/>
                <p>
                  <data:comment.body/>
                  <span class='interaction-iframe-guide'/>
                </p>
              </b:if>
            </dd>
            <dd class='comment-footer'>
              <span class='comment-timestamp'>
                <a expr:href='data:comment.url' title='comment permalink'>
                  <data:comment.timestamp/>
                </a>
                <b:include data='comment' name='commentDeleteIcon'/>
              </span>
            </dd>
          </b:loop>
        </dl>
      </div>

      <b:if cond='data:post.commentPagingRequired'>
        <span class='paging-control-container'>
          <a expr:class='data:post.oldLinkClass' expr:href='data:post.oldestLinkUrl'>
            <data:post.oldestLinkText/>
          </a>
          <a expr:class='data:post.oldLinkClass' expr:href='data:post.olderLinkUrl'>
            <data:post.olderLinkText/>
          </a>
          &#160;
          <data:post.commentRangeText/>
          &#160;
          <a expr:class='data:post.newLinkClass' expr:href='data:post.newerLinkUrl'>
            <data:post.newerLinkText/>
          </a>
          <a expr:class='data:post.newLinkClass' expr:href='data:post.newestLinkUrl'>
            <data:post.newestLinkText/>
          </a>
        </span>
      </b:if>

      <p class='comment-footer'>
        <b:if cond='data:post.embedCommentForm'>
          <b:if cond='data:post.allowNewComments'>
            <b:include data='post' name='comment-form'/>
          <b:else/>
            <data:post.noNewCommentsText/>
          </b:if>
        <b:else/>
          <b:if cond='data:post.allowComments'>
            <a expr:href='data:post.addCommentUrl' expr:onclick='data:post.addCommentOnclick'><data:postCommentMsg/></a>
          </b:if>
        </b:if>

      </p>
    </b:if>

    <div id='backlinks-container'>
    <div expr:id='data:widget.instanceId + &quot;_backlinks-container&quot;'>
       <b:if cond='data:post.showBacklinks'>
         <b:include data='post' name='backlinks'/>
       </b:if>
    </div>
    </div>
  </div>
</b:includable>
</b:widget>
</b:section>

<div id='bottom'>


<div class='subox'>
<b:section class='bottombar' id='bottombar2' showaddelement='yes'>
<b:widget id='Label2' locked='false' title='Labels' type='Label'>
<b:includable id='main'>
  <b:if cond='data:title'>
    <h2><data:title/></h2>
  </b:if>
  <div expr:class='&quot;widget-content &quot; + data:display + &quot;-label-widget-content&quot;'>
    <b:if cond='data:display == &quot;list&quot;'>
      <ul>
      <b:loop values='data:labels' var='label'>
        <li>
          <b:if cond='data:blog.url == data:label.url'>
            <span expr:dir='data:blog.languageDirection'><data:label.name/></span>
          <b:else/>
            <a expr:dir='data:blog.languageDirection' expr:href='data:label.url'><data:label.name/></a>
          </b:if>
          <b:if cond='data:showFreqNumbers'>
            <span dir='ltr'>(<data:label.count/>)</span>
          </b:if>
        </li>
      </b:loop>
      </ul>
    <b:else/>
      <b:loop values='data:labels' var='label'>
        <span expr:class='&quot;label-size label-size-&quot; + data:label.cssSize'>
          <b:if cond='data:blog.url == data:label.url'>
            <span expr:dir='data:blog.languageDirection'><data:label.name/></span>
          <b:else/>
            <a expr:dir='data:blog.languageDirection' expr:href='data:label.url'><data:label.name/></a>
          </b:if>
          <b:if cond='data:showFreqNumbers'>
            <span class='label-count' dir='ltr'>(<data:label.count/>)</span>
          </b:if>
        </span>
      </b:loop>
    </b:if>
    <b:include name='quickedit'/>
  </div>
</b:includable>
</b:widget>
</b:section>  		
</div>



<div class='subox'>
<b:section class='bottombar' id='bottombar12' showaddelement='yes'>
<b:widget id='Label3' locked='false' title='Labels' type='Label'>
<b:includable id='main'>
  <b:if cond='data:title'>
    <h2><data:title/></h2>
  </b:if>
  <div expr:class='&quot;widget-content &quot; + data:display + &quot;-label-widget-content&quot;'>
    <b:if cond='data:display == &quot;list&quot;'>
      <ul>
      <b:loop values='data:labels' var='label'>
        <li>
          <b:if cond='data:blog.url == data:label.url'>
            <span expr:dir='data:blog.languageDirection'><data:label.name/></span>
          <b:else/>
            <a expr:dir='data:blog.languageDirection' expr:href='data:label.url'><data:label.name/></a>
          </b:if>
          <b:if cond='data:showFreqNumbers'>
            <span dir='ltr'>(<data:label.count/>)</span>
          </b:if>
        </li>
      </b:loop>
      </ul>
    <b:else/>
      <b:loop values='data:labels' var='label'>
        <span expr:class='&quot;label-size label-size-&quot; + data:label.cssSize'>
          <b:if cond='data:blog.url == data:label.url'>
            <span expr:dir='data:blog.languageDirection'><data:label.name/></span>
          <b:else/>
            <a expr:dir='data:blog.languageDirection' expr:href='data:label.url'><data:label.name/></a>
          </b:if>
          <b:if cond='data:showFreqNumbers'>
            <span class='label-count' dir='ltr'>(<data:label.count/>)</span>
          </b:if>
        </span>
      </b:loop>
    </b:if>
    <b:include name='quickedit'/>
  </div>
</b:includable>
</b:widget>
</b:section>  		
</div>
	
</div>
</div>

<div id='sidebar-wrapper'>
<div class='banner'>
<div class='squarebanner'>
<ul>
<li>

<a href='#' rel='bookmark' title=''><img alt='' src='http://4.bp.blogspot.com/_v5Bt2NHC-zQ/TJURZGJospI/AAAAAAAAAuQ/zf0dVJEBiA4/s1600/banner3.gif' style='vertical-align:bottom;'/></a>
</li>
<li>
<a href='#' rel='bookmark' title=''><img alt='' src='http://4.bp.blogspot.com/_v5Bt2NHC-zQ/TJURZGJospI/AAAAAAAAAuQ/zf0dVJEBiA4/s1600/banner3.gif' style='vertical-align:bottom;'/></a>
</li>
<li>
<a href='#' rel='bookmark' title=''><img alt='' src='http://4.bp.blogspot.com/_v5Bt2NHC-zQ/TJURZGJospI/AAAAAAAAAuQ/zf0dVJEBiA4/s1600/banner3.gif' style='vertical-align:bottom;'/></a>
</li>
<li>
<a href='#' rel='bookmark' title=''><img alt='' src='http://4.bp.blogspot.com/_v5Bt2NHC-zQ/TJURZGJospI/AAAAAAAAAuQ/zf0dVJEBiA4/s1600/banner3.gif' style='vertical-align:bottom;'/></a>
</li>
</ul>
</div></div>

<b:section class='sidebar' id='sidebar' preferred='yes'>
<b:widget id='Label1' locked='false' title='Labels' type='Label'>
<b:includable id='main'>
  <b:if cond='data:title'>
    <h2><data:title/></h2>
  </b:if>
  <div expr:class='&quot;widget-content &quot; + data:display + &quot;-label-widget-content&quot;'>
    <b:if cond='data:display == &quot;list&quot;'>
      <ul>
      <b:loop values='data:labels' var='label'>
        <li>
          <b:if cond='data:blog.url == data:label.url'>
            <span expr:dir='data:blog.languageDirection'><data:label.name/></span>
          <b:else/>
            <a expr:dir='data:blog.languageDirection' expr:href='data:label.url'><data:label.name/></a>
          </b:if>
          <b:if cond='data:showFreqNumbers'>
            <span dir='ltr'>(<data:label.count/>)</span>
          </b:if>
        </li>
      </b:loop>
      </ul>
    <b:else/>
      <b:loop values='data:labels' var='label'>
        <span expr:class='&quot;label-size label-size-&quot; + data:label.cssSize'>
          <b:if cond='data:blog.url == data:label.url'>
            <span expr:dir='data:blog.languageDirection'><data:label.name/></span>
          <b:else/>
            <a expr:dir='data:blog.languageDirection' expr:href='data:label.url'><data:label.name/></a>
          </b:if>
          <b:if cond='data:showFreqNumbers'>
            <span class='label-count' dir='ltr'>(<data:label.count/>)</span>
          </b:if>
        </span>
      </b:loop>
    </b:if>
    <b:include name='quickedit'/>
  </div>
</b:includable>
</b:widget>
<b:widget id='BlogArchive1' locked='false' title='Blog Archive' type='BlogArchive'>
<b:includable id='toggle' var='interval'>
  <b:if cond='data:interval.toggleId'>
  <b:if cond='data:interval.expclass == &quot;expanded&quot;'>
    <a class='toggle' href='javascript:void(0)'>
      <span class='zippy toggle-open'>&#9660;&#160;</span>
    </a>
  <b:else/>
    <a class='toggle' href='javascript:void(0)'>
      <span class='zippy'>
        <b:if cond='data:blog.languageDirection == &quot;rtl&quot;'>
          &#9668;&#160;
        <b:else/>
          &#9658;&#160;
        </b:if>
      </span>
    </a>
  </b:if>
 </b:if>
</b:includable>
<b:includable id='interval' var='intervalData'>
  <b:loop values='data:intervalData' var='i'>
      <ul class='hierarchy'>
        <li expr:class='&quot;archivedate &quot; + data:i.expclass'>
          <b:include data='i' name='toggle'/>
          <a class='post-count-link' expr:href='data:i.url'><data:i.name/></a>
            <span class='post-count' dir='ltr'>(<data:i.post-count/>)</span>
          <b:if cond='data:i.data'>
            <b:include data='i.data' name='interval'/>
          </b:if>
          <b:if cond='data:i.posts'>
            <b:include data='i.posts' name='posts'/>
          </b:if>
        </li>
      </ul>
  </b:loop>
</b:includable>
<b:includable id='menu' var='data'>
  <select expr:id='data:widget.instanceId + &quot;_ArchiveMenu&quot;'>
    <option value=''><data:title/></option>
    <b:loop values='data:data' var='i'>
      <option expr:value='data:i.url'><data:i.name/> (<data:i.post-count/>)</option>
    </b:loop>
  </select>
</b:includable>
<b:includable id='flat' var='data'>
  <ul class='flat'>
    <b:loop values='data:data' var='i'>
      <li class='archivedate'>
        <a expr:href='data:i.url'><data:i.name/></a> (<data:i.post-count/>)
      </li>
    </b:loop>
  </ul>
</b:includable>
<b:includable id='posts' var='posts'>
  <ul class='posts'>
    <b:loop values='data:posts' var='i'>
      <li><a expr:href='data:i.url'><data:i.title/></a></li>
    </b:loop>
  </ul>
</b:includable>
<b:includable id='main'>
  <b:if cond='data:title'>
    <h2><data:title/></h2>
  </b:if>
  <div class='widget-content'>
  <div id='ArchiveList'>
  <div expr:id='data:widget.instanceId + &quot;_ArchiveList&quot;'>
    <b:if cond='data:style == &quot;HIERARCHY&quot;'>
     <b:include data='data' name='interval'/>
    </b:if>
    <b:if cond='data:style == &quot;FLAT&quot;'>
      <b:include data='data' name='flat'/>
    </b:if>
    <b:if cond='data:style == &quot;MENU&quot;'>
      <b:include data='data' name='menu'/>
    </b:if>
  </div>
  </div>
  <b:include name='quickedit'/>
  </div>
</b:includable>
</b:widget>
</b:section>
</div>

  
<div class='clear'/>
</div>

<div id='footmenu'>
		
		<ul>
			<li><a expr:href='data:blog.homepageUrl' title='Home'>Home</a></li>
			<li><a href='#' title='Sample Page'>Sample Page</a></li>
<li><a href='#' title='About'>About</a></li>

<li><a href='#' title='About'>About</a></li>
<li><a href='#' title='About'>About</a></li>
<li><a href='#' title='About'>About</a></li>
<li><a href='#' title='memberlist'>memberlist</a></li>
<li><a href='#' title='Full wide'>Full wide</a></li>
		
		</ul>

		
</div>


<div id='footer'>
	
<div class='fleft'>
Copyright &#169; 2010 <a expr:href='data:blog.homepageUrl'><data:blog.title/></a><br/>
Powered By <a href='http://blogger.com/'>Blogger</a><br/>
</div>

<div class='fright'>
Design: <a href='http://web2feel.com/'>Web2feel</a> <br/> 
<a href='http://www.bloggertheme.net' target='_blank' title='Blogger templates'>Blogger Template</a> by <a href='http://www.bloggertheme.net' target='_blank' title='Blogger templates'>Blogger Theme</a> 
</div>

<div class='clear'/>
</div>



</body>
</html>