<?xml version="1.0" encoding="UTF-8" ?>
<!DOCTYPE html PUBLIC "-//W3C//DTD XHTML 1.0 Strict//EN" "http://www.w3.org/TR/xhtml1/DTD/xhtml1-strict.dtd">
<html expr:dir='data:blog.languageDirection' xmlns='http://www.w3.org/1999/xhtml' xmlns:b='http://www.google.com/2005/gml/b' xmlns:data='http://www.google.com/2005/gml/data' xmlns:expr='http://www.google.com/2005/gml/expr'>
  <head>
<link href='http://fonts.googleapis.com/css?family=Open Sans' rel='stylesheet' type='text/css'/>
<b:include data='blog' name='all-head-content'/>
<b:if cond='data:blog.url == data:blog.homepageUrl'>
</b:if>
<b:if cond='data:blog.pageType == &quot;index&quot;'>
<title><data:blog.pageTitle/></title> 
<b:else/>
<title><data:blog.pageName/> ~ <data:blog.title/></title>
</b:if>
<meta content='Description-Here ' name='description'/>
<meta content='Keyword-Here' name='keywords'/>
<meta content='ALL' name='ROBOTS'/>
    <b:skin><![CDATA[/*
-----------------------------------------------
Blogger Template Style
Name:   MBL Avada
Designer: Syed Faizan Ali
URL:  http://www.templateism.com/
Date:   31 December 2012
License:  This free Blogger template is licensed under the Creative Commons Attribution 3.0 License, which permits both personal and commercial use.
However, to satisfy the 'attribution' clause of the license, you are required to keep the footer links intact which provides due credit to its authors. For more specific details about the license, you may visit the URL below:
http://creativecommons.org/licenses/by/3.0/
----------------------------------------------- */

body#layout ul{list-style-type:none;list-style:none} body#layout ul li{list-style-type:none;list-style:none} body { color: #333; font-family:Open Sans, Helvetica Neue,Arial,Helvetica, sans-serif; font-size:12px; } a { text-decoration:none; color:#333; } a:hover { color:#a0ce4e; text-decoration:none; } #body-wrapper{margin:0px;padding:0px;}

body{ background: url(http://4.bp.blogspot.com/-w19VBzwqFxE/UMUxWLm_bYI/AAAAAAAAJUQ/xv9AOlPPTc4/s1600/bg.png)}

/* Header-----------------------------------------------*/
#header-wrapper {float: left; height: 88px; width: 100%; } .headerleft { width: 400px; height:88px; margin-top:-20px; margin-left:5px; float: left; font-family: Georgia; font-size: 12px; font-family: 'BreeSerifRegular', Arial, sans-serif; color: #fff; } .headerleft a img { border: none; margin-top: 35px; } #header-wrapper2 { margin-left: 450px;width:500px;} #header-inner{ float:left; overflow:hidden; margin:31px 0 0; } #header-inner a{ height:100%; display:block; } #wrap1 { background-color: #fff; border: 2px solid #ddd; margin: -40px auto 0; margin-top:-12px; width: 960px; height:100%; }

/* Outer-Wrapper----------------------------------------------- */
#outer-wrapper{width:960px;margin:0px auto 0px;padding:0px;text-align:left;background:#FFFFFF;} #content-wrapper{margin-top:-35px;} #main-wrapper{width:615px;float:left;margin:0px;padding:0px 0px 0px 0px;word-wrap:break-word;overflow:hidden;text-shadow:0 1px 0 #fff;} #main-wrapper2{width:615px;float:left;margin:0px;padding:0px 0px 0px 0px;word-wrap:break-word;overflow:hidden;text-shadow:0 1px 0 #fff;} #rsidebar-wrapper{width:290px;float:right;margin:0px;padding:0px 0px 0px 0px;word-wrap:break-word;overflow:hidden;text-shadow:0 1px 0 #fff;}

/* Headings----------------------------------------------- */
h2{}
/* Posts-----------------------------------------------*/
h2.date-header{margin:1.5em 0 .5em;display:none;} .wrapfullpost{} .post{margin-bottom:15px; margin-left:10px;} .post-title a { color: #494949; } .post-title a:hover { color: #222; } .post-body{ color: #333; font: 14px/25px Open Sans, Helvetica Neue,Arial,Helvetica, sans-serif; } .post-footer{margin:5px 0;} .comment-link{margin-$startSide:.6em} .postmeta-primary{color:#999;font-size:12px;line-height:18px;padding:0 0 5px 0} .postmeta-secondary{color:#999;font-size:12px;line-height:18px;padding:0 0 10px 0} .postmeta-primary span,.postmeta-secondary span{padding:3px 0 3px 20px;background-position:left center;background-repeat:no-repeat} .meta_date{background-image:url(http://2.bp.blogspot.com/-paWPYJvQDqA/UC7eiuIKgUI/AAAAAAAAAvw/af410sUcO2w/s000/date.png)} .meta_author{background-image:url(http://3.bp.blogspot.com/-reTaoyVmDXA/UC7ejgVBQbI/AAAAAAAAAv4/u6d-iPeLZi0/s000/author.png)} .meta_comments{background-image:url(http://2.bp.blogspot.com/-zZgvwATiF3E/UC7ej-cvmbI/AAAAAAAAAwA/THMs0579MII/s000/comments.png)} .meta_edit{background-image:url(images/edit.png)} .meta_categories{background-image:url(http://1.bp.blogspot.com/-g-ptS39XbNM/UC7ekTJsEXI/AAAAAAAAAwI/t8fMhUuUvQI/s000/category.png)} .meta_tags{background-image:url(http://3.bp.blogspot.com/-fZuK3yymXmo/UC7ek6kEDLI/AAAAAAAAAwQ/-J16r4bHvFo/s000/tags.png)} /* Sidebar 

Content----------------------------------------------- */
 .sidebar{margin:0 0 10px 0;font-size:13px;color:#374142;} .sidebar a{text-decoration:none;color:#374142;} .sidebar a:hover{text-decoration:none;color:#a0ce4e;} .sidebar h2{font-size: 19px; text-transform: none!important; margin-bottom: 12px; text-transform: uppercase; font-weight: normal; font-family: 'BreeSerifRegular', Arial, sans-serif;} .sidebar ul{list-style-type:none;list-style:none;margin:0px;padding:0px;} .sidebar ul li{padding:0 0 9px 0;margin:0 0 8px 0;} .sidebar .widget{margin:0 0 15px 0;padding:0;color:#374142;font-size:13px;} .main .widget{margin:0 0 5px;padding:0 0 2px} .main .Blog{border-bottom-width:0}

/* FOOTER ----------------------------------------------- */
#footer{margin-bottom:0px;text-shadow:0px 1px 0px #fff;} #copyrights{color:#374142;background:#EDEDED;text-align:center;padding:20px 0} #copyrights a{color:#374142} #copyrights a:hover{color:#374142;text-decoration:none} #credits{color:#777;text-align:center;font-size:11px;padding:10px 0 0 0} #credits a{color:#777;text-decoration:none} #credits a:hover{text-decoration:none;color:#a0ce4e} .crelink {float:right;text-align:right;} #footer-widgets{background:#F8F8F8;padding:20px 0 0 0;text-shadow:0px 1px 0px #fff;} .footer-widget-box{width:300px;float:left;margin-left:15px} .footer-widget-box-last{} #footer-widgets .widget-container{color:#374142;} #footer-widgets .widget-container a{text-decoration:none;color:#374142;} #footer-widgets .widget-container a:hover{text-decoration:none;color:#a0ce4e;} #footer-widgets h2 { padding: 0 0 1.5em 0; font-size: 19px; margin-bottom: 12px; font-family: 'BreeSerifRegular', Arial, sans-serif; background: url('http://3.bp.blogspot.com/-xRRKt2Q1O7g/UMMjZLMUm5I/AAAAAAAAJNo/47H2PtmktWU/s1600/divider.png') bottom repeat-x; } #footer-widgets .widget ul{list-style-type:none;list-style:none;margin:0px;padding:0px;} #footer-widgets .widget ul li{padding:0 0 9px 0;margin:0 0 8px 0;} .footersec {} .footersec .widget{margin-bottom:20px;} .footersec ul{} .footersec ul li{}

/* Comments----------------------------------------------- */
#comments{padding:10px;background-color:#fff;border:0px dashed #ddd;} #comments h4{font-size:16px;font-weight:bold;margin:1em 0;color:$sidebarcolor} #comments-block3{padding:0;margin:0;float:left;overflow:hidden;position:relative;} #comment-name-url{width:465px;float:left} #comment-date{width:465px;float:left;margin-top:5px;font-size:10px;} #comment-header{float:left;padding:5px 0 40px 10px;margin:5px 0px 15px 0px;position:relative;background-color:#fff;border:1px dashed #ddd;} .avatar-image-container{background:url(http://1.bp.blogspot.com/-cewCXF9l764/UC7eon7rxXI/AAAAAAAAAww/gDiPoSuhivM/s000/comment-avatar.jpg);width:32px;height:32px;float:right;margin:5px 10px 5px 5px;border:1px solid #ddd;} .avatar-image-container img{width:32px;height:32px;} a.comments-autor-name{color:#000;font:normal bold 14px Arial,Tahoma,Verdana} a.says{color:#000;font:normal 14px Arial,Tahoma,Verdana} .says a:hover{text-decoration:none} .deleted-comment{font-style:italic;color:gray} #blog-pager-newer-link{float:$startSide} #blog-pager-older-link{float:$endSide} #blog-pager{text-align:center}

/* Profile ----------------------------------------------- */
.profile-img{float:$startSide;margin-top:0;margin-$endSide:5px;margin-bottom:5px;margin-$startSide:0;padding:4px;border:1px solid $bordercolor} .profile-data{margin:0;text-transform:uppercase;letter-spacing:.1em;font:$postfooterfont;color:$sidebarcolor;font-weight:bold;line-height:1.6em} .profile-datablock{margin:.5em 0 .5em} .profile-textblock{margin:0.5em 0;line-height:1.6em} .avatar-image-container{background:url(http://1.bp.blogspot.com/-cewCXF9l764/UC7eon7rxXI/AAAAAAAAAww/gDiPoSuhivM/s000/comment-avatar.jpg);width:32px;height:32px;float:right;margin:5px 10px 5px 5px;border:1px solid #ddd;} .avatar-image-container img{width:32px;height:32px;} .profile-link{font:$postfooterfont;text-transform:uppercase;letter-spacing:.1em} #navbar-iframe{height:0;visibility:hidden;display:none;} .post h2 { font-weight:normal; color: #494949; font-size: 45px; line-height: 50px; text-decoration: none; margin-bottom: 10px; font-family: 'BreeSerifRegular', Arial, sans-serif; } .post h3 { font-family: 'BreeSerifRegular', Arial, sans-serif; font-size: 32px; line-height: 40px; margin: 10px 0; border-bottom: 4px solid #eee; font-family: 'BreeSerifRegular', Arial, sans-serif; } .post h4 { font-family: 'BreeSerifRegular', Arial, sans-serif; font-size: 28px; line-height: 40px; margin: 10px 0; font-family: 'BreeSerifRegular', Arial, sans-serif; } .post h5 { font-family: 'BreeSerifRegular', Arial, sans-serif; font-size: 24px; line-height: 40px; margin: 10px 0; font-family: 'BreeSerifRegular', Arial, sans-serif; } .post h6 { font-family: 'BreeSerifRegular', Arial, sans-serif; font-size: 18px; line-height: 40px; margin: 10px 0; font-family: 'BreeSerifRegular', Arial, sans-serif; } @font-face { font-family: 'BreeSerifRegular'; src: local('Bree Serif'), local('BreeSerif-Regular'), url(http://themes.googleusercontent.com/static/fonts/breeserif/v2/LQ7WLTaITDg4OSRuOZCpsxsxEYwM7FgeyaSgU71cLG0.woff) format('woff'); font-weight: normal; font-style: normal; }

/*-[ Read more link]---------------------------*/
.readmore { background: #99cc66; cursor: pointer; color: white!important; padding: 8px 16px; margin: 20px 0 0 0; float: right; -webkit-border-radius: 5px; -moz-border-radius: 5px; -o-border-radius: 5px; -ms-border-radius: 5px; -khtml-border-radius: 5px; border-radius: 5px; -webkit-transition: all 0.25s linear; -moz-transition: all 0.25s linear; transition: all 0.25s linear; } a.readmore:hover { text-decoration: none; background:#333; color:#fff!important; }
/*Post Meta---------------------------*/
#post-line{border: 3px solid #99cc66; margin-top:100px; width:100%; } .theauthor { font-size: 16px; margin: 0 15px 0 0; float: left; margin-top: 2px; } .theauthor a { color: #444; text-decoration: none; } .headline_meta { color: #999; font-style: italic; font-family: Georgia,serif; padding: 1px 0 15px; margin: 0 0 5px 0; border-bottom: 1px #EEE dashed; overflow: hidden; width:1000px; } .thetime { background: url(http://2.bp.blogspot.com/-RdZiQPTzU9Y/UMMjq-dtTCI/AAAAAAAAJNw/2r0VGjqayfY/s1600/sprite1.png) 0 0px no-repeat; padding: 2px 15px 0 20px; float:left; } .thecategories { background: url(http://2.bp.blogspot.com/-RdZiQPTzU9Y/UMMjq-dtTCI/AAAAAAAAJNw/2r0VGjqayfY/s1600/sprite1.png) 0 -35px no-repeat; padding: 2px 15px 0 20px; float:left; } .thecomments { background: url(http://2.bp.blogspot.com/-RdZiQPTzU9Y/UMMjq-dtTCI/AAAAAAAAJNw/2r0VGjqayfY/s1600/sprite1.png) 0 -66px no-repeat; padding: 2px 15px 0 20px; float: left; margin-top:-18px; margin-left:130px; } .post ul {list-style:circle; }

/*Comments---------------------------*/
#comments{margin:20px 20px 0;overflow:hidden} #comments h4{display:inline;padding:10px;line-height:40px} #comments h4,.comments .comment-header,.comments .comment-thread.inline-thread .comment{position:relative} #comments h4,.comments .continue a{background:#99cc66} #comments h4,.comments .user a,.comments .continue a{font-size:16px} #comments h4,.comments .continue a{font-weight:normal;color:#fff} #comments h4:after{content:"";position:absolute;bottom:-10px;left:10px;border-top:10px solid #99cc66;border-right:20px solid transparent;width:0;height:0;line-height:0} #comments .avatar-image-container img{border:0} .comment-thread{color:#111} .comment-thread a{color:#777} .comment-thread ol{margin:0 0 20px} .comment-thread .comment-content a,.comments .user a,.comments .comment-thread.inline-thread .user a{color:#669933} .comments .avatar-image-container,.comments .avatar-image-container img{width:48px;max-width:48px;height:48px;max-height:48px} .comments .comment-block,.comments .comments-content .comment-replies,.comments .comment-replybox-single{margin-left:60px} .comments .comment-block,.comments .comment-thread.inline-thread .comment{border:1px solid #ddd;background:#eeede7;padding:10px} .comments .comments-content .comment{margin:15px 0 0;padding:0;width:100%;line-height:1em} .comments .comments-content .icon.blog-author{position:absolute;top:-12px;right:-12px;margin:0;background-image: url(http://3.bp.blogspot.com/-xqN0nTWnWpE/UMMsqKVG0sI/AAAAAAAAJQA/xElYEBIxGV8/s1600/aUTHOR.png);width:36px;height:36px} .comments .comments-content .inline-thread{padding:0 0 0 20px} .comments .comments-content .comment-replies{margin-top:0} .comments .comment-content{padding:5px 0;line-height:1.4em} .comments .comment-thread.inline-thread{border-left:1px solid #ddd;background:transparent} .comments .comment-thread.inline-thread .comment{width:auto} .comments .comment-thread.inline-thread .comment:after{content:"";position:absolute;top:10px;left:-20px;border-top:1px solid #ddd;width:10px;height:0px} .comments .comment-thread.inline-thread .comment .comment-block{border:0;background:transparent;padding:0} .comments .comment-thread.inline-thread .comment-block{margin-left:48px} .comments .comment-thread.inline-thread .user a{font-size:13px} .comments .comment-thread.inline-thread .avatar-image-container,.comments .comment-thread.inline-thread .avatar-image-container img{width:36px;max-width:36px;height:36px;max-height:36px} .comments .continue{border-top:0;width:100%} .comments .continue a{padding:10px 0;text-align:center} .comment .continue{display:none} #comment-editor{width:103%!important} .comment-form{width:100%;max-width:100%}

/*************************************
	-	TP ARROWS 	-
**************************************/
.tp-leftarrow.large { z-index:100;cursor:pointer; position:relative; background:url(http://3.bp.blogspot.com/-SQM1wHB9bzI/UMEk6QJIMsI/AAAAAAAAJEU/IAMrBF1KOLI/s1600/arrow_large_left.png) no-Repeat top left; width:46px; height:46px; margin-left:20px; margin-top:-23px; } .tp-rightarrow.large { z-index:100;cursor:pointer; position:relative; background:url(http://1.bp.blogspot.com/-47Wb11MQgmM/UMEk7Bnt8VI/AAAAAAAAJEY/I3xJRrDlbLE/s1600/arrow_large_right.png) no-Repeat top left; width:46px; height:46px; margin-left:-20px; margin-top:-23px; } .tp-leftarrow:hover, .tp-rightarrow:hover { background-position:bottom left; } .tp-loader { background:url(http://2.bp.blogspot.com/-7mnuR5hkW10/UMElGpctJuI/AAAAAAAAJEk/EoZK6R5IcG8/s1600/loader.gif) no-repeat 10px 10px; background-color:#fff; margin:-22px -22px; top:50%; left:50%; z-index:10000; position:absolute;width:44px;height:44px; border-radius: 3px; -moz-border-radius: 3px; -webkit-border-radius: 3px; }

/*These are custom Avada styles*/
.avada_big_black_text{ position: absolute; color: #333333; font-size: 42px; line-height: 45px; font-family: museoslab500regular; } .avada_big_black_text_center{ position: absolute; color: #333333; font-size: 38px; line-height: 45px; font-family: museoslab500regular; text-align: center; } .avada_med_green_text{ position: absolute; color: #A0CE4E; font-size: 24px; line-height: 24px; font-family: PTSansRegular, Arial, Helvetica, sans-serif; } .avada_small_gray_text{ position: absolute; color: #747474; font-size: 13px; line-height: 20px; font-family: PTSansRegular, Arial, Helvetica, sans-serif; } .avada_block_black{ position: absolute; color: #A0CE4E; text-shadow: none; font-size: 22px; line-height: 34px; padding: 0px 10px; padding-top: 1px; margin: 0px; border-width: 0px; border-style: none; background-color:#000; font-family: PTSansRegular, Arial, Helvetica, sans-serif; } .avada_block_green{ position: absolute; color: #000; text-shadow: none; font-size: 22px; line-height: 34px; padding: 0px 10px; padding-top: 1px; margin: 0px; border-width: 0px; border-style: none; background-color:#A0CE4E; font-family: PTSansRegular, Arial, Helvetica, sans-serif; } .avada_block_white{ position: absolute; color: #fff; text-shadow: none; font-size: 22px; line-height: 34px; padding: 0px 10px; padding-top: 1px; margin: 0px; border-width: 0px; border-style: none; background-color:#000; font-family: PTSansRegular, Arial, Helvetica, sans-serif; } /*These are default styles*/ .caption.black{ color: #000; text-shadow: none; } .caption.noshadow { text-shadow: none; } .caption a { color: #ff7302; text-shadow: none; -webkit-transition: all 0.2s ease-out; -moz-transition: all 0.2s ease-out; -o-transition: all 0.2s ease-out; -ms-transition: all 0.2s ease-out; } .caption a:hover { color: #ffa902; } .wp-caption{} .wp-caption-text{} .sticky{} .gallery-caption{} .bypostauthor{} #wpadminbar *{color:#ccc !important;} /* Alignment */ .alignleft { display: inline; float: left; margin-right: 15px; } .alignright { display: inline; float: right; margin-left: 15px; } .aligncenter { clear: both; display: block; margin-left: auto; margin-right: auto; }



/* Button */
.buttons a{ margin-right:30px; } .button{ display:inline-block; } .button.large{ height:43px; line-height:43px; font:13px/43px 'PTSansBold', arial, helvetica, sans-serif; text-transform:uppercase; text-align:center; text-shadow:0 1px 0 #fff; padding:0 30px; -webkit-border-radius: 2px; -moz-border-radius: 2px; border-radius: 2px; -webkit-box-shadow: 0 1px 1px rgba(0,0,0,0.2); -moz-box-shadow: 0 1px 1px rgba(0,0,0,0.2); box-shadow: 0 1px 1px rgba(0,0,0,0.2); } .button.small{ height:32px; font:13px/32px 'PTSansBold', arial, helvetica, sans-serif; text-transform:uppercase; text-align:center; text-shadow:0 1px 0 #fff; padding:0 20px; -webkit-border-radius: 2px; -moz-border-radius: 2px; border-radius: 2px; -webkit-box-shadow: 0 1px 1px rgba(0,0,0,0.2); -moz-box-shadow: 0 1px 1px rgba(0,0,0,0.2); box-shadow: 0 1px 1px rgba(0,0,0,0.2); } .button.green{ color:#54770f !important; background-image: linear-gradient(top, #D1E990 0%, #AAD75D 100%); background-image: -o-linear-gradient(top, #D1E990 0%, #AAD75D 100%); background-image: -moz-linear-gradient(top, #D1E990 0%, #AAD75D 100%); background-image: -webkit-linear-gradient(top, #D1E990 0%, #AAD75D 100%); background-image: -ms-linear-gradient(top, #D1E990 0%, #AAD75D 100%); background-image: -webkit-gradient( linear, left top, left bottom, color-stop(0, #D1E990), color-stop(1, #AAD75D) ); border:1px solid #9dba60; } .button.green:hover{ color:#54770f !important; background-image: linear-gradient(top, #AAD75D 0%, #D1E990 100%); background-image: -o-linear-gradient(top, #AAD75D 0%, #D1E990 100%); background-image: -moz-linear-gradient(top, #AAD75D 0%, #D1E990 100%); background-image: -webkit-linear-gradient(top, #AAD75D 0%, #D1E990 100%); background-image: -ms-linear-gradient(top, #AAD75D 0%, #D1E990 100%); background-image: -webkit-gradient( linear, left top, left bottom, color-stop(0, #AAD75D), color-stop(1, #D1E990) ); border:1px solid #9dba60; } .no-cssgradients .button.green{ background-color:#D1E990; } .no-cssgradients .button.green:hover{ background-color:#AAD75D; } @font-face { font-family: 'MuseoSlab500Regular'; src: url('http://theme-fusion.com/avadatest/wp-content/uploads/2012/11/Museo_Slab_500-webfont2.eot'); src: url('http://theme-fusion.com/avadatest/wp-content/uploads/2012/11/Museo_Slab_500-webfont2.eot?#iefix') format('embedded-opentype'), url('http://theme-fusion.com/avadatest/wp-content/uploads/2012/11/Museo_Slab_500-webfont2.svg#MuseoSlab500Regular') format('svg'), url('http://theme-fusion.com/avadatest/wp-content/uploads/2012/11/Museo_Slab_500-webfont2.woff') format('woff'), url('http://theme-fusion.com/avadatest/wp-content/uploads/2012/11/Museo_Slab_500-webfont2.ttf') format('truetype'); font-weight: normal; font-style: normal; }
	
.shadow-left2{ position:absolute; background-image:url(http://4.bp.blogspot.com/-8Z_Td_MOMgY/UMEoigC25wI/AAAAAAAAJE0/X1-5xD9y4ds/s1600/shadow-top.png); background-repeat:no-repeat; background-position:top center; height:42px; width:100%; top:0; z-index:100; width:960px; margin-top:85px; .shadow-left3{ position:absolute; background-image:url(http://4.bp.blogspot.com/-8Z_Td_MOMgY/UMEoigC25wI/AAAAAAAAJE0/X1-5xD9y4ds/s1600/shadow-top.png); background-repeat:no-repeat; background-position:top center; height:42px; width:100%; top:0; z-index:100; width:960px; margin-top:85px;

}
]]></b:skin>

<style> nav#nav{ float:right; font:14px/16px &#39;MuseoSlab500Regular&#39;, arial, helvetica, sans-serif; margin-top: -85px; z-index: 99999 } #nav ul{ list-style:none; margin:0; padding:0; } #nav ul li{ float:left; padding: 0 49px 0 0; margin: 0; } #nav ul a,#nav li.current-menu-ancestor a{ display:block; height:83px; line-height:83px; border-top:3px solid #fff; } #nav ul .current_page_item a, #nav ul .current-menu-item a, #nav ul &gt; .current-menu-parent a{ color:#a0ce4e; text-decoration:none; border-color:#a0ce4e; } #nav ul li{ position:relative; } #nav ul ul{ display:none; position:absolute;top:86px;left:0; width:170px; background:#edebeb; z-index:100000; border-top:3px solid #a0ce4e; z-index: 99999; } #nav ul li:hover ul{ display:block; } #nav ul li ul li{ display:block; float:none; margin:0; padding: 0; } #wrapper #nav ul li ul li a{ border:0; height:30px; text-indent:20px; font:13px/30px &#39;PTSansRegular&#39;, Arial, Helvetica, sans-serif; color:#333333 !important; } #wrapper #nav ul li ul li a:hover,#wrapper #nav ul li ul li.current-menu-item a{ background-color:rgba(255,255,255,0.5); } #nav ul ul ul{ display:none !important; } #nav ul ul li:hover ul{ display:block !important; top:-3px;left:170px; } #nav select{ max-width:100%; display:none; } #fallback-slide{display:none;} #wrapper #nav ul ul ul ul{display:none !important;} #wrapper #nav ul ul ul li:hover ul{display:block !important;} </style>

<b:if cond='data:blog.pageType == &quot;static_page&quot;'>
<style type='text/css'>
.post-body img {padding:0px;background:transparent;border:none;}
</style>
</b:if>
<b:if cond='data:blog.pageType == &quot;item&quot;'>
<style type='text/css'>
.post-body img {padding:0px;background:transparent;border:none;}
</style>
</b:if>

 <b:if cond='data:blog.pageType != &quot;item&quot;'>
<b:if cond='data:blog.pageType != &quot;static_page&quot;'>
<script type='text/javascript'>
var thumbnail_mode = &quot;float&quot; ;
summary_noimg = 460;
summary_img = 460;
img_thumb_height = 200;
img_thumb_width = 200;
</script>
<script src='http://bloggergadgets.googlecode.com/files/excerpt_min.js' type='text/javascript'/>
</b:if>
</b:if>

  </head>

  <body>
<div id='wrap1'>
  <div id='body-wrapper'><div id='outer-wrapper'>
<div id='header-wrapper'> 
<div class='headerleft'> 
      <b:section class='headerleft' id='headerleft' maxwidgets='1' showaddelement='no'>
<b:widget id='Header1' locked='true' title='MBL Avada (Header)' type='Header'>
<b:includable id='title'>
<a expr:href='data:blog.homepageUrl'><data:title/></a>
</b:includable>
<b:includable id='description'>
  <div class='descriptionwrapper'>
    <p class='description'><span><data:description/></span></p>
  </div>
</b:includable>
<b:includable id='main'>

  <b:if cond='data:useImage'>
    <b:if cond='data:imagePlacement == &quot;REPLACE&quot;'>
      <!--Show just the image, no text-->
      <div id='header-inner'>
        <a expr:href='data:blog.homepageUrl' style='display: block'>
          <img expr:alt='data:title' expr:height='data:height' expr:id='data:widget.instanceId + &quot;_headerimg&quot;' expr:src='data:sourceUrl' expr:width='data:width' style='display: block;padding-left:0px;padding-top:0px;'/>
        </a>
      </div>
    <b:else/>
      <!--
      Show image as background to text. You can't really calculate the width
      reliably in JS because margins are not taken into account by any of
      clientWidth, offsetWidth or scrollWidth, so we don't force a minimum
      width if the user is using shrink to fit.
      This results in a margin-width's worth of pixels being cropped. If the
      user is not using shrink to fit then we expand the header.
      -->
      <div expr:style='&quot;background-image: url(\&quot;&quot; + data:sourceUrl + &quot;\&quot;); &quot;                      + &quot;background-position: &quot;                      + data:backgroundPositionStyleStr + &quot;; &quot;                      + data:widthStyleStr                      + &quot;min-height: &quot; + data:height + &quot;px;&quot;                      + &quot;_height: &quot; + data:height + &quot;px;&quot;                      + &quot;background-repeat: no-repeat; &quot;' id='header-inner'>
        <div class='titlewrapper' style='background: transparent'>
          <h1 class='title' style='background: transparent; border-width: 0px'>
            <b:include name='title'/>
          </h1>
        </div>
        <b:include name='description'/>
      </div>
    </b:if>
  <b:else/>
    <!--No header image -->
    <div id='header-inner'>
      <div class='titlewrapper'>
        <h1 class='title'>
          <b:include name='title'/>
        </h1>
      </div>
      <b:include name='description'/>
    </div>
  </b:if>
</b:includable>
</b:widget>
</b:section> 
</div>

 <div id='header-wrapper2'>
<b:section class='header' id='header2' maxwidgets='1' showaddelement='yes'>
<b:widget id='HTML2' locked='true' title='' type='HTML'>
<b:includable id='main'>
  <!-- only display title if it's non-empty -->
  <b:if cond='data:title != &quot;&quot;'>
    <h2 class='title'><data:title/></h2>
  </b:if>
  <div class='widget-content'>
    <data:content/>
  </div>

  <b:include name='quickedit'/>
</b:includable>
</b:widget>
</b:section>
<div style='clear:both;'/> </div>
</div>

<div id='wrapper'>		
<nav class='nav-holder' id='nav'>
<ul class='menu' id='nav'>

<li><a href='http://www.mybloggerlab.com/'>Home</a>				
<ul class='sub-menu'>
	<li><a href='#'>Home Version 1</a></li>
	<li><a href='#'>Home Version 2</a></li>
	<li><a href='#'>Home Version 3</a></li>
</ul>
</li>

<li><a href='#'>Sliders</a>
<ul class='sub-menu'>
	<li><a href='#'>Revolution Slider</a></li>
	<li><a href='#'>Layer Slider 3.0</a></li>
	<li><a href='#'>FlexSlider</a></li>
	<li><a href='#'>ThemeFusion Slider</a></li>
</ul>
</li>

<li><a href='http://www.mybloggerlab.com/2012/05/some-thing-about-author-syed-faizan-ali.html'>About Us</a></li>
<li><a href='http://contact.mybloggerlab.com/'>Contact Us</a></li>
<li><a href='http://www.mybloggerlab.com/'>Blog</a>
</li>
</ul>
</nav>
</div>	
	 
<div style='clear:both;'/>

<div class='span-24' style='height:36px;'>

</div>
<div style='clear:both;'/>


 <div class='shadow-left2'/> <div class='shadow-left3'/>
    <div id='content-wrapper'>
	
<div id='main-wrapper'>

        <b:section class='main' id='main' showaddelement='no'>
<b:widget id='Blog1' locked='true' title='Blog Posts' type='Blog'>
<b:includable id='nextprev'>
  <div class='blog-pager' id='blog-pager'>
    <b:if cond='data:newerPageUrl'>
      <span id='blog-pager-newer-link'>
      <a class='blog-pager-newer-link' expr:href='data:newerPageUrl' expr:id='data:widget.instanceId + &quot;_blog-pager-newer-link&quot;' expr:title='data:newerPageTitle'><data:newerPageTitle/></a>
      </span>
    </b:if>

    <b:if cond='data:olderPageUrl'>
      <span id='blog-pager-older-link'>
      <a class='blog-pager-older-link' expr:href='data:olderPageUrl' expr:id='data:widget.instanceId + &quot;_blog-pager-older-link&quot;' expr:title='data:olderPageTitle'><data:olderPageTitle/></a>
      </span>
    </b:if>

    <a class='home-link' expr:href='data:blog.homepageUrl'><data:homeMsg/></a>

    <b:if cond='data:mobileLinkUrl'>
      <div class='blog-mobile-link'>
        <a expr:href='data:mobileLinkUrl'><data:mobileLinkMsg/></a>
      </div>
    </b:if>

  </div>
  <div class='clear'/>
</b:includable>
<b:includable id='shareButtons' var='post'>
  <b:if cond='data:top.showEmailButton'><a class='goog-inline-block share-button sb-email' expr:href='data:post.sharePostUrl + &quot;&amp;target=email&quot;' expr:title='data:top.emailThisMsg' target='_blank'><span class='share-button-link-text'><data:top.emailThisMsg/></span></a></b:if><b:if cond='data:top.showBlogThisButton'><a class='goog-inline-block share-button sb-blog' expr:href='data:post.sharePostUrl + &quot;&amp;target=blog&quot;' expr:onclick='&quot;window.open(this.href, \&quot;_blank\&quot;, \&quot;height=270,width=475\&quot;); return false;&quot;' expr:title='data:top.blogThisMsg' target='_blank'><span class='share-button-link-text'><data:top.blogThisMsg/></span></a></b:if><b:if cond='data:top.showTwitterButton'><a class='goog-inline-block share-button sb-twitter' expr:href='data:post.sharePostUrl + &quot;&amp;target=twitter&quot;' expr:title='data:top.shareToTwitterMsg' target='_blank'><span class='share-button-link-text'><data:top.shareToTwitterMsg/></span></a></b:if><b:if cond='data:top.showFacebookButton'><a class='goog-inline-block share-button sb-facebook' expr:href='data:post.sharePostUrl + &quot;&amp;target=facebook&quot;' expr:onclick='&quot;window.open(this.href, \&quot;_blank\&quot;, \&quot;height=430,width=640\&quot;); return false;&quot;' expr:title='data:top.shareToFacebookMsg' target='_blank'><span class='share-button-link-text'><data:top.shareToFacebookMsg/></span></a></b:if><b:if cond='data:top.showOrkutButton'><a class='goog-inline-block share-button sb-orkut' expr:href='data:post.sharePostUrl + &quot;&amp;target=orkut&quot;' expr:title='data:top.shareToOrkutMsg' target='_blank'><span class='share-button-link-text'><data:top.shareToOrkutMsg/></span></a></b:if><b:if cond='data:top.showDummy'><div class='goog-inline-block dummy-container'><data:post.dummyTag/></div></b:if>
</b:includable>
<b:includable id='backlinks' var='post'>
  <a name='links'/><h4><data:post.backlinksLabel/></h4>
  <b:if cond='data:post.numBacklinks != 0'>
    <dl class='comments-block' id='comments-block'>
      <b:loop values='data:post.backlinks' var='backlink'>
        <div class='collapsed-backlink backlink-control'>
          <dt class='comment-title'>
            <span class='backlink-toggle-zippy'>&#160;</span>
            <a expr:href='data:backlink.url' rel='nofollow'><data:backlink.title/></a>
            <b:include data='backlink' name='backlinkDeleteIcon'/>
          </dt>
          <dd class='comment-body collapseable'>
            <data:backlink.snippet/>
          </dd>
          <dd class='comment-footer collapseable'>
            <span class='comment-author'><data:post.authorLabel/> <data:backlink.author/></span>
            <span class='comment-timestamp'><data:post.timestampLabel/> <data:backlink.timestamp/></span>
          </dd>
        </div>
      </b:loop>
    </dl>
  </b:if>
  <p class='comment-footer'>
    <a class='comment-link' expr:href='data:post.createLinkUrl' expr:id='data:widget.instanceId + &quot;_backlinks-create-link&quot;' target='_blank'><data:post.createLinkLabel/></a>
  </p>
</b:includable>
<b:includable id='comment_count_picker' var='post'>
  <b:if cond='data:post.forceIframeComments'>
    <span class='cmt_count_iframe_holder' expr:data-count='data:post.numComments' expr:data-onclick='data:post.addCommentOnclick' expr:data-url='data:post.canonicalUrl'>
    </span>
  <b:else/>
    <b:if cond='data:post.commentSource == 1'>
      <span class='cmt_count_iframe_holder' expr:data-count='data:post.numComments' expr:data-onclick='data:post.addCommentOnclick' expr:data-url='data:post.canonicalUrl'>
      </span>
    <b:else/>
      <a class='comment-link' expr:href='data:post.addCommentUrl' expr:onclick='data:post.addCommentOnclick'>
        <data:post.commentLabelFull/>:
      </a>
    </b:if>
  </b:if>
</b:includable>
<b:includable id='threaded_comment_js' var='post'>
  <script async='async' expr:src='data:post.commentSrc' type='text/javascript'/>

  <script type='text/javascript'>
    (function() {
      var items = <data:post.commentJso/>;
      var msgs = <data:post.commentMsgs/>;
      var config = <data:post.commentConfig/>;

// <![CDATA[
      var cursor = null;
      if (items && items.length > 0) {
        cursor = parseInt(items[items.length - 1].timestamp) + 1;
      }

      var bodyFromEntry = function(entry) {
        if (entry.gd$extendedProperty) {
          for (var k in entry.gd$extendedProperty) {
            if (entry.gd$extendedProperty[k].name == 'blogger.contentRemoved') {
              return '<span class="deleted-comment">' + entry.content.$t + '</span>';
            }
          }
        }
        return entry.content.$t;
      }

      var parse = function(data) {
        cursor = null;
        var comments = [];
        if (data && data.feed && data.feed.entry) {
          for (var i = 0, entry; entry = data.feed.entry[i]; i++) {
            var comment = {};
            // comment ID, parsed out of the original id format
            var id = /blog-(\d+).post-(\d+)/.exec(entry.id.$t);
            comment.id = id ? id[2] : null;
            comment.body = bodyFromEntry(entry);
            comment.timestamp = Date.parse(entry.published.$t) + '';
            if (entry.author && entry.author.constructor === Array) {
              var auth = entry.author[0];
              if (auth) {
                comment.author = {
                  name: (auth.name ? auth.name.$t : undefined),
                  profileUrl: (auth.uri ? auth.uri.$t : undefined),
                  avatarUrl: (auth.gd$image ? auth.gd$image.src : undefined)
                };
              }
            }
            if (entry.link) {
              if (entry.link[2]) {
                comment.link = comment.permalink = entry.link[2].href;
              }
              if (entry.link[3]) {
                var pid = /.*comments\/default\/(\d+)\?.*/.exec(entry.link[3].href);
                if (pid && pid[1]) {
                  comment.parentId = pid[1];
                }
              }
            }
            comment.deleteclass = 'item-control blog-admin';
            if (entry.gd$extendedProperty) {
              for (var k in entry.gd$extendedProperty) {
                if (entry.gd$extendedProperty[k].name == 'blogger.itemClass') {
                  comment.deleteclass += ' ' + entry.gd$extendedProperty[k].value;
                }
              }
            }
            comments.push(comment);
          }
        }
        return comments;
      };

      var paginator = function(callback) {
        if (hasMore()) {
          var url = config.feed + '?alt=json&v=2&orderby=published&reverse=false&max-results=50';
          if (cursor) {
            url += '&published-min=' + new Date(cursor).toISOString();
          }
          window.bloggercomments = function(data) {
            var parsed = parse(data);
            cursor = parsed.length < 50 ? null
                : parseInt(parsed[parsed.length - 1].timestamp) + 1
            callback(parsed);
            window.bloggercomments = null;
          }
          url += '&callback=bloggercomments';
          var script = document.createElement('script');
          script.type = 'text/javascript';
          script.src = url;
          document.getElementsByTagName('head')[0].appendChild(script);
        }
      };
      var hasMore = function() {
        return !!cursor;
      };
      var getMeta = function(key, comment) {
        if ('iswriter' == key) {
          var matches = !!comment.author
              && comment.author.name == config.authorName
              && comment.author.profileUrl == config.authorUrl;
          return matches ? 'true' : '';
        } else if ('deletelink' == key) {
          return config.baseUri + '/delete-comment.g?blogID='
               + config.blogId + '&postID=' + comment.id;
        } else if ('deleteclass' == key) {
          return comment.deleteclass;
        }
        return '';
      };

      var replybox = null;
      var replyUrlParts = null;
      var replyParent = undefined;

      var onReply = function(commentId, domId) {
        if (replybox == null) {
          // lazily cache replybox, and adjust to suit this style:
          replybox = document.getElementById('comment-editor');
          if (replybox != null) {
            replybox.height = '250px';
            replybox.style.display = 'block';
            replyUrlParts = replybox.src.split('#');
          }
        }
        if (replybox && (commentId !== replyParent)) {
          document.getElementById(domId).insertBefore(replybox, null);
          replybox.src = replyUrlParts[0]
              + (commentId ? '&parentID=' + commentId : '')
              + '#' + replyUrlParts[1];
          replyParent = commentId;
        }
      };

      var hash = (window.location.hash || '#').substring(1);
      var startThread, targetComment;
      if (/^comment-form_/.test(hash)) {
        startThread = hash.substring('comment-form_'.length);
      } else if (/^c[0-9]+$/.test(hash)) {
        targetComment = hash.substring(1);
      }

      // Configure commenting API:
      var configJso = {
        'maxDepth': config.maxThreadDepth
      };
      var provider = {
        'id': config.postId,
        'data': items,
        'loadNext': paginator,
        'hasMore': hasMore,
        'getMeta': getMeta,
        'onReply': onReply,
        'rendered': true,
        'initComment': targetComment,
        'initReplyThread': startThread,
        'config': configJso,
        'messages': msgs
      };

      var render = function() {
        if (window.goog && window.goog.comments) {
          var holder = document.getElementById('comment-holder');
          window.goog.comments.render(holder, provider);
        }
      };

      // render now, or queue to render when library loads:
      if (window.goog && window.goog.comments) {
        render();
      } else {
        window.goog = window.goog || {};
        window.goog.comments = window.goog.comments || {};
        window.goog.comments.loadQueue = window.goog.comments.loadQueue || [];
        window.goog.comments.loadQueue.push(render);
      }
    })();
// ]]>
  </script>
</b:includable>
<b:includable id='mobile-main' var='top'>
    <!-- posts -->
    <div class='blog-posts hfeed'>

      <b:include data='top' name='status-message'/>

      <b:if cond='data:blog.pageType == &quot;index&quot;'>
        <b:loop values='data:posts' var='post'>
          <b:include data='post' name='mobile-index-post'/>
        </b:loop>
      <b:else/>
        <b:loop values='data:posts' var='post'>
          <b:include data='post' name='mobile-post'/>
        </b:loop>
      </b:if>
    </div>

   <b:include name='mobile-nextprev'/>
</b:includable>
<b:includable id='post' var='post'>
<div class='wrapfullpost'>
  <div class='post hentry'>
    <a expr:name='data:post.id'/>

    <b:if cond='data:post.title'>
      <h2 class='post-title entry-title'>
     <b:if cond='data:post.link'>
       <a expr:href='data:post.link'><data:post.title/></a>
     <b:else/>
        <b:if cond='data:post.url'>
          <a expr:href='data:post.url'><data:post.title/></a>
        <b:else/>
          <data:post.title/>
        </b:if>
     </b:if>
      </h2>
    </b:if>

    <div class='post-header-line-1'/>
	
<b:if cond='data:blog.pageType != &quot;static_page&quot;'>
<div class='headline_meta'>
<span class='theauthor'>By<a href='http://www.mybloggerlab.com/2012/05/some-thing-about-author-syed-faizan-ali.html' rel='author'> <data:post.author/></a> </span> 
<span class='thetime'>  <data:post.timestamp/> </span>
<span class='thecategories'>  <b:if cond='data:post.labels'>
         <b:loop values='data:post.labels' var='label'>
            <a expr:href='data:label.url' rel='tag'><data:label.name/></a><b:if cond='data:label.isLast != &quot;true&quot;'>,</b:if>
          </b:loop>

<span class='thecomments'><b:if cond='data:post.allowComments'><a expr:href='data:post.addCommentUrl' expr:onclick='data:post.addCommentOnclick'><b:if cond='data:post.numComments == 0'>No comments</b:if><b:if cond='data:post.numComments == 1'>1 comment</b:if><b:if cond='data:post.numComments &gt;= 2'><data:post.numComments/> comments</b:if></a></b:if></span>
          
        </b:if> </span>
</div>
</b:if>


    <div class='post-body entry-content'>

<b:if cond='data:blog.pageType == &quot;item&quot;'>
<!--Google Adsense Ad Code (Below Post Title)-->
</b:if>

<b:if cond='data:blog.pageType == &quot;item&quot;'> 
<data:post.body/> 
<b:else/> 
<b:if cond='data:blog.pageType == &quot;static_page&quot;'> 
<data:post.body/> 
<b:else/> 
<div class='summbl' expr:id='&quot;summary&quot; + data:post.id'>
<data:post.body/> 
</div> 
<script type='text/javascript'> 
createSummaryAndThumb(&quot;summary<data:post.id/>&quot;); 
</script> 
<div style='clear: both;'/> 

</b:if> 
</b:if>


<b:if cond='data:blog.pageType != &quot;static_page&quot;'>
<b:if cond='data:blog.pageType != &quot;item&quot;'>

<a class='readmore' expr:href='data:post.url'>Read More...</a>
<div id='post-line'/>
</b:if>
</b:if>

<b:if cond='data:blog.pageType == &quot;item&quot;'>
<!--Google Adsense Ad Code (At the End of Posts)-->
 </b:if>
			

<b:if cond='data:blog.pageType == &quot;item&quot;'>
<div style='clear:both;'/>
<div class='post-share-buttons'>
<b:include data='post' name='shareButtons'/>
</div>
<span class='reaction-buttons'>
<b:if cond='data:top.showReactions'>
<table border='0' cellpadding='0' width='100%'><tr>
<td style='font-size:12px;padding-top:2px;' valign='top'><span class='reactions-label'><data:top.reactionsLabel/></span></td>
<td><iframe allowtransparency='true' class='reactions-iframe' expr:src='data:post.reactionsUrl' frameborder='0' name='reactions' scrolling='no'/></td>
</tr></table>
</b:if>
</span>
</b:if>

      <div style='clear: both;'/> <!-- clear for photos floats -->
    </div>
  
    <b:if cond='data:post.hasJumpLink'>
      <div class='jump-link'>
        <a expr:href='data:post.url + &quot;#more&quot;'><data:post.jumpText/></a>  
      </div>
    </b:if>
    
    <div class='post-footer'>

<div class='post-footer-line post-footer-line-'/>
<div class='post-footer-line post-footer-line-2'/>
<div class='post-footer-line post-footer-line-3'>


	<b:include data='post' name='postQuickEdit'/>
</div></div>
</div>
</div>

<b:if cond='data:blog.pageType == &quot;item&quot;'>
<!-- navigation -->
<b:include name='nextprev'/>
</b:if>

</b:includable>
<b:includable id='comment_picker' var='post'>
  <b:if cond='data:post.forceIframeComments'>
    <b:include data='post' name='iframe_comments'/>
    <b:if cond='data:post.showThreadedComments'>
      <b:include data='post' name='threaded_comments'/>
    <b:else/>
      <b:include data='post' name='comments'/>
    </b:if>
  <b:else/>
    <b:if cond='data:post.commentSource == 1'>
      <b:include data='post' name='iframe_comments'/>
    <b:else/>
      <b:if cond='data:post.showThreadedComments'>
        <b:include data='post' name='threaded_comments'/>
      <b:else/>
        <b:include data='post' name='comments'/>
      </b:if>
    </b:if>
  </b:if>
</b:includable>
<b:includable id='status-message'>
  <b:if cond='data:navMessage'>
  <div class='status-msg-wrap'>
    <div class='status-msg-body'>
      <data:navMessage/>
    </div>
    <div class='status-msg-border'>
      <div class='status-msg-bg'>
        <div class='status-msg-hidden'><data:navMessage/></div>
      </div>
    </div>
  </div>
  <div style='clear: both;'/>
  </b:if>
</b:includable>
<b:includable id='comment-form' var='post'>
  <div class='comment-form'>
    <a name='comment-form'/>
    <b:if cond='data:mobile'>
      <h4 id='comment-post-message'>
        <a expr:id='data:widget.instanceId + &quot;_comment-editor-toggle-link&quot;' href='javascript:void(0)'><data:postCommentMsg/></a></h4>
      <p><data:blogCommentMessage/></p>
      <data:blogTeamBlogMessage/>
      <a expr:href='data:post.commentFormIframeSrc' id='comment-editor-src'/>
      <iframe allowtransparency='true' class='blogger-iframe-colorize blogger-comment-from-post' frameborder='0' height='410' id='comment-editor' name='comment-editor' src='' style='display: none' width='100%'/>
    <b:else/>
      <h4 id='comment-post-message'><data:postCommentMsg/></h4>
      <p><data:blogCommentMessage/></p>
      <data:blogTeamBlogMessage/>
      <a expr:href='data:post.commentFormIframeSrc' id='comment-editor-src'/>
      <iframe allowtransparency='true' class='blogger-iframe-colorize blogger-comment-from-post' frameborder='0' height='410' id='comment-editor' name='comment-editor' src='' width='100%'/>
    </b:if>
    <data:post.friendConnectJs/>
    <data:post.cmtfpIframe/>
    <script type='text/javascript'>
      BLOG_CMT_createIframe(&#39;<data:post.appRpcRelayPath/>&#39;, &#39;<data:post.communityId/>&#39;);
    </script>
  </div>
</b:includable>
<b:includable id='threaded_comments' var='post'>
  <div class='comments' id='comments'>
    <a name='comments'/>
    <h4>
      <b:if cond='data:post.numComments == 1'>
        1 <data:commentLabel/>:
      <b:else/>
        <data:post.numComments/> <data:commentLabelPlural/>:
      </b:if>
    </h4>

    <div class='comments-content'>
      <b:if cond='data:post.embedCommentForm'>
        <b:include data='post' name='threaded_comment_js'/>
      </b:if>
      <div id='comment-holder'>
         <data:post.commentHtml/>
      </div>
    </div>

    <p class='comment-footer'>
      <b:if cond='data:post.allowNewComments'>
        <b:include data='post' name='threaded-comment-form'/>
      <b:else/>
        <data:post.noNewCommentsText/>
      </b:if>
    </p>

    <b:if cond='data:showCmtPopup'>
      <div id='comment-popup'>
        <iframe allowtransparency='true' frameborder='0' id='comment-actions' name='comment-actions' scrolling='no'>
        </iframe>
      </div>
    </b:if>

    <div id='backlinks-container'>
    <div expr:id='data:widget.instanceId + &quot;_backlinks-container&quot;'>
       <b:if cond='data:post.showBacklinks'>
         <b:include data='post' name='backlinks'/>
       </b:if>
    </div>
    </div>
  </div>
</b:includable>
<b:includable id='backlinkDeleteIcon' var='backlink'>
  <span expr:class='&quot;item-control &quot; + data:backlink.adminClass'>
    <a expr:href='data:backlink.deleteUrl' expr:title='data:top.deleteBacklinkMsg'>
      <img src='//www.blogger.com/img/icon_delete13.gif'/>
    </a>
  </span>
</b:includable>
<b:includable id='mobile-nextprev'>
  <div class='blog-pager' id='blog-pager'>
    <b:if cond='data:newerPageUrl'>
      <div class='mobile-link-button' id='blog-pager-newer-link'>
      <a class='blog-pager-newer-link' expr:href='data:newerPageUrl' expr:id='data:widget.instanceId + &quot;_blog-pager-newer-link&quot;' expr:title='data:newerPageTitle'>&amp;lsaquo;</a>
      </div>
    </b:if>

    <b:if cond='data:olderPageUrl'>
      <div class='mobile-link-button' id='blog-pager-older-link'>
      <a class='blog-pager-older-link' expr:href='data:olderPageUrl' expr:id='data:widget.instanceId + &quot;_blog-pager-older-link&quot;' expr:title='data:olderPageTitle'>&amp;rsaquo;</a>
      </div>
    </b:if>

    <div class='mobile-link-button' id='blog-pager-home-link'>
    <a class='home-link' expr:href='data:blog.homepageUrl'><data:homeMsg/></a>
    </div>

    <div class='mobile-desktop-link'>
      <a class='home-link' expr:href='data:desktopLinkUrl'><data:desktopLinkMsg/></a>
    </div>

  </div>
  <div class='clear'/>
</b:includable>
<b:includable id='mobile-post' var='post'>
  <div class='date-outer'>
    <b:if cond='data:post.dateHeader'>
      <h2 class='date-header'><span><data:post.dateHeader/></span></h2>
    </b:if>
    <div class='date-posts'>
      <div class='post-outer'>

        <div class='post hentry uncustomized-post-template'>
          <a expr:name='data:post.id'/>
          <b:if cond='data:post.title'>
            <h2 class='post-title entry-title'>
              <b:if cond='data:post.link'>
                <a expr:href='data:post.link'><data:post.title/></a>
              <b:else/>
                <b:if cond='data:post.url'>
                  <b:if cond='data:blog.url != data:post.url'>
                    <a expr:href='data:post.url'><data:post.title/></a>
                  <b:else/>
                    <data:post.title/>
                  </b:if>
                <b:else/>
                  <data:post.title/>
                </b:if>
              </b:if>
            </h2>
          </b:if>

          <div class='post-header'>
            <div class='post-header-line-1'/>
          </div>

          <div class='post-body entry-content' expr:id='&quot;post-body-&quot; + data:post.id'>
            <data:post.body/>
            <div style='clear: both;'/> <!-- clear for photos floats -->
          </div>

          <div class='post-footer'>
            <div class='post-footer-line post-footer-line-1'>
              <span class='post-author vcard'>
                <b:if cond='data:top.showAuthor'>
                  <b:if cond='data:post.authorProfileUrl'>
                    <span class='fn'>
                      <a expr:href='data:post.authorProfileUrl' rel='author' title='author profile'>
                        <data:post.author/>
                      </a>
                    </span>
                  <b:else/>
                    <span class='fn'><data:post.author/></span>
                  </b:if>
                </b:if>
              </span>

              <span class='post-timestamp'>
                <b:if cond='data:top.showTimestamp'>
                  <data:top.timestampLabel/>
                  <b:if cond='data:post.url'>
                    <a class='timestamp-link' expr:href='data:post.url' rel='bookmark' title='permanent link'><abbr class='published' expr:title='data:post.timestampISO8601'><data:post.timestamp/></abbr></a>
                  </b:if>
                </b:if>
              </span>

              <span class='post-comment-link'>
                <b:if cond='data:blog.pageType != &quot;item&quot;'>
                  <b:if cond='data:blog.pageType != &quot;static_page&quot;'>
                    <b:if cond='data:post.allowComments'>
                      <a class='comment-link' expr:href='data:post.addCommentUrl' expr:onclick='data:post.addCommentOnclick'><b:if cond='data:post.numComments == 1'>1 <data:top.commentLabel/><b:else/><data:post.numComments/> <data:top.commentLabelPlural/></b:if></a>
                    </b:if>
                  </b:if>
                </b:if>
              </span>
            </div>

            <div class='post-footer-line post-footer-line-2'>
              <b:if cond='data:top.showMobileShare'>
                <div class='mobile-link-button goog-inline-block' id='mobile-share-button'>
                  <a href='javascript:void(0);'><data:shareMsg/></a>
                </div>
              </b:if>
              <b:if cond='data:top.showDummy'>
                <div class='goog-inline-block dummy-container'><data:post.dummyTag/></div>
              </b:if>
            </div>

          </div>
        </div>

        <b:if cond='data:blog.pageType == &quot;static_page&quot;'>
          <b:if cond='data:post.showThreadedComments'>
            <b:include data='post' name='threaded_comments'/>
          <b:else/>
            <b:include data='post' name='comments'/>
          </b:if>
        </b:if>
        <b:if cond='data:blog.pageType == &quot;item&quot;'>
          <b:if cond='data:post.showThreadedComments'>
            <b:include data='post' name='threaded_comments'/>
          <b:else/>
            <b:include data='post' name='comments'/>
          </b:if>
        </b:if>
      </div>
    </div>
  </div>
</b:includable>
<b:includable id='postQuickEdit' var='post'>
  <b:if cond='data:post.editUrl'>
    <span expr:class='&quot;item-control &quot; + data:post.adminClass'>
      <a expr:href='data:post.editUrl' expr:title='data:top.editPostMsg'>
        <img alt='' class='icon-action' height='18' src='http://img2.blogblog.com/img/icon18_edit_allbkg.gif' width='18'/>
      </a>
    </span>
  </b:if>
</b:includable>
<b:includable id='main' var='top'>
  <b:if cond='data:mobile == &quot;false&quot;'>

    <!-- posts -->
    <div class='blog-posts hfeed'>

      <b:include data='top' name='status-message'/>

      <data:defaultAdStart/>
      <b:loop values='data:posts' var='post'>
        <b:if cond='data:post.isDateStart'>
          <b:if cond='data:post.isFirstPost == &quot;false&quot;'>
            &lt;/div&gt;&lt;/div&gt;
          </b:if>
        </b:if>
        <b:if cond='data:post.isDateStart'>
          &lt;div class=&quot;date-outer&quot;&gt;
        </b:if>
        <b:if cond='data:post.dateHeader'>
          <h2 class='date-header'><span><data:post.dateHeader/></span></h2>
        </b:if>
        <b:if cond='data:post.isDateStart'>
          &lt;div class=&quot;date-posts&quot;&gt;
        </b:if>
        <div class='post-outer'>
        <b:include data='post' name='post'/>
        <b:if cond='data:blog.pageType == &quot;static_page&quot;'>
          <b:if cond='data:post.showThreadedComments'>
            <b:include data='post' name='threaded_comments'/>
          <b:else/>
            <b:include data='post' name='comments'/>
          </b:if>
        </b:if>
        <b:if cond='data:blog.pageType == &quot;item&quot;'>
          <b:if cond='data:post.showThreadedComments'>
            <b:include data='post' name='threaded_comments'/>
          <b:else/>
            <b:include data='post' name='comments'/>
          </b:if>
        </b:if>
        </div>
        <b:if cond='data:post.includeAd'>
          <b:if cond='data:post.isFirstPost'>
            <data:defaultAdEnd/>
          <b:else/>
            <data:adEnd/>
          </b:if>
          <div class='inline-ad'>
            <data:adCode/>
          </div>
          <data:adStart/>
        </b:if>
      </b:loop>
      <b:if cond='data:numPosts != 0'>
        &lt;/div&gt;&lt;/div&gt;
      </b:if>
      <data:adEnd/>
    </div>

<b:if cond='data:blog.pageType != &quot;item&quot;'>
<!-- navigation -->
<b:include name='nextprev'/>
</b:if>

    <!-- feed links -->
    <b:include name='feedLinks'/>

    <b:if cond='data:top.showStars'>
      <script src='//www.google.com/jsapi' type='text/javascript'/>
      <script type='text/javascript'>
        google.load(&quot;annotations&quot;, &quot;1&quot;, {&quot;locale&quot;: &quot;<data:top.languageCode/>&quot;});
        function initialize() {
          google.annotations.setApplicationId(<data:top.blogspotReviews/>);
          google.annotations.createAll();
          google.annotations.fetch();
        }
        google.setOnLoadCallback(initialize);
      </script>
    </b:if>

  <b:else/>
    <b:include name='mobile-main'/>
  </b:if>

  <b:if cond='data:top.showDummy'>
    <data:top.dummyBootstrap/>
  </b:if>

</b:includable>
<b:includable id='commentDeleteIcon' var='comment'>
  <span expr:class='&quot;item-control &quot; + data:comment.adminClass'>
    <b:if cond='data:showCmtPopup'>
      <div class='goog-toggle-button'>
        <div class='goog-inline-block comment-action-icon'/>
      </div>
    <b:else/>
      <a class='comment-delete' expr:href='data:comment.deleteUrl' expr:title='data:top.deleteCommentMsg'>
        <img src='//www.blogger.com/img/icon_delete13.gif'/>
      </a>
    </b:if>
  </span>
</b:includable>
<b:includable id='feedLinks'>
  <b:if cond='data:blog.pageType != &quot;item&quot;'> <!-- Blog feed links -->
    <b:if cond='data:feedLinks'>
      <div class='blog-feeds'>
        <b:include data='feedLinks' name='feedLinksBody'/>
      </div>
    </b:if>

    <b:else/> <!--Post feed links -->
    <div class='post-feeds'>
      <b:loop values='data:posts' var='post'>
        <b:if cond='data:post.allowComments'>
          <b:if cond='data:post.feedLinks'>
            <b:include data='post.feedLinks' name='feedLinksBody'/>
          </b:if>
        </b:if>
      </b:loop>
    </div>
  </b:if>
</b:includable>
<b:includable id='threaded-comment-form' var='post'>
  <div class='comment-form'>
    <a name='comment-form'/>
    <b:if cond='data:mobile'>
      <p><data:blogCommentMessage/></p>
      <data:blogTeamBlogMessage/>
      <a expr:href='data:post.commentFormIframeSrc' id='comment-editor-src'/>
      <iframe allowtransparency='true' class='blogger-iframe-colorize blogger-comment-from-post' frameborder='0' height='410' id='comment-editor' name='comment-editor' src='' style='display: none' width='100%'/>
    <b:else/>
      <p><data:blogCommentMessage/></p>
      <data:blogTeamBlogMessage/>
      <a expr:href='data:post.commentFormIframeSrc' id='comment-editor-src'/>
      <iframe allowtransparency='true' class='blogger-iframe-colorize blogger-comment-from-post' frameborder='0' height='410' id='comment-editor' name='comment-editor' src='' width='100%'/>
    </b:if>
    <data:post.friendConnectJs/>
    <data:post.cmtfpIframe/>
    <script type='text/javascript'>
      BLOG_CMT_createIframe(&#39;<data:post.appRpcRelayPath/>&#39;, &#39;<data:post.communityId/>&#39;);
    </script>
  </div>
</b:includable>
<b:includable id='mobile-index-post' var='post'>
  <div class='mobile-date-outer date-outer'>
    <b:if cond='data:post.dateHeader'>
      <div class='date-header'>
        <span><data:post.dateHeader/></span>
      </div>
    </b:if>

    <div class='mobile-post-outer'>
      <a expr:href='data:post.url'>
        <h2 class='mobile-index-title entry-title'>
          <data:post.title/>
        </h2>

        <div class='mobile-index-arrow'>&amp;rsaquo;</div>

        <div class='mobile-index-contents'>
          <b:if cond='data:post.thumbnailUrl'>
            <div class='mobile-index-thumbnail'>
              <div class='Image'>
                <img expr:src='data:post.thumbnailUrl'/>
              </div>
            </div>
          </b:if>

          <div class='post-body'>
            <b:if cond='data:post.snippet'><data:post.snippet/></b:if>
          </div>
        </div>

        <div style='clear: both;'/>
      </a>

      <div class='mobile-index-comment'>
        <b:if cond='data:blog.pageType != &quot;static_page&quot;'>
          <b:if cond='data:post.allowComments'>
            <b:if cond='data:post.numComments != 0'>
              <a class='comment-link' expr:href='data:post.addCommentUrl' expr:onclick='data:post.addCommentOnclick'><b:if cond='data:post.numComments == 1'>1 <data:top.commentLabel/><b:else/><data:post.numComments/> <data:top.commentLabelPlural/></b:if></a>
            </b:if>
          </b:if>
        </b:if>
      </div>
    </div>
  </div>
</b:includable>
<b:includable id='iframe_comments' var='post'>

  <b:if cond='data:post.allowIframeComments'>
    <script expr:src='data:post.iframeCommentSrc' type='text/javascript'/>
    <div class='cmt_iframe_holder'/>

    <b:if cond='data:post.embedCommentForm == &quot;false&quot;'>
      <a expr:href='data:post.addCommentUrl' expr:onclick='data:post.addCommentOnclick'><data:postCommentMsg/></a>
    </b:if>
  </b:if>
</b:includable>
<b:includable id='feedLinksBody' var='links'>

</b:includable>
<b:includable id='comments' var='post'>
  <div class='comments' id='comments'>
    <a name='comments'/>
    <b:if cond='data:post.allowComments'>
      <h4>
        <b:if cond='data:post.numComments == 1'>
          1 <data:commentLabel/>:
        <b:else/>
          <data:post.numComments/> <data:commentLabelPlural/>:
        </b:if>
      </h4>

      <b:if cond='data:post.commentPagingRequired'>
        <span class='paging-control-container'>
          <a expr:class='data:post.oldLinkClass' expr:href='data:post.oldestLinkUrl'><data:post.oldestLinkText/></a>
          &#160;
          <a expr:class='data:post.oldLinkClass' expr:href='data:post.olderLinkUrl'><data:post.olderLinkText/></a>
          &#160;
          <data:post.commentRangeText/>
          &#160;
          <a expr:class='data:post.newLinkClass' expr:href='data:post.newerLinkUrl'><data:post.newerLinkText/></a>
          &#160;
          <a expr:class='data:post.newLinkClass' expr:href='data:post.newestLinkUrl'><data:post.newestLinkText/></a>
        </span>
      </b:if>

      <div expr:id='data:widget.instanceId + &quot;_comments-block-wrapper&quot;'>
        <dl expr:class='data:post.avatarIndentClass' id='comments-block'>
          <b:loop values='data:post.comments' var='comment'>
            <dt expr:class='&quot;comment-author &quot; + data:comment.authorClass' expr:id='data:comment.anchorName'>
              <b:if cond='data:comment.favicon'>
                <img expr:src='data:comment.favicon' height='16px' style='margin-bottom:-2px;' width='16px'/>
              </b:if>
              <a expr:name='data:comment.anchorName'/>
              <b:if cond='data:blog.enabledCommentProfileImages'>
                <data:comment.authorAvatarImage/>
              </b:if>
              <b:if cond='data:comment.authorUrl'>
                <a expr:href='data:comment.authorUrl' rel='nofollow'><data:comment.author/></a>
              <b:else/>
                <data:comment.author/>
              </b:if>
              <data:commentPostedByMsg/>
            </dt>
            <dd class='comment-body' expr:id='data:widget.instanceId + data:comment.cmtBodyIdPostfix'>
              <b:if cond='data:comment.isDeleted'>
                <span class='deleted-comment'><data:comment.body/></span>
              <b:else/>
                <p>
                  <data:comment.body/>
                </p>
              </b:if>
            </dd>
            <dd class='comment-footer'>
              <span class='comment-timestamp'>
                <a expr:href='data:comment.url' title='comment permalink'>
                  <data:comment.timestamp/>
                </a>
                <b:include data='comment' name='commentDeleteIcon'/>
              </span>
            </dd>
          </b:loop>
        </dl>
      </div>

      <b:if cond='data:post.commentPagingRequired'>
        <span class='paging-control-container'>
          <a expr:class='data:post.oldLinkClass' expr:href='data:post.oldestLinkUrl'>
            <data:post.oldestLinkText/>
          </a>
          <a expr:class='data:post.oldLinkClass' expr:href='data:post.olderLinkUrl'>
            <data:post.olderLinkText/>
          </a>
          &#160;
          <data:post.commentRangeText/>
          &#160;
          <a expr:class='data:post.newLinkClass' expr:href='data:post.newerLinkUrl'>
            <data:post.newerLinkText/>
          </a>
          <a expr:class='data:post.newLinkClass' expr:href='data:post.newestLinkUrl'>
            <data:post.newestLinkText/>
          </a>
        </span>
      </b:if>

      <p class='comment-footer'>
        <b:if cond='data:post.embedCommentForm'>
          <b:if cond='data:post.allowNewComments'>
            <b:include data='post' name='comment-form'/>
          <b:else/>
            <data:post.noNewCommentsText/>
          </b:if>
        <b:else/>
          <b:if cond='data:post.allowComments'>
            <a expr:href='data:post.addCommentUrl' expr:onclick='data:post.addCommentOnclick'><data:postCommentMsg/></a>
          </b:if>
        </b:if>

      </p>
    </b:if>
    <b:if cond='data:showCmtPopup'>
      <div id='comment-popup'>
        <iframe allowtransparency='true' frameborder='0' id='comment-actions' name='comment-actions' scrolling='no'>
        </iframe>
      </div>
    </b:if>

    <div id='backlinks-container'>
    <div expr:id='data:widget.instanceId + &quot;_backlinks-container&quot;'>
       <b:if cond='data:post.showBacklinks'>
         <b:include data='post' name='backlinks'/>
       </b:if>
    </div>
    </div>
  </div>
</b:includable>
</b:widget>
</b:section>
      </div>

      <div id='rsidebar-wrapper'>
	  

<div style='clear:both;'/>

<div class='widget-container'>

<b:section class='sidebar' id='sidebartab1' preferred='yes'>
<b:widget id='PopularPosts1' locked='false' title='Popular Posts' type='PopularPosts'>
<b:includable id='main'>
  <b:if cond='data:title'><h2><data:title/></h2></b:if>
  <div class='widget-content popular-posts'>
    <ul>
      <b:loop values='data:posts' var='post'>
      <li>
        <b:if cond='data:showThumbnails == &quot;false&quot;'>
          <b:if cond='data:showSnippets == &quot;false&quot;'>
            <!-- (1) No snippet/thumbnail -->
            <a expr:href='data:post.href'><data:post.title/></a>
          <b:else/>
            <!-- (2) Show only snippets -->
            <div class='item-title'><a expr:href='data:post.href'><data:post.title/></a></div>
            <div class='item-snippet'><data:post.snippet/></div>
          </b:if>
        <b:else/>
          <b:if cond='data:showSnippets == &quot;false&quot;'>
            <!-- (3) Show only thumbnails -->
            <div class='item-thumbnail-only'>
              <b:if cond='data:post.thumbnail'>
                <div class='item-thumbnail'>
                  <a expr:href='data:post.href' target='_blank'>
                    <img alt='' border='0' expr:height='data:thumbnailSize' expr:src='data:post.thumbnail' expr:width='data:thumbnailSize'/>
                  </a>
                </div>
              </b:if>
              <div class='item-title'><a expr:href='data:post.href'><data:post.title/></a></div>
            </div>
            <div style='clear: both;'/>
          <b:else/>
            <!-- (4) Show snippets and thumbnails -->
            <div class='item-content'>
              <b:if cond='data:post.thumbnail'>
                <div class='item-thumbnail'>
                  <a expr:href='data:post.href' target='_blank'>
                    <img alt='' border='0' expr:height='data:thumbnailSize' expr:src='data:post.thumbnail' expr:width='data:thumbnailSize'/>
                  </a>
                </div>
              </b:if>
              <div class='item-title'><a expr:href='data:post.href'><data:post.title/></a></div>
              <div class='item-snippet'><data:post.snippet/></div>
            </div>
            <div style='clear: both;'/>
          </b:if>
        </b:if>
      </li>
      </b:loop>
    </ul>
    <b:include name='quickedit'/>
  </div>
</b:includable>
</b:widget>
<b:widget id='HTML1' locked='false' title='Follow on Facebook' type='HTML'>
<b:includable id='main'>
  <!-- only display title if it's non-empty -->
  <b:if cond='data:title != &quot;&quot;'>
    <h2 class='title'><data:title/></h2>
  </b:if>
  <div class='widget-content'>
    <data:content/>
  </div>

  <b:include name='quickedit'/>
</b:includable>
</b:widget>
<b:widget id='Navbar1' locked='true' title='Navbar' type='Navbar'>
<b:includable id='main'>&lt;script type=&quot;text/javascript&quot;&gt;
    function setAttributeOnload(object, attribute, val) {
      if(window.addEventListener) {
        window.addEventListener(&#39;load&#39;,
          function(){ object[attribute] = val; }, false);
      } else {
        window.attachEvent(&#39;onload&#39;, function(){ object[attribute] = val; });
      }
    }
  &lt;/script&gt;
&lt;div id=&quot;navbar-iframe-container&quot;&gt;&lt;/div&gt;
&lt;script type=&quot;text/javascript&quot; src=&quot;https://apis.google.com/js/plusone.js&quot;&gt;&lt;/script&gt;
&lt;script type=&quot;text/javascript&quot;&gt;
        gapi.load(&quot;iframes-styles-bubble&quot;, function() {
          if (window.iframes &amp;&amp; iframes.open) {
            iframes.open(
                &#39;//www.blogger.com/navbar.g?targetBlogID\0756803739683768993764\46blogName\75MBL+Avada\46publishMode\75PUBLISH_MODE_BLOGSPOT\46navbarType\75LIGHT\46layoutType\75LAYOUTS\46searchRoot\75http://avada-mbl.blogspot.com/search\46blogLocale\75en\46v\0752\46homepageUrl\75http://avada-mbl.blogspot.com/\46vt\75-116786573711212673&#39;,
                {
                  container: &quot;navbar-iframe-container&quot;,
                  id: &quot;navbar-iframe&quot;
                },
                {
                });
          }
        });
      &lt;/script&gt;&lt;script type=&quot;text/javascript&quot;&gt;
(function() {
var script = document.createElement(&#39;script&#39;);
script.type = &#39;text/javascript&#39;;
script.src = &#39;//pagead2.googlesyndication.com/pagead/js/google_top_exp.js&#39;;
var head = document.getElementsByTagName(&#39;head&#39;)[0];
if (head) {
head.appendChild(script);
}})();
&lt;/script&gt;
</b:includable>
</b:widget>
<b:widget id='Attribution1' locked='true' title='' type='Attribution'>
<b:includable id='main'>
    <b:if cond='data:feedbackSurveyLink'>
      <div class='mobile-survey-link' style='text-align: center;'>
        <data:feedbackSurveyLink/>
      </div>
    </b:if>

    <div class='widget-content' style='text-align: center;'>
      <b:if cond='data:attribution != &quot;&quot;'>
       <data:attribution/>
      </b:if>
    </div>

    <b:include name='quickedit'/>
  </b:includable>
</b:widget>
<b:widget id='BlogArchive1' locked='false' title='Blog Archive' type='BlogArchive'>
<b:includable id='main'>
  <b:if cond='data:title'>
    <h2><data:title/></h2>
  </b:if>
  <div class='widget-content'>
  <div id='ArchiveList'>
  <div expr:id='data:widget.instanceId + &quot;_ArchiveList&quot;'>
    <b:if cond='data:style == &quot;HIERARCHY&quot;'>
     <b:include data='data' name='interval'/>
    </b:if>
    <b:if cond='data:style == &quot;FLAT&quot;'>
      <b:include data='data' name='flat'/>
    </b:if>
    <b:if cond='data:style == &quot;MENU&quot;'>
      <b:include data='data' name='menu'/>
    </b:if>
  </div>
  </div>
  <b:include name='quickedit'/>
  </div>
</b:includable>
<b:includable id='flat' var='data'>
  <ul class='flat'>
    <b:loop values='data:data' var='i'>
      <li class='archivedate'>
        <a expr:href='data:i.url'><data:i.name/></a> (<data:i.post-count/>)
      </li>
    </b:loop>
  </ul>
</b:includable>
<b:includable id='menu' var='data'>
  <select expr:id='data:widget.instanceId + &quot;_ArchiveMenu&quot;'>
    <option value=''><data:title/></option>
    <b:loop values='data:data' var='i'>
      <option expr:value='data:i.url'><data:i.name/> (<data:i.post-count/>)</option>
    </b:loop>
  </select>
</b:includable>
<b:includable id='interval' var='intervalData'>
  <b:loop values='data:intervalData' var='i'>
      <ul class='hierarchy'>
        <li expr:class='&quot;archivedate &quot; + data:i.expclass'>
          <b:include data='i' name='toggle'/>
          <a class='post-count-link' expr:href='data:i.url'><data:i.name/></a>
            <span class='post-count' dir='ltr'>(<data:i.post-count/>)</span>
          <b:if cond='data:i.data'>
            <b:include data='i.data' name='interval'/>
          </b:if>
          <b:if cond='data:i.posts'>
            <b:include data='i.posts' name='posts'/>
          </b:if>
        </li>
      </ul>
  </b:loop>
</b:includable>
<b:includable id='toggle' var='interval'>
  <b:if cond='data:interval.toggleId'>
  <b:if cond='data:interval.expclass == &quot;expanded&quot;'>
    <a class='toggle' href='javascript:void(0)'>
      <span class='zippy toggle-open'>&#9660;&#160;</span>
    </a>
  <b:else/>
    <a class='toggle' href='javascript:void(0)'>
      <span class='zippy'>
        <b:if cond='data:blog.languageDirection == &quot;rtl&quot;'>
          &#9668;&#160;
        <b:else/>
          &#9658;&#160;
        </b:if>
      </span>
    </a>
  </b:if>
 </b:if>
</b:includable>
<b:includable id='posts' var='posts'>
  <ul class='posts'>
    <b:loop values='data:posts' var='i'>
      <li><a expr:href='data:i.url'><data:i.title/></a></li>
    </b:loop>
  </ul>
</b:includable>
</b:widget>
</b:section>                                       
</div>							
								
<div style='height:5px;clear:both;'/>


        <b:section class='sidebar' id='sidebarright' preferred='yes'/>

<p/></div>

      <!-- spacer for skins that want sidebar and main to be the same height-->
      <div class='clear'>&#160;</div>

    </div> <!-- end content-wrapper -->
	
<div style='clear:both;'/>
<div id='footer-widgets-container'>
<div class='clearfix' id='footer-widgets'>

<div class='footer-widget-box'>
<ul class='widget-container'>
<li>
<b:section class='footersec' id='footersec1' showaddelement='yes'>
<b:widget id='HTML5' locked='false' title='Follow US on Google+' type='HTML'>
<b:includable id='main'>
  <!-- only display title if it's non-empty -->
  <b:if cond='data:title != &quot;&quot;'>
    <h2 class='title'><data:title/></h2>
  </b:if>
  <div class='widget-content'>
    <data:content/>
  </div>

  <b:include name='quickedit'/>
</b:includable>
</b:widget>
</b:section>
</li>
</ul>
</div>

<div class='footer-widget-box'>
<ul class='widget-container'>
<li>
<b:section class='footersec' id='footersec2' showaddelement='yes'/>
</li>
</ul>
</div>

<div class='footer-widget-box footer-widget-box-last'>
<ul class='widget-container'>
<li>
<b:section class='footersec' id='footersec3' showaddelement='yes'>
<b:widget id='Profile1' locked='false' title='About Syed' type='Profile'>
<b:includable id='main'>
    <b:if cond='data:title != &quot;&quot;'>
      <h2><data:title/></h2>
    </b:if>
    <div class='widget-content'>
    <b:if cond='data:team == &quot;true&quot;'> <!-- team blog profile -->
      <ul>
        <b:loop values='data:authors' var='i'>
          <li><a class='profile-name-link' expr:href='data:i.userUrl' expr:style='&quot;background-image: url(&quot; + data:i.profileLogo + &quot;);&quot;'><data:i.display-name/></a></li>
        </b:loop>
      </ul>

    <b:else/> <!-- normal blog profile -->

      <b:if cond='data:photo.url != &quot;&quot;'>
        <a expr:href='data:userUrl'><img class='profile-img' expr:alt='data:photo.alt' expr:height='data:photo.height' expr:src='data:photo.url' expr:width='data:photo.width'/></a>
      </b:if>

      <dl class='profile-datablock'>
        <dt class='profile-data'>
          <a class='profile-name-link' expr:href='data:userUrl' expr:style='&quot;background-image: url(&quot; + data:profileLogo + &quot;);&quot;' rel='author'>
            <data:displayname/>
          </a>
        </dt>

        <b:if cond='data:showlocation == &quot;true&quot;'>
          <dd class='profile-data'><data:location/></dd>
        </b:if>

        <b:if cond='data:aboutme != &quot;&quot;'><dd class='profile-textblock'><data:aboutme/></dd></b:if>
      </dl>
      <a class='profile-link' expr:href='data:userUrl' rel='author'><data:viewProfileMsg/></a>
    </b:if>

     <b:include name='quickedit'/>
    </div>
  </b:includable>
</b:widget>
</b:section>
</li>
</ul>
</div>

</div>
</div>
<div style='clear:both;'/>
<div id='footer-container'>
<div id='footer'>   
<div id='copyrights'>
Copyright &amp;copy; <script type='text/javascript'>var creditsyear = new Date();document.write(creditsyear.getFullYear());</script> <a expr:href='data:blog.homepageUrl'><data:blog.title/></a> | Designed by <a href='http://www.templateism.com' id='mycontent'>Templateism</a> 
</div>       

</div><!-- #footer -->
</div>
</div></div> <!-- end outer-wrapper -->




<style type='text/css'> .clearfix:after{content:&quot;\0020&quot;;display:block;height:0;clear:both;visibility:hidden;overflow:hidden} #container,#header,#main,#main-fullwidth,#footer,.clearfix{display:block} .clear{clear:both} h1,h2,h3,h4,h5,h6{margin-bottom:16px;font-weight:normal;line-height:1} h1{font-size:40px} h2{font-size:30px} h3{font-size:20px} h4{font-size:16px} h5{font-size:14px} h6{font-size:12px} h1 img,h2 img,h3 img,h4 img,h5 img,h6 img{margin:0} table{margin-bottom:20px;width:100%} th{font-weight:bold} thead th{background:#c3d9ff} th,td,caption{padding:4px 10px 4px 5px} tr.even td{background:#e5ecf9} tfoot{font-style:italic} caption{background:#eee} li ul,li ol{margin:0} ul,ol{margin:0 20px 20px 0;padding-left:40px} ul{list-style-type:disc} ol{list-style-type:decimal} dl{margin:0 0 20px 0} dl dt{font-weight:bold} dd{margin-left:20px} blockquote{margin:20px;color:#666;} pre{margin:20px 0;white-space:pre} pre,code,tt{font:13px &#39;andale mono&#39;,&#39;lucida console&#39;,monospace;line-height:18px} #search {overflow:hidden;} #header h1{font-family:&#39;Oswald&#39;,Arial,Helvetica,Sans-serif;} #header .description{font-family:Arial,Helvetica,Sans-serif;} .post-title {font-family:Arial,Helvetica,Sans-serif;} #footer-widgets .widgettitle{font-family:&#39;Oswald&#39;, sans-serif;} /* -- number page navigation -- */ #blog-pager {padding:6px;font-size:11px;} #comment-form iframe{padding:5px;width:580px;height:275px;} .PopularPosts .item-title{ list-style: none!important; margin-left: 0!important; padding: 10px 0; border-bottom: 1px dashed #EEE; overflow: hidden; -webkit-transition: all 0.25s linear; -moz-transition: all 0.25s linear; transition: all 0.25s linear; } .PopularPosts .item-title li:hover { background:#f7f7f7; padding-left: 10px; } .widget-container{list-style-type:none;list-style:none;margin:0 0 15px 0;padding:0;color:#374142;font-size:13px} .widget-container2{list-style-type:none;list-style:none;margin:5px 15px 10px 0px;padding:0;color:#374142;font-size:13px} h3.widgettitle{background:url(http://1.bp.blogspot.com/-gFwNIT6i-gU/UC7emWzTiOI/AAAAAAAAAwg/9Wu_6pl6AoM/s000/widgettitle-bg.png) left top repeat-x;margin:0 0 10px 0;padding:9px 0 9px 10px;color:#FFF;font-size:16px;line-height:16px;font-family:&#39;Oswald&#39;,sans-serif;font-weight:normal;text-decoration:none;text-transform:uppercase;text-shadow:0px 1px 0px #000;} div.span-1,div.span-2,div.span-3,div.span-4,div.span-5,div.span-6,div.span-7,div.span-8,div.span-9,div.span-10,div.span-11,div.span-12,div.span-13,div.span-14,div.span-15,div.span-16,div.span-17,div.span-18,div.span-19,div.span-20,div.span-21,div.span-22,div.span-23,div.span-24{float:left;margin-right:10px} .span-1{width:30px}.span-2{width:70px}.span-3{width:110px}.span-4{width:150px}.span-5{width:190px}.span-6{width:230px}.span-7{width:270px}.span-8{width:310px}.span-9{width:350px}.span-10{width:390px}.span-11{width:430px}.span-12{width:470px}.span-13{width:510px}.span-14{width:550px}.span-15{width:590px}.span-16{width:630px}.span-17{width:670px}.span-18{width:710px}.span-19{width:750px}.span-20{width:790px}.span-21{width:830px}.span-22{width:870px}.span-23{width:910px}.span-24,div.span-24{width:960px;margin:0}input.span-1,textarea.span-1,input.span-2,textarea.span-2,input.span-3,textarea.span-3,input.span-4,textarea.span-4,input.span-5,textarea.span-5,input.span-6,textarea.span-6,input.span-7,textarea.span-7,input.span-8,textarea.span-8,input.span-9,textarea.span-9,input.span-10,textarea.span-10,input.span-11,textarea.span-11,input.span-12,textarea.span-12,input.span-13,textarea.span-13,input.span-14,textarea.span-14,input.span-15,textarea.span-15,input.span-16,textarea.span-16,input.span-17,textarea.span-17,input.span-18,textarea.span-18,input.span-19,textarea.span-19,input.span-20,textarea.span-20,input.span-21,textarea.span-21,input.span-22,textarea.span-22,input.span-23,textarea.span-23,input.span-24,textarea.span-24{border-left-width:1px!important;border-right-width:1px!important;padding-left:5px!important;padding-right:5px!important}input.span-1,textarea.span-1{width:18px!important}input.span-2,textarea.span-2{width:58px!important}input.span-3,textarea.span-3{width:98px!important}input.span-4,textarea.span-4{width:138px!important}input.span-5,textarea.span-5{width:178px!important}input.span-6,textarea.span-6{width:218px!important}input.span-7,textarea.span-7{width:258px!important}input.span-8,textarea.span-8{width:298px!important}input.span-9,textarea.span-9{width:338px!important}input.span-10,textarea.span-10{width:378px!important}input.span-11,textarea.span-11{width:418px!important}input.span-12,textarea.span-12{width:458px!important}input.span-13,textarea.span-13{width:498px!important}input.span-14,textarea.span-14{width:538px!important}input.span-15,textarea.span-15{width:578px!important}input.span-16,textarea.span-16{width:618px!important}input.span-17,textarea.span-17{width:658px!important}input.span-18,textarea.span-18{width:698px!important}input.span-19,textarea.span-19{width:738px!important}input.span-20,textarea.span-20{width:778px!important}input.span-21,textarea.span-21{width:818px!important}input.span-22,textarea.span-22{width:858px!important}input.span-23,textarea.span-23{width:898px!important}input.span-24,textarea.span-24{width:938px!important}.last{margin-right:0;padding-right:0} .last,div.last{margin-right:0} </style> <script src='http://apis.google.com/js/plusone.js' type='text/javascript'> {lang: &#39;en-US&#39;} </script> <script src='http://mybloggerlab.com/Scripts/jquery-1.7.1.min.js?ver=1.7.2' type='text/javascript'/> <script src='http://templateism.googlecode.com/files/related-posts.js' type='text/javascript'/>
 </div>
</body>
</html>