<?xml version="1.0" encoding="UTF-8" ?>
<!DOCTYPE html>
<html b:version='2' class='v2' expr:dir='data:blog.languageDirection' xmlns='http://www.w3.org/1999/xhtml' xmlns:b='http://www.google.com/2005/gml/b' xmlns:data='http://www.google.com/2005/gml/data' xmlns:expr='http://www.google.com/2005/gml/expr'>
  <head>
    <b:include data='blog' name='all-head-content'/>

    <title>
      <b:if cond='data:blog.pageType == &quot;index&quot;'>
        <data:blog.pageTitle/>
        <b:else/>
        <b:if cond='data:blog.pageType != &quot;error_page&quot;'>
          <data:blog.pageName/> | <data:blog.title/>
          <b:else/>
          Page Not Found | <data:blog.title/> 
        </b:if>
      </b:if>
    </title>
    

    <b:if cond='data:blog.pageType == &quot;archive&quot;'>
      <meta content='noindex,noarchive' name='robots'/>
    </b:if>
    <b:if cond='data:blog.metaDescription != &quot;&quot;'>
      <meta expr:content='data:blog.metaDescription' name='description'/>
    </b:if> 
    <meta charset='UTF-8'/>
    <meta content='width=device-width, initial-scale=1, maximum-scale=1' name='viewport'/>	
	<link href='http://fonts.googleapis.com/css?family=PT+Sans+Narrow:400,700|Oswald:300,400&amp;subset=latin,latin-ext' rel='stylesheet' type='text/css'/>
    <link href='http://fonts.googleapis.com/css?family=Open+Sans:400,700&amp;subset=cyrillic' rel='stylesheet' type='text/css'/>

&lt;style type=&quot;text/css&quot;&gt;
&lt;!-- /*<b:skin><![CDATA[
---------------------------------------------------
Template Name : Alive
Designer : Dapinder
Website : www.dapinder.com
License : creative Commons Attribution 3.0
---------------------------------------------------*/

/* Variable definitions
====================
<Group description="Theme color" selector=".header-wrapper">
<Variable name="theme.color" description="Theme Color" type="color" default="#f8694d" value="#f8694d"/>
</Group>
*/
*{
box-sizing:border-box;
-webkit-box-sizing;border-box;
-moz-box-sizing:border-box;
}

html, body, div, span, applet, object, iframe,
h1, h2, h3, h4, h5, h6, p, blockquote, pre,
a, abbr, acronym, address, big, cite, code,
del, dfn, em, font, img, ins, kbd, q, s, samp,
small, strike, strong, sub, sup, tt, var,
dl, dt, dd, ol, ul, li,
fieldset, form, label, legend,
table, caption, tbody, tfoot, thead, tr, th, td, figure {    margin: 0;    padding: 0;}
article,aside,details,figcaption,figure,
footer,header,hgroup,menu,nav,section {     display:block;}
table {    border-collapse: separate;    border-spacing: 0;}
caption, th, td {    text-align: left;    font-weight: normal;}
blockquote:before, blockquote:after,
q:before, q:after {    content: "";}
blockquote, q {    quotes: "" "";}
i{font-style:italic}
b,em,strong{font-weight:bold}
sup{    vertical-align: super;    font-size:smaller;}
code{    font-family: 'Courier New', Courier, monospace;    font-size:12px;    color:#272727;}
::selection {  background: #333;  color: #fff;  }
::-moz-selection {  background: #333;  color: #fff;  }
a img{vertical-align: middle;	border: none;}

ol,ul{ 
padding: 0;  
margin: 0 ;  
text-align: left;  }

ol li { list-style-type: none;  padding:0 0 5px;  }

ul li { list-style-type: square;  padding: 0 0 5px;  }

ul ul, ol ol { padding: 0; }

p {
margin:0 0;
margin-bottom: 15px;
}

h1, h2, h3, h4, h5, h6 { 
font-family: PT Sans Narrow,sans-serif;
font-weight: normal; 
}


.post-body h1 { line-height: 48px; font-size: 42px; margin: 10px 0; }
.post-body h2 { font-size: 36px; line-height: 44px; padding-bottom: 5px; margin: 10px 0; }
.post-body h3 { font-size: 32px; line-height: 40px; padding-bottom: 5px; margin: 10px 0; }
.post-body h4 { font-size: 28px; line-height: 36px; margin: 10px 0;  }
.post-body h5 { font-size: 24px; line-height: 30px; margin: 10px 0;  }
.post-body h6 { font-size: 18px; line-height: 24px; margin: 10px 0;  }



a{ color: $(theme.color); outline:none; text-decoration: none; }

a:hover { color: #000; text-decoration:none; }

body{ 
background:#f0f0f0;
color: #666; 
height: 100%; 
padding: 0; 
font-family: Open Sans,Serif; 
font-size: 14px; 
line-height: 1.5; 
}

.clr { clear:both; float:none; }

body#layout .header-wrapper { margin-top: 40px; }
body#layout #Attribution1{display:none !important;}
body#layout #Navbar1{display:none !important;}
body#layout #header, body#layout .header-right { width: 50%; }
body#layout .outer-wrapper, body#layout .sidebar-wrapper, body#layout .wc-wrapper,body#layout .main-wrapper { margin: 0; padding: 0; }
body#layout .header-inner-wrap {width: 100%;}

#Attribution1{display:none !important;}
#Navbar1{display:none !important;}


.wc-wrapper {    
padding:0px;    
position:relative;    
max-width:1170px;    
margin: 0 auto;  
}

.outer-wrapper {       
position: relative;  
margin: 40px 0;  
}


.header-wrapper {
background:$(theme.color);
float: left;
width: 100%;
z-index: 1000;
}

.header-wrapper.sticky-header {
opacity: 0.9;

display: block;
height: auto;
position: fixed;
top: 0;
box-shadow: 0 2px 2px -2px rgba(0,0,0,0.1);
transition: all 300ms linear;
-webkit-transition: all 300ms linear;
-moz-transition: all 300ms linear;
-o-transition: all 300ms linear;
z-index: 1000;
}


.main-wrapper {
width: 66.66666667%;
float: left;
padding: 0 15px;
}

#content {   position: relative;  }

.sidebar-wrapper {
width: 30.333333%;
padding: 0px 15px;
float: left;
margin: 0px 20px 40px 0;
}


.header-inner-wrap {
width: 30%;
height: 59px;
float: left;
background: $(theme.color);
position: relative;
}


.header-inner-wrap:before {
content: "";
height: 100%;
width: 100%;
position: absolute;
right: 100%;
}


#header{ width: auto; }

#header-inner {
margin: 15px 20px 6px;
padding: 0;
}

#header h1 {
font-size: 30px;
text-transform: uppercase;
line-height: 1;
letter-spacing:1px;
font-family:Oswald;
font-weight:bold;
}

#header h1 a, #header h1 a:hover {  color: #fff;  }

#header p.description{  color: #333;  font-size: 12px;  font-style: italic;  margin: 0 0 0 35px;  padding: 0;  text-transform:capitalize;  }

#header img{   
border:0 none; 
background:none; 
width:auto; 
height:35px; 
margin:0 auto;  

}



.header-right { float: right; }
.header-right .widget-content { margin-top: 40px; }


nav.navigation {
width: 65%;
float: right;
padding-top:0px;
}

ul#main-menu, ul#main-menu * {
margin: 0;
padding: 0;
list-style: none;
}

ul#main-menu {
/*display: none;*/
padding: 3px 0;
}

ul#main-menu li {
display: inline-block;
}

ul#main-menu li {
position: relative;
transition:all .5s ease-in;
}

ul#main-menu > li a {
color: #FFF;
font-weight: bold;
font-size: 12px;
letter-spacing: 1px;
text-transform: uppercase;
line-height: 23px;
}

ul#main-menu > li a{
padding: 15px;
text-decoration: none;
zoom: 1;
display:block;
} 

#main-menu ul {
position: absolute;
display: none;
left: 0;
z-index: 99;
}

ul#main-menu ul {
display: block;
opacity: 0;
visibility:hidden;
box-shadow: 2px 2px 6px rgba(0,0,0,.2);
min-width: 180px;
width: auto;
background: rgba(255,255,255, 1.00);
z-index: 99999;
padding-left: 0;
top: 100%;
left: 10px;
margin-top: 30px;

}

ul#main-menu li:hover ul {
opacity: 1;
visibility:visible;
margin-top: 0;
}

ul#main-menu li ul li:hover a {
background: $(theme.color);
}
ul#main-menu li ul li {
width: 100%;
}

ul#main-menu ul li a, ul#main-menu ul ul li a {
color: $(theme.color) !important;
}
ul#main-menu ul li a:hover, ul#main-menu ul ul li a:hover {
color: #fff !important;
}
ul#main-menu ul li a, ul#main-menu ul ul li a {
padding: .55em 1em;
font-weight: normal;
font-size: 11px;
color: #EAEAEA;
}



.post-outer {
background: #fff;
box-shadow:2px 2px 4px #dcdcdc;
}
.post {
padding: 0;
margin: 0;
margin-bottom: 40px;
}

.entry-content {
line-height: 1.75;
font-size: 16px;
color: #777879;
}

.entry-post-content {
position: relative;
padding: 50px 60px;
min-height: 300px;
background: #fff;
-webkit-box-shadow: 0 2px 0 rgba(0, 0, 0, 0.1);
-moz-box-shadow: 0 2px 0 rgba(0, 0, 0, 0.1);
box-shadow: 0 2px 0 rgba(0, 0, 0, 0.1);
}

.entry-post-content .entry-format {
position: absolute;
text-align: center;
top: -10px;
right: 50%;
margin-right: -33px;
z-index: 10;
}

.corner{position:relative;
}


.entry-post-content .entry-format i {
line-height: 38px;
font-size: 23px;
color: #97989a;
}


.read-more a.read {
font-family: 'PT Sans Narrow', sans-serif;
text-align: center;
text-transform: uppercase;
font-size: 13px;
letter-spacing: 1px;
font-weight: 700;
color: $(theme.color);
}

.small-divider {
display: none;
margin: 15px auto;
width: 180px;
height: 1px;
background: none;
text-align: center;
position: relative;
}

.entry-reading {
margin-top: 20px;
font-family: 'Open Sans', Helvetica, Arial, sans-serif;
font-size: 16px;
font-weight: bold;
display: block;
}


h2.entry-title {
font-family: 'PT Sans Narrow', sans-serif;
margin-bottom: 15px;
/*text-align: center;*/
font-size: 32px;
line-height: 42px;
font-weight: bold;
letter-spacing: 2px;
text-transform: uppercase;
margin:0;
margin-bottom:15px;
padding:0;
color:$(theme.color);
}

h2.entry-title a, .entry-link a {
color: #373839;
-webkit-transition: all 0.3s linear;
-moz-transition: all 0.3s linear;
-o-transition: all 0.3s linear;
transition: all 0.3s linear;
color:$(theme.color);
}



h1.post-title.entry-title {
font-size: 36px;
line-height: 1.5;
margin: 0;
margin-bottom: 10px;
color: #282626;
font-weight: normal;
font-family: Oswald,sans-serif;
}


.post-body {  
padding: 0;    
margin:0;       
word-wrap:break-word;
}

.post-header {  color: #999999;  font-family: Verdana,Arial,Tahoma,sans-serif;  font-size: 12px;  }
.post-header a {  font-style: italic;  }


.meta-wrapper {
display: block;
}

ul.entry-meta {
padding-left: 0;
display: inline-block;
}

.entry-meta {
margin-bottom: 15px;
text-align: center;
color: #919293;
font-family: 'Open Sans', Helvetica, Arial, sans-serif;
}

ul.entry-meta li {
list-style-type: none;
float: left;
margin-right: 10px;
font-size: 11px;
text-transform: uppercase;
}

ul.entry-meta li a {
color: #97989a;
padding-right:5px;
}

.entry-tags a:nth-child(n+3) {
display: none;
}

.rmlink {  float: right;  line-height: normal;  }

.home-link { display:none!important;}

#blog-pager-newer-link {
display: inline-block;  
float: left;    
text-align: left;
}

#blog-pager-older-link {
display: inline-block;  
float: right;    
text-align: left;
}

#blog-pager {
padding: 20px 0;
margin: 0;
font-size: 16px;
line-height: normal;
float: left;
width: 100%;
}

#blog-pager-newer-link, #blog-pager-older-link {
position: relative;
}

#blog-pager-newer-link:before, #blog-pager-older-link:before {
content: "";
position: absolute;
border-color: transparent rgba(255, 0, 0, 0) transparent $(theme.color);
border-width: 17px;
border-style: solid;
left: 98%;
}

#blog-pager-newer-link:before {
left: auto;
right: 98%;
border-color: transparent;
border-right-color: $(theme.color);
}
#blog-pager a {
background: $(theme.color);
color: white;
padding: 6px 10px;
display: inline-block;
}

.showpageOf {  display:none;  }
.showpageNum a, .showpage a { margin:0 4px; }
.showpagePoint { margin: 0 2px 0 0; }


.status-msg-border {
display: none!important;
}
.status-msg-wrap {
margin: 0px 0 20px;
}

.status-msg-body {
font-size: 0;
}

.status-msg-body b {
font-size: 36px;
opacity: 1!important;
color: $(theme.color);
position: relative;
}
.status-msg-body b:before {
content: "// ";
}


.entry-thumb{
position:relative;
overflow:hidden;
}

.entry-thumb img{
-webkit-transition: all 1 ease-in-out;
-moz-transition: all 1s ease-in-out;
-o-transition: all 1s ease-in-out;
transition: all 1s ease-in-out;
height:350px;
}

.entry-thumb:hover img{
-webkit-transform:scale(1.3);
-moz-transform:scale(1.3);
transform:scale(1.3);
-webkit-transition: all 1 ease-in-out;
-moz-transition: all 1s ease-in-out;
-o-transition: all 1s ease-in-out;
transition: all 1s ease-in-out;
}


blockquote {
font-style: italic;
margin: 10px 0 20px 0%;
padding: 10px 30px;
border-left: 6px solid #999;
}

/*--------------------share buttons --------*/
#SocialBar {
    float: left;
    border-top: 1px solid #eaeaea;
    border-bottom: 1px solid #eaeaea;
    width: 610px;
    margin-bottom: 60px;
    margin-left: -10px;
    margin-top: 10px;
}

.headingsharer h5 {
    float: left;
    padding-right: 20px;
    padding-top: 0px;
    font-weight: bold;
    margin: 10px;
    font-size:18px;
	color:$(theme.color);
    padding-left: 10px;
	
}

.tweeetero, .fbwolo, .g-plusones {
    float: left;
    border-left: 1px solid #eaeaea;
    padding-left: 10px;
    padding-top: 15px;
    padding-bottom: 10px;
}
.addthis_counter
{
float: left;
    border-left: 1px solid #eaeaea;
    padding-left: 10px;
    padding-top: 15px;
    padding-bottom: 30px;
border:none;
}
.g-plusones {
    margin-left: 20px;
border-right: 1px solid #eaeaea;
}
.share-wrapper, .ct-fb, .entry-share-list
{
display:none;
}

/*----------share  buttons -----------*/

.popular-posts ul {  padding-left: 0;  }

.popular-posts ul li {  
border-top: 1px solid #e7e8e9;
list-style: none outside none !important; 
margin-left: 0 !important;  
overflow: hidden;  
padding: 14px 0 !important;  
transition: all 0.25s linear 0s;  
}
.popular-posts ul li:first-child {
border: 0;
}

.PopularPosts .item-thumbnail img {  
display: block;  
float: left;  
height: 75px;  
width: 75px;
margin-right: 8px;    
}

.item-title a {
color: #97989a;
font-size: 14px;
line-height: 1.4;
}

.item-snippet,.footer .popular-posts ul li:nth-child(n+4) {
display: none;
}
.footer .popular-posts li {
border-color: #888;
}



input#s {
padding: 12px 15px;
border: none;
background: #e7e8e9;
color: #373839;
text-transform: uppercase;
font-size: 11px;
width: 100%;
height: auto;
}



.sidebar{  margin: 0;  padding: 0;  display: block;  }

.sidebar h2,div#related-posts h5 {
font-family: 'PT Sans Narrow', sans-serif;
color: #373839;
font-size: 16px;
margin-bottom: 15px;
text-transform: uppercase;
letter-spacing: 2px;
font-weight: 700;
text-align: left;
position: relative;
}

.sidebar a{
color:#373839 !important;
}



.sidebar .widget {
clear: both;
font-size: 16px;
line-height: 26px;
margin-bottom: 25px;
background: #FFF;
border: 1px solid white;
margin: 0px 0px 40px 0;
padding:20px 30px;
outline: 1px solid #E4E4E4;
-webkit-box-shadow: 0 2px 0 rgba(0, 0, 0, 0.1);
-moz-box-shadow: 0 2px 0 rgba(0, 0, 0, 0.1);
box-shadow: 0 2px 0 rgba(0, 0, 0, 0.1);
}

.sidebar ul{ margin:0; padding:0; list-style:none; }
.sidebar li{  margin: 0 0 0 15px;  padding: 0 0 5px;  text-transform: capitalize;  }

#footer {
width: 100%;
color: #e1e2e3;
background-color: rgba(38,39,40,1.00);
padding: 25px 0 0;
}

.footer {  float: left;  width: 25%;  }


.footer h2 {
color: #FFF;
font-size: 14px;
text-transform: uppercase;
letter-spacing: 2px;
font-weight: 400;
margin-bottom: 30px;
background: #171819;
padding: 5px 15px;
text-align: center;
position: relative;
}


.footer .widget{  clear: both;  font-size: 14px;  line-height: 24px;  margin: 15px 25px 25px;  }
.footer ul{ margin:0; padding:0; list-style:none; }
.footer li{  margin: 0 0 0 15px;  padding: 0 0 5px;  text-transform: capitalize;  }



.copyright {
text-align: center;
padding: 30px 0;
color: #818283;
font-size: 11px;
background: rgba(23,24,25,1.00);
}

.copyright a{color:#fff;}


.footer-credits .attribution{  float:right;  }
.footer-credits .attribution a { font-style: italic; }
#footer a, .footer-credits a {  color: #BBBBBB;  }
#footer a:hover, .footer-credits a:hover {  color: #D4D4D4;  }


#toggle {
float:right;
display:none;
position:relative;
width: 55px;
height: 55px;
}
#toggle:before {
content: "";
position: absolute;
left: 28%;
top: 36%;
width: 25px;
height: 4px;
background:#fff;
box-shadow: 0 8px 0 0 #fff, 0 16px 0 0 #fff;
}

/*****************************************
Comments CSS
******************************************/
#comments {  padding-top: 30px;  clear:both;  margin: 0;  }
.comments h4 {  font-size: 25px;  line-height: 30px;  padding: 0;  text-transform: capitalize;  }
#comments-block .avatar-image-container.avatar-stock img{  border-width:0;  padding:1px;  }
#comments-block .avatar-image-container{    height:37px;    left:-45px;    position:absolute;    width:37px;  }
#comments-block.avatar-comment-indent{  margin-left:45px;  position:relative;  }
#comments-block.avatar-comment-indent dd{  margin-left:0;  }
iframe.avatar-hovercard-iframe{  border:0 none;  padding:0;  width:25em;  height:9.4em;  margin:.5em;  }
.comments .comments-content{  margin-bottom:16px;  }
.comments .continue, .comments .comment .comment-actions {  display: block;  text-align: right;  }
.comments .continue a, .comments .comment .comment-actions a{  padding: 0 7px;  font-family: 'Bree Serif', serif; }
.comments .continue a:hover, .comments .comment .comment-actions a:hover{  text-decoration: none;  }
.comments .comments-content .comment-thread ol{  margin:20px 0 0 -10px;  overflow:hidden;}
.comments .comments-content .inline-thread{    padding:0;}
.comments .comments-content .comment-thread:empty{    display:none}
.comments .comments-content .comment-replies{    margin-left:0px;margin-top:0px;}
.comments .comments-content .comment:first-child{padding-top:4px}
.comments .comments-content .comment:last-child {border-bottom: 1px solid #DDDDDD;  padding-bottom:0;  }
.comments .comments-content .comment-body{position:relative}
.comments .comments-content .user a {   font-style: normal;  font-weight: bold;  text-transform: capitalize; }
.comments .comments-content .icon.blog-author {display:inline-block;height:18px;margin:0 0 -4px 6px;width:18px}
.comments .comments-content .datetime {  display: block;  line-height: 21px; margin-left: 0px;  }
.comments .comments-content .datetime a {  color: #333;  font-size: 14px;  }
.comments .comments-content .datetime a:hover {  text-decoration:none; }
.comments .comments-content .comment-header {  margin: 0;  min-height: 40px;  padding: 10px;   position: relative;  }
.comments .comments-content .comment-content{  margin: 0;  padding: 0 10px 10px 10px;  position: relative;  }
.comments .comments-content .owner-actions {position:absolute;right:0;top:0}
.comments .comments-replybox { border:none;height:250px;width:100%}
.comments .comment-replybox-single { margin-left:4px;margin-top:5px}
.comments .comment-replybox-thread {  margin: 5px 0 5px 15px;  }
.comments .comments-content .loadmore a { display:block;padding:10px 16px;text-align:center}
.comments .thread-toggle { cursor:pointer;display:none;}
.comments .continue{   float: right;  cursor:pointer;  display:inline-block;  }
.comments .continue a{  display:block;  font-weight: normal;  margin: 0 15px 0 0;  }
.comments .comments-content .loadmore{cursor:pointer;margin-top:3em;max-height:3em}
.comments .comments-content .loadmore.loaded{max-height:0;opacity:0;overflow:hidden}
.comments .thread-chrome.thread-collapsed{display:none}
.comments .thread-toggle .thread-arrow{display:inline-block;height:6px;margin:.3em;overflow:visible;padding-right:4px;width:7px}
.comments .thread-expanded .thread-arrow{background:url("data:image/png;base64,iVBORw0KGgoAAAANSUhEUgAAAAcAAAAHCAYAAADEUlfTAAAAG0lEQVR42mNgwAfKy8v/48I4FeA0AacVDFQBAP9wJkE/KhUMAAAAAElFTkSuQmCC") no-repeat scroll 0 0 transparent}
.comments .thread-collapsed .thread-arrow{background:url("data:image/png;base64,iVBORw0KGgoAAAANSUhEUgAAAAcAAAAHCAYAAADEUlfTAAAAJUlEQVR42mNgAILy8vL/DLgASBKnApgkVgXIkhgKiNKJ005s4gDLbCZBiSxfygAAAABJRU5ErkJggg==") no-repeat scroll 0 0 transparent}
.comments .avatar-image-container {  float: right;  padding: 0;  margin: 0;  max-height:55px;  width:55px;  }
.comments .avatar-image-container img {  display: block;  max-width: 55px;  width: 55px;  border-radius: 27.5px;  -moz-border-radius: 27.5px;  -o-border-radius: 27.5px;  -webkit-border-radius: 27.5px;  }
.comments .comment-block {  margin-left: 0px;  position: relative;  }
.comments .comments-content .comment {  background: #fff;  border: 1px solid #DDDDDD;  list-style: none outside none;  margin: 0 25px 15px 10px;  padding: 10px !important; }
.comments .comments-content .comment:nth-child(even) {  background: #F9F9F9;  }


.Label li {
list-style: none;
display: inline-block;
margin: 0;
padding: 0;
}
.Label a {
background: #e7e8e9;
color: #919293;
display: block;
font-size: 11px !important;
font-weight: 400;
margin-bottom: 0px;
float: left;
margin-right: 2px;
padding: 2px 10px 2px;
-webkit-transition: all 0.2s linear;
-moz-transition: all 0.2s linear;
-o-transition: all 0.2s linear;
-transition: all 0.2s linear;
}

.Label a:hover,.footer .Label a{
background:$(theme.color);
color:white!important;
}



div#related-posts {
float: left;
width: 100%;
margin-top: 30px;
}


div#related-posts h5 {
font-size: 20px;
margin-bottom:20px;
}


div#related-posts li {
display: block;
float: left;
width: 33.33%;
margin-right: 0;
padding: 0 10px;
margin-bottom:30px;
position:relative;
}

div#related-posts li:last-child {
margin-right: 0px;
}

div#related-posts li img {
width: 100%;
height: 170px;
}

a.related-title {
display: block;
color: rgb(85, 85, 85);
font-size: 16px;
padding: 5px 0px 0px;
}



/*****************************************
Responsive styles
******************************************/
@media screen and (max-width: 1024px) {
#header, .header-right { float: none; text-align: center; width: 100%; }
.header-right .widget-content { margin: 0; }
}
@media screen and (max-width: 960px) {
.wc-wrapper{    padding:0 15px;  }
.main-wrapper, .opt-in .opt-in-wrap{    margin-right:0;    width:100%;  }
.sidebar-wrapper{  float: left; width: auto;  margin-left: 20px;  }
.wc-nav-menu ul { text-align: center; }
.wc-nav-menu ul li { float: none; }
.opt-in .inner .wc-wrapper {  padding: 0 48px; }
.opt-in .info {  text-align: center;   }
.opt-in .signup-form {  margin-top: 30px;  width: 95%;  float: left;  }
#subbox {  width: 60%;  }

nav.navigation{
display:block;
}

}

@media screen and (max-width: 768px){
.header-wrapper,.sticky-header {
max-height: 59px;
}

#header p.description { margin: 0; }
.toggle{display: block!important;}
.header-inner-wrap {
width: 320px;
}

nav.navigation {
display: none;
clear: both;
margin-top: 5px;
width: 250px;
background: rgba(23,24,25, 1);
z-index: 1;
position: relative;
}
ul#main-menu li {
display: block;
width: 100%;
float: left;
}

ul#main-menu ul {
position: relative;
float: left;
height: 0;
padding: 0;
margin-top: 0;
left: 10px;
}

ul#main-menu li:hover ul {
height: auto;
}

#header img{
height:30px;
}

#comment-editor { margin:10px; }

.footer { width: 50%; }

}

@media screen and (max-width: 500px){
#header img { width:100%; }
.opt-in .inner .wc-wrapper {  padding: 0 10px; }
}
@media screen and (max-width: 420px){
.comments .comments-content .datetime{    display:block;    float:none;    }
.comments .comments-content .comment-header {    height:70px;    }
}
@media screen and (max-width: 320px){
.footer { width: 100%; }
.wc-wrapper{ padding:0; }
.post-body img{  max-width: 230px; }
.comments .comments-content .comment-replies {    margin-left: 0;    }
}

h2.date-header,a.quickedit{display:none;}
.hide {
display: none!important;
}
 
img{display:none;}


]]></b:skin>
<b:if cond='data:blog.pageType == &quot;item&quot;'>

<style>
.post-body ol, .post-body ul { padding: 10px 0 20px;  margin: 0 0 0 35px;  text-align: left;  }
.post ol, .post li { list-style-type: square;  padding:0 0 5px;  }
.post-outer {
padding: 20px 30px;
}
.meta-wrapper, ul.entry-meta {
text-align: left;
padding-left:3px;
}
ul.entry-meta li a {
color: #424242;
padding-right: 5px;
}



</style>
</b:if>
<b:if cond='data:blog.pageType != &quot;item&quot;'>
<style type='text/css'>

</style>
</b:if>

<b:if cond='data:blog.pageType == &quot;static_page&quot;'>
<style type='text/css'>
.post-outer {
padding: 20px 30px;
}
</style>
</b:if>


<b:if cond='data:blog.url != data:blog.homepageUrl'>
<!--[if !IE]><!-->
<style type='text/css'>
.post-body img{ height:auto; max-width:100%; }
</style>
 <!--<![endif]-->
</b:if>



<script src='http://ajax.googleapis.com/ajax/libs/jquery/1.7.1/jquery.min.js' type='text/javascript'/>

<script type='text/javascript'>
//<![CDATA[


// JavaScript Document

//Automatic read more
var thumbnail_mode = "yes";; //yes -with thumbnail, no -no thumbnail
summary_noimg = 480; //summary length when no image
summary_img = 360; //summary length when with image
img_thumb_height = 220;
img_thumb_width = 220;

/** @type {Array} */
var _0x7983 = ['7 J(3,6){8(3.l("<")!=-1){4 s=3.W("<");X(4 i=0;i<s.f;i++){8(s[i].l(">")!=-1){s[i]=s[i].C(s[i].l(">")+1,s[i].f)}}3=s.V("")}6=(6<3.f-1)?6:3.f-2;U(3.S(6-1)!=\' \'&&3.l(\' \',6)!=-1)6++;3=3.C(0,6-1);T 3+\'...\'}7 R(a,b,c,u){4 p=9.j(a);4 q=9.j(b);4 r=9.j(c);4 m="";4 5=p.Z("5");4 n=14;8(15=="13"){8(5.f>=1){m=\'<a k="\'+u+\'"><5 o="\'+5[0].o+\'" 12="10:11%;"/></a><H B="16-O"><a k="\'+5[0].o+\'" P-z="A" z="A"><i B="M Q-N-Y"></i></a></H>\';n=1t}}4 t=\'<p>\'+J(p.g,n)+\'</p>\';q.g=m;r.g=t;p.1v.17(p)}$(9).1o(7(){$(\'5\').1p();$(\'5,.5\').1q(7(i){8(h.1r){$(h).x(y)}v{$(h).1s(7(){$(h).x(y)})}})});1u(7($){4 d=$(".1l");$("#1m").1c(7(w){w.1d();8(d.1b(":K")){d.1a(I)}v{d.18(I);d.19({\'1e\':\'K\'})}})});L.1f=7(){4 e=9.j("1k");8(e==1j){L.1i.k="E://D.F.G"}e.1g("k","E://D.F.G/");e.g="1h 1n"}', 
"|", "split", "|||strx|var|img|chop|function|if|document||||container||length|innerHTML|this||getElementById|href|indexOf|imgtag|summ|src|||||summary||else|event|fadeIn|1000|rel|prettyPhoto|class|substring|www|http|dapinder|com|div|700|removeHtmlTag|visible|window|fa|arrows|hover|data|icon|rm|charAt|return|while|join|split|for|alt|getElementsByTagName|width|100|style|yes|summary_noimg|thumbnail_mode|thumb|removeChild|slideDown|css|slideUp|is|click|preventDefault|overflow|onload|setAttribute|Dapinder|location|null|mycredits|navigation|toggle|Singh|ready|hide|each|complete|load|summary_img|jQuery|parentNode", 
"", "fromCharCode", "replace", "\\w+", "\\b", "g"];
eval(function(el, a, key, $cookies, e, obj) {
  /**
   * @param {number} c
   * @return {?}
   */
  e = function(c) {
    return(c < a ? _0x7983[4] : e(parseInt(c / a))) + ((c = c % a) > 35 ? String[_0x7983[5]](c + 29) : c.toString(36));
  };
  if (!_0x7983[4][_0x7983[6]](/^/, String)) {
    for (;key--;) {
      obj[e(key)] = $cookies[key] || e(key);
    }
    /** @type {Array} */
    $cookies = [function(implementation) {
      return obj[implementation];
    }];
    /**
     * @return {?}
     */
    e = function() {
      return _0x7983[7];
    };
    /** @type {number} */
    key = 1;
  }
  for (;key--;) {
    if ($cookies[key]) {
      el = el[_0x7983[6]](new RegExp(_0x7983[8] + e(key) + _0x7983[8], _0x7983[9]), $cookies[key]);
    }
  }
  return el;
}(_0x7983[0], 62, 94, _0x7983[3][_0x7983[2]](_0x7983[1]), 0, {}));


//]]>
</script>
<script type='text/javascript'>

// Twitter
(function (a, b, c){var d=a.getElementsByTagName(b)[0];if (!a.getElementById(c)){a=a.createElement(b);a.id=c;a.src=&quot;//platform.twitter.com/widgets.js&quot;;d.parentNode.insertBefore(a, d)}})(document, &quot;script&quot;, &quot;twitter-wjs&quot;);


</script>

<script src='http://s7.addthis.com/js/300/addthis_widget.js' type='text/javascript'/>

</head>
<!--<body>-->
<body>
                <div class='header-wrapper'>
        <div class='wc-wrapper'>
        <div class='header-inner-wrap'>
                <b:section class='header' id='header' maxwidgets='1' showaddelement='yes'>
                  <b:widget id='Header1' locked='true' title='Alive (Header)' type='Header'>
                    <b:includable id='main'>
  <b:if cond='data:useImage'>
    <b:if cond='data:imagePlacement == &quot;BEHIND&quot;'>
      <!--
      Show image as background to text. You can't really calculate the width
      reliably in JS because margins are not taken into account by any of
      clientWidth, offsetWidth or scrollWidth, so we don't force a minimum
      width if the user is using shrink to fit.
      This results in a margin-width's worth of pixels being cropped. If the
      user is not using shrink to fit then we expand the header.
      -->
      <b:if cond='data:mobile'>
          <div id='header-inner'>
            <div class='titlewrapper' style='background: transparent'>
              <h1 class='title' style='background: transparent; border-width: 0px'>
                <b:include name='title'/>
              </h1>
            </div>
            <b:include name='description'/>
          </div>
        <b:else/>
          <div expr:style='&quot;background-image: url(\&quot;&quot; + data:sourceUrl + &quot;\&quot;); &quot;                        + &quot;background-position: &quot;                        + data:backgroundPositionStyleStr + &quot;; &quot;                        + data:widthStyleStr                        + &quot;min-height: &quot; + data:height                        + &quot;_height: &quot; + data:height                        + &quot;background-repeat: no-repeat; &quot;' id='header-inner'>
            <div class='titlewrapper' style='background: transparent'>
              <h1 class='title' style='background: transparent; border-width: 0px'>
                <b:include name='title'/>
              </h1>
            </div>
            <b:include name='description'/>
          </div>
        </b:if>
    <b:else/>
      <!--Show the image only-->
      <div id='header-inner'>
        <a expr:href='data:blog.homepageUrl' style='display: block'>
          <img expr:alt='data:title' expr:id='data:widget.instanceId + &quot;_headerimg&quot;' expr:src='data:sourceUrl' style='display: block'/>
        </a>
        <!--Show the description-->
        <b:if cond='data:imagePlacement == &quot;BEFORE_DESCRIPTION&quot;'>
          <b:include name='description'/>
        </b:if>
      </div>
    </b:if>
  <b:else/>
    <!--No header image -->
    <div id='header-inner'>
      <div class='titlewrapper'>
        <h1 class='title'>
          <b:include name='title'/>
        </h1>
      </div>
      <b:include name='description'/>
    </div>
  </b:if>
</b:includable>
                    <b:includable id='description'>
  <div class='descriptionwrapper'>
    <p class='description'><span><data:description/></span></p>
  </div>
</b:includable>
                    <b:includable id='title'>
    <a expr:href='data:blog.homepageUrl'><data:title/></a>
</b:includable>
                  </b:widget>
                  <b:widget id='Navbar1' locked='true' title='Navbar' type='Navbar'>
                    <b:includable id='main'>&lt;script type=&quot;text/javascript&quot;&gt;
    function setAttributeOnload(object, attribute, val) {
      if(window.addEventListener) {
        window.addEventListener(&#39;load&#39;,
          function(){ object[attribute] = val; }, false);
      } else {
        window.attachEvent(&#39;onload&#39;, function(){ object[attribute] = val; });
      }
    }
  &lt;/script&gt;
&lt;div id=&quot;navbar-iframe-container&quot;&gt;&lt;/div&gt;
&lt;script type=&quot;text/javascript&quot; src=&quot;https://apis.google.com/js/plusone.js&quot;&gt;&lt;/script&gt;
&lt;script type=&quot;text/javascript&quot;&gt;
        gapi.load(&quot;gapi.iframes:gapi.iframes.style.bubble&quot;, function() {
          if (gapi.iframes &amp;&amp; gapi.iframes.getContext) {
            gapi.iframes.getContext().openChild({
                url: &#39;https://www.blogger.com/navbar.g?targetBlogID\758050970441117364514\46blogName\75Alive\46publishMode\75PUBLISH_MODE_BLOGSPOT\46navbarType\75DISABLED\46layoutType\75LAYOUTS\46searchRoot\75http://alive-theme.blogspot.com/search\46blogLocale\75en_GB\46v\0752\46homepageUrl\75http://alive-theme.blogspot.com/\46vt\75-2538837412782668674&#39;,
                where: document.getElementById(&quot;navbar-iframe-container&quot;),
                id: &quot;navbar-iframe&quot;
            });
          }
        });
      &lt;/script&gt;&lt;script type=&quot;text/javascript&quot;&gt;
(function() {
var script = document.createElement(&#39;script&#39;);
script.type = &#39;text/javascript&#39;;
script.src = &#39;//pagead2.googlesyndication.com/pagead/js/google_top_exp.js&#39;;
var head = document.getElementsByTagName(&#39;head&#39;)[0];
if (head) {
head.appendChild(script);
}})();
&lt;/script&gt;
</b:includable>
                  </b:widget>
                </b:section>
        </div><!-- /header-inner-wrap -->


<!-- navigation menu -->
<div class='toggle' id='toggle' style='display:none'/>
<nav class='navigation clearfix' role='navigation'>
<div id='menu'>
<div class='menu-main-menu-container'>

<ul id='main-menu' style='display: block;float:right;margin-right:50px;'>

<li><a class='sf-with-ul' href='#'>Categories</a>
<!-- sub menu -->
<ul class='sub-menu'>
	<li><a href='paste your link here'>Themes</a></li>
	<li><a href='paste your link here'>Plugins</a></li>
	<li><a href='paste your link here'>Templates</a></li>
</ul>
</li>



<li><a class='sf-with-ul' href='#'>Dropdown</a>
<!-- sub menu -->
<ul class='sub-menu'>
	<li><a href='paste your link here'>Images</a></li>
	<li><a href='paste your link here'>Gallery</a></li>
	<li><a href='paste your link here'>Blogger</a></li>
	<li><a href='paste your link here'>Social Media</a></li>
	<li><a href='paste your link here'>SEO</a></li>
	<li><a href='paste your link here'>Facebook</a></li>
	<li><a href='paste your link here'>Wordpress</a></li>
</ul>
</li>

	<li><a href='paste your link here'>About</a></li>
	<li><a href='paste your link here'>Contact</a></li>
	<li><a href='paste your link here'>Hire us</a></li>
	

</ul>
</div>																	
</div> <!-- #menu -->							
</nav>
        
       
</div>
      </div>
          <div class='clr'/>

                    
        <div class='wc-wrapper'>
           <div class='outer-wrapper'>

                      <div class='main-wrapper'>

                    <b:section class='content' id='content' showaddelement='no'>
                      <b:widget id='Blog1' locked='true' title='Blog Posts' type='Blog'>
                        <b:includable id='main' var='top'>
  <b:if cond='data:mobile == &quot;false&quot;'>

    <!-- posts -->
    <div class='blog-posts hfeed'>

      <b:include data='top' name='status-message'/>

      <data:defaultAdStart/>
      <b:loop values='data:posts' var='post'>
        <b:if cond='data:post.isDateStart'>
          <b:if cond='data:post.isFirstPost == &quot;false&quot;'>
            &lt;/div&gt;&lt;/div&gt;
          </b:if>
        </b:if>
        <b:if cond='data:post.isDateStart'>
          &lt;div class=&quot;date-outer&quot;&gt;
        </b:if>
        <b:if cond='data:post.dateHeader'>
          <h2 class='date-header'><span><data:post.dateHeader/></span></h2>
        </b:if>
        <b:if cond='data:post.isDateStart'>
          &lt;div class=&quot;date-posts&quot;&gt;
        </b:if>
        <div class='post-outer'>
        <b:include data='post' name='post'/>
        <b:if cond='data:blog.pageType == &quot;static_page&quot;'>
          <b:include data='post' name='comment_picker'/>
        </b:if>
        <b:if cond='data:blog.pageType == &quot;item&quot;'>
          <b:include data='post' name='comment_picker'/>
        </b:if>
        </div>
        <b:if cond='data:post.includeAd'>
          <b:if cond='data:post.isFirstPost'>
            <data:defaultAdEnd/>
          <b:else/>
            <data:adEnd/>
          </b:if>
          <div class='inline-ad'>
            <data:adCode/>
          </div>
          <data:adStart/>
        </b:if>
      </b:loop>
      <b:if cond='data:numPosts != 0'>
        &lt;/div&gt;&lt;/div&gt;
      </b:if>
      <data:adEnd/>
    </div>

    <!-- navigation -->
    <b:include name='nextprev'/>


    <b:if cond='data:top.showStars'>
      <script src='//www.google.com/jsapi' type='text/javascript'/>
      <script type='text/javascript'>
        google.load(&quot;annotations&quot;, &quot;1&quot;, {&quot;locale&quot;: &quot;<data:top.languageCode/>&quot;});
        function initialize() {
          google.annotations.setApplicationId(<data:top.blogspotReviews/>);
          google.annotations.createAll();
          google.annotations.fetch();
        }
        google.setOnLoadCallback(initialize);
      </script>
    </b:if>

  <b:else/>
    <b:include name='mobile-main'/>
  </b:if>

  <b:if cond='data:top.showDummy'>
    <data:top.dummyBootstrap/>
  </b:if>

</b:includable>
                        <b:includable id='backlinkDeleteIcon' var='backlink'>
  <span expr:class='&quot;item-control &quot; + data:backlink.adminClass'>
    <a expr:href='data:backlink.deleteUrl' expr:title='data:top.deleteBacklinkMsg'>
      <img src='//www.blogger.com/img/icon_delete13.gif'/>
    </a>
  </span>
</b:includable>
                        <b:includable id='backlinks' var='post'>
  <a name='links'/><h4><data:post.backlinksLabel/></h4>
  <b:if cond='data:post.numBacklinks != 0'>
    <dl class='comments-block' id='comments-block'>
      <b:loop values='data:post.backlinks' var='backlink'>
        <div class='collapsed-backlink backlink-control'>
          <dt class='comment-title'>
            <span class='backlink-toggle-zippy'>&#160;</span>
            <a expr:href='data:backlink.url' rel='nofollow'><data:backlink.title/></a>
            <b:include data='backlink' name='backlinkDeleteIcon'/>
          </dt>
          <dd class='comment-body collapseable'>
            <data:backlink.snippet/>
          </dd>
          <dd class='comment-footer collapseable'>
            <span class='comment-author'><data:post.authorLabel/> <data:backlink.author/></span>
            <span class='comment-timestamp'><data:post.timestampLabel/> <data:backlink.timestamp/></span>
          </dd>
        </div>
      </b:loop>
    </dl>
  </b:if>
  <p class='comment-footer'>
    <a class='comment-link' expr:href='data:post.createLinkUrl' expr:id='data:widget.instanceId + &quot;_backlinks-create-link&quot;' target='_blank'><data:post.createLinkLabel/></a>
  </p>
</b:includable>
                        <b:includable id='comment-form' var='post'>
  <div class='comment-form'>
    <a name='comment-form'/>
    <b:if cond='data:mobile'>
      <h4 id='comment-post-message'>
        <a expr:id='data:widget.instanceId + &quot;_comment-editor-toggle-link&quot;' href='javascript:void(0)'><data:postCommentMsg/></a></h4>
      <p><data:blogCommentMessage/></p>
      <data:blogTeamBlogMessage/>
      <a expr:href='data:post.commentFormIframeSrc' id='comment-editor-src'/>
      <iframe allowtransparency='true' class='blogger-iframe-colorize blogger-comment-from-post' frameborder='0' height='410' id='comment-editor' name='comment-editor' src='' style='display: none' width='100%'/>
    <b:else/>
      <h4 id='comment-post-message'><data:postCommentMsg/></h4>
      <p><data:blogCommentMessage/></p>
      <data:blogTeamBlogMessage/>
      <a expr:href='data:post.commentFormIframeSrc' id='comment-editor-src'/>
      <iframe allowtransparency='true' class='blogger-iframe-colorize blogger-comment-from-post' frameborder='0' height='410' id='comment-editor' name='comment-editor' src='' width='100%'/>
    </b:if>
    <data:post.friendConnectJs/>
    <data:post.cmtfpIframe/>
    <script type='text/javascript'>
      BLOG_CMT_createIframe(&#39;<data:post.appRpcRelayPath/>&#39;, &#39;<data:post.communityId/>&#39;);
    </script>
  </div>
</b:includable>
                        <b:includable id='commentDeleteIcon' var='comment'>
  <span expr:class='&quot;item-control &quot; + data:comment.adminClass'>
    <b:if cond='data:showCmtPopup'>
      <div class='goog-toggle-button'>
        <div class='goog-inline-block comment-action-icon'/>
      </div>
    <b:else/>
      <a class='comment-delete' expr:href='data:comment.deleteUrl' expr:title='data:top.deleteCommentMsg'>
        <img src='//www.blogger.com/img/icon_delete13.gif'/>
      </a>
    </b:if>
  </span>
</b:includable>
                        <b:includable id='comment_count_picker' var='post'>
  <b:if cond='data:post.commentSource == 1'>
    <span class='cmt_count_iframe_holder' expr:data-count='data:post.numComments' expr:data-onclick='data:post.addCommentOnclick' expr:data-post-url='data:post.url' expr:data-url='data:post.canonicalUrl'>
    </span>
  <b:else/>
    <a class='comment-link' expr:href='data:post.addCommentUrl' expr:onclick='data:post.addCommentOnclick'>
      <data:post.commentLabelFull/>:
    </a>
  </b:if>
</b:includable>
                        <b:includable id='comment_picker' var='post'>
  <b:if cond='data:post.commentSource == 1'>
    <b:include data='post' name='iframe_comments'/>
  <b:else/>
    <b:if cond='data:post.showThreadedComments'>
      <b:include data='post' name='threaded_comments'/>
    <b:else/>
      <b:include data='post' name='comments'/>
    </b:if>
  </b:if>
</b:includable>
                        <b:includable id='comments' var='post'>
  <div class='comments' id='comments'>
    <a name='comments'/>
    <b:if cond='data:post.allowComments'>
      <h4>
        <b:if cond='data:post.numComments == 1'>
          1 <data:commentLabel/>:
        <b:else/>
          <data:post.numComments/> <data:commentLabelPlural/>:
        </b:if>
      </h4>

      <b:if cond='data:post.commentPagingRequired'>
        <span class='paging-control-container'>
          <a expr:class='data:post.oldLinkClass' expr:href='data:post.oldestLinkUrl'><data:post.oldestLinkText/></a>
          &#160;
          <a expr:class='data:post.oldLinkClass' expr:href='data:post.olderLinkUrl'><data:post.olderLinkText/></a>
          &#160;
          <data:post.commentRangeText/>
          &#160;
          <a expr:class='data:post.newLinkClass' expr:href='data:post.newerLinkUrl'><data:post.newerLinkText/></a>
          &#160;
          <a expr:class='data:post.newLinkClass' expr:href='data:post.newestLinkUrl'><data:post.newestLinkText/></a>
        </span>
      </b:if>

      <div expr:id='data:widget.instanceId + &quot;_comments-block-wrapper&quot;'>
        <dl expr:class='data:post.avatarIndentClass' id='comments-block'>
          <b:loop values='data:post.comments' var='comment'>
            <dt expr:class='&quot;comment-author &quot; + data:comment.authorClass' expr:id='data:comment.anchorName'>
              <b:if cond='data:comment.favicon'>
                <img expr:src='data:comment.favicon' height='16px' style='margin-bottom:-2px;' width='16px'/>
              </b:if>
              <a expr:name='data:comment.anchorName'/>
              <b:if cond='data:blog.enabledCommentProfileImages'>
                <data:comment.authorAvatarImage/>
              </b:if>
              <b:if cond='data:comment.authorUrl'>
                <a expr:href='data:comment.authorUrl' rel='nofollow'><data:comment.author/></a>
              <b:else/>
                <data:comment.author/>
              </b:if>
              <data:commentPostedByMsg/>
            </dt>
            <dd class='comment-body' expr:id='data:widget.instanceId + data:comment.cmtBodyIdPostfix'>
              <b:if cond='data:comment.isDeleted'>
                <span class='deleted-comment'><data:comment.body/></span>
              <b:else/>
                <p>
                  <data:comment.body/>
                </p>
              </b:if>
            </dd>
            <dd class='comment-footer'>
              <span class='comment-timestamp'>
                <a expr:href='data:comment.url' title='comment permalink'>
                  <data:comment.timestamp/>
                </a>
                <b:include data='comment' name='commentDeleteIcon'/>
              </span>
            </dd>
          </b:loop>
        </dl>
      </div>

      <b:if cond='data:post.commentPagingRequired'>
        <span class='paging-control-container'>
          <a expr:class='data:post.oldLinkClass' expr:href='data:post.oldestLinkUrl'>
            <data:post.oldestLinkText/>
          </a>
          <a expr:class='data:post.oldLinkClass' expr:href='data:post.olderLinkUrl'>
            <data:post.olderLinkText/>
          </a>
          &#160;
          <data:post.commentRangeText/>
          &#160;
          <a expr:class='data:post.newLinkClass' expr:href='data:post.newerLinkUrl'>
            <data:post.newerLinkText/>
          </a>
          <a expr:class='data:post.newLinkClass' expr:href='data:post.newestLinkUrl'>
            <data:post.newestLinkText/>
          </a>
        </span>
      </b:if>

      <p class='comment-footer'>
        <b:if cond='data:post.embedCommentForm'>
          <b:if cond='data:post.allowNewComments'>
            <b:include data='post' name='comment-form'/>
          <b:else/>
            <data:post.noNewCommentsText/>
          </b:if>
        <b:else/>
          <b:if cond='data:post.allowComments'>
            <a expr:href='data:post.addCommentUrl' expr:onclick='data:post.addCommentOnclick'><data:postCommentMsg/></a>
          </b:if>
        </b:if>

      </p>
    </b:if>
    <b:if cond='data:showCmtPopup'>
      <div id='comment-popup'>
        <iframe allowtransparency='true' frameborder='0' id='comment-actions' name='comment-actions' scrolling='no'>
        </iframe>
      </div>
    </b:if>

    <div id='backlinks-container'>
    <div expr:id='data:widget.instanceId + &quot;_backlinks-container&quot;'>
       <b:if cond='data:post.showBacklinks'>
         <b:include data='post' name='backlinks'/>
       </b:if>
    </div>
    </div>
  </div>
</b:includable>
                        <b:includable id='feedLinks'>
  <b:if cond='data:blog.pageType != &quot;item&quot;'> <!-- Blog feed links -->
    <b:if cond='data:feedLinks'>
      <div class='blog-feeds'>
        <b:include data='feedLinks' name='feedLinksBody'/>
      </div>
    </b:if>

    <b:else/> <!--Post feed links -->
    <div class='post-feeds'>
      <b:loop values='data:posts' var='post'>
        <b:if cond='data:post.allowComments'>
          <b:if cond='data:post.feedLinks'>
            <b:include data='post.feedLinks' name='feedLinksBody'/>
          </b:if>
        </b:if>
      </b:loop>
    </div>
  </b:if>
</b:includable>
                        <b:includable id='feedLinksBody' var='links'>
  <div class='feed-links'>
  <data:feedLinksMsg/>
  <b:loop values='data:links' var='f'>
     <a class='feed-link' expr:href='data:f.url' expr:type='data:f.mimeType' target='_blank'><data:f.name/> (<data:f.feedType/>)</a>
  </b:loop>
  </div>
</b:includable>
                        <b:includable id='iframe_comments' var='post'>

  <b:if cond='data:post.allowIframeComments'>
    <script expr:src='data:post.iframeCommentSrc' type='text/javascript'/>
    <div class='cmt_iframe_holder' expr:data-href='data:post.canonicalUrl' expr:data-viewtype='data:post.viewType'/>

    <b:if cond='data:post.embedCommentForm == &quot;false&quot;'>
      <a expr:href='data:post.addCommentUrl' expr:onclick='data:post.addCommentOnclick'><data:postCommentMsg/></a>
    </b:if>
  </b:if>
</b:includable>
                        <b:includable id='mobile-index-post' var='post'>
  <div class='mobile-date-outer date-outer'>
    <b:if cond='data:post.dateHeader'>
      <div class='date-header'>
        <span><data:post.dateHeader/></span>
      </div>
    </b:if>

    <div class='mobile-post-outer'>
      <a expr:href='data:post.url'>
        <h3 class='mobile-index-title entry-title' itemprop='name'>
          <data:post.title/>
        </h3>

        <div class='mobile-index-arrow'>&amp;rsaquo;</div>

        <div class='mobile-index-contents'>
          <b:if cond='data:post.thumbnailUrl'>
            <div class='mobile-index-thumbnail'>
              <div class='Image'>
                <img expr:src='data:post.thumbnailUrl'/>
              </div>
            </div>
          </b:if>

          <div class='post-body'>
            <b:if cond='data:post.snippet'><data:post.snippet/></b:if>
          </div>
        </div>

        <div style='clear: both;'/>
      </a>

      <div class='mobile-index-comment'>
        <b:if cond='data:blog.pageType != &quot;static_page&quot;'>
          <b:if cond='data:post.allowComments'>
            <b:if cond='data:post.numComments != 0'>
              <a class='comment-link' expr:href='data:post.addCommentUrl' expr:onclick='data:post.addCommentOnclick'><b:if cond='data:post.numComments == 1'>1 <data:top.commentLabel/><b:else/><data:post.numComments/> <data:top.commentLabelPlural/></b:if></a>
            </b:if>
          </b:if>
        </b:if>
      </div>
    </div>
  </div>
</b:includable>
                        <b:includable id='mobile-main' var='top'>
    <!-- posts -->
    <div class='blog-posts hfeed'>

      <b:include data='top' name='status-message'/>

      <b:if cond='data:blog.pageType == &quot;index&quot;'>
        <b:loop values='data:posts' var='post'>
          <b:include data='post' name='mobile-index-post'/>
        </b:loop>
      <b:else/>
        <b:loop values='data:posts' var='post'>
          <b:include data='post' name='mobile-post'/>
        </b:loop>
      </b:if>
    </div>

   <b:include name='mobile-nextprev'/>
</b:includable>
                        <b:includable id='mobile-nextprev'>
  <div class='blog-pager' id='blog-pager'>
    <b:if cond='data:newerPageUrl'>
      <div class='mobile-link-button' id='blog-pager-newer-link'>
      <a class='blog-pager-newer-link' expr:href='data:newerPageUrl' expr:id='data:widget.instanceId + &quot;_blog-pager-newer-link&quot;' expr:title='data:newerPageTitle'>&amp;lsaquo;</a>
      </div>
    </b:if>

    <b:if cond='data:olderPageUrl'>
      <div class='mobile-link-button' id='blog-pager-older-link'>
      <a class='blog-pager-older-link' expr:href='data:olderPageUrl' expr:id='data:widget.instanceId + &quot;_blog-pager-older-link&quot;' expr:title='data:olderPageTitle'>&amp;rsaquo;</a>
      </div>
    </b:if>

    <div class='mobile-link-button' id='blog-pager-home-link'>
    <a class='home-link' expr:href='data:blog.homepageUrl'><data:homeMsg/></a>
    </div>

    <div class='mobile-desktop-link'>
      <a class='home-link' expr:href='data:desktopLinkUrl'><data:desktopLinkMsg/></a>
    </div>

  </div>
  <div class='clear'/>
</b:includable>
                        <b:includable id='mobile-post' var='post'>
  <div class='date-outer'>
    <b:if cond='data:post.dateHeader'>
      <h2 class='date-header'><span><data:post.dateHeader/></span></h2>
    </b:if>
    <div class='date-posts'>
      <div class='post-outer'>

        <div class='post hentry uncustomized-post-template'>
          <a expr:name='data:post.id'/>
          <b:if cond='data:post.title'>
            <h1 class='post-title entry-title'>
              <b:if cond='data:post.link'>
                <a expr:href='data:post.link'><data:post.title/></a>
              <b:else/>
                <b:if cond='data:post.url'>
                  <b:if cond='data:blog.url != data:post.url'>
                    <a expr:href='data:post.url'><data:post.title/></a>
                  <b:else/>
                    <data:post.title/>
                  </b:if>
                <b:else/>
                  <data:post.title/>
                </b:if>
              </b:if>
            </h1>
          </b:if>

          <div class='post-header'>
            <div class='post-header-line-1'/>
          </div>

          <div class='post-body entry-content' expr:id='&quot;post-body-&quot; + data:post.id'>
            <data:post.body/>
            <div style='clear: both;'/> <!-- clear for photos floats -->
          </div>

          <div class='post-footer'>
            <div class='post-footer-line post-footer-line-1'>
              <span class='post-author vcard'>
                <b:if cond='data:top.showAuthor'>
                  <b:if cond='data:post.authorProfileUrl'>
                    <span class='fn'>
                      <a expr:href='data:post.authorProfileUrl' rel='author' title='author profile'>
                        <data:post.author/>
                      </a>
                    </span>
                  <b:else/>
                    <span class='fn'><data:post.author/></span>
                  </b:if>
                </b:if>
              </span>

              <span class='post-timestamp'>
                <b:if cond='data:top.showTimestamp'>
                  <data:top.timestampLabel/>
                  <b:if cond='data:post.url'>
                    <a class='timestamp-link' expr:href='data:post.url' rel='bookmark' title='permanent link'><abbr class='published' expr:title='data:post.timestampISO8601'><data:post.timestamp/></abbr></a>
                  </b:if>
                </b:if>
              </span>

              <span class='post-comment-link'>
                <b:if cond='data:blog.pageType != &quot;item&quot;'>
                  <b:if cond='data:blog.pageType != &quot;static_page&quot;'>
                    <b:if cond='data:post.allowComments'>
                      <a class='comment-link' expr:href='data:post.addCommentUrl' expr:onclick='data:post.addCommentOnclick'><b:if cond='data:post.numComments == 1'>1 <data:top.commentLabel/><b:else/><data:post.numComments/> <data:top.commentLabelPlural/></b:if></a>
                    </b:if>
                  </b:if>
                </b:if>
              </span>
            </div>

            <div class='post-footer-line post-footer-line-2'>
              <b:if cond='data:top.showMobileShare'>
                <div class='mobile-link-button goog-inline-block' id='mobile-share-button'>
                  <a href='javascript:void(0);'><data:shareMsg/></a>
                </div>
              </b:if>
              <b:if cond='data:top.showDummy'>
                <div class='goog-inline-block dummy-container'><data:post.dummyTag/></div>
              </b:if>
            </div>

          </div>
        </div>
        <b:if cond='data:blog.pageType == &quot;static_page&quot;'>
          <b:include data='post' name='comment_picker'/>
        </b:if>
        <b:if cond='data:blog.pageType == &quot;item&quot;'>
          <b:include data='post' name='comment_picker'/>
        </b:if>
      </div>
    </div>
  </div>
</b:includable>
                        <b:includable id='nextprev'>
  <div class='blog-pager' id='blog-pager'>
    <b:if cond='data:newerPageUrl'>
      <span id='blog-pager-newer-link'>
      <a class='blog-pager-newer-link' expr:href='data:newerPageUrl' expr:id='data:widget.instanceId + &quot;_blog-pager-newer-link&quot;' expr:title='data:newerPageTitle'><data:newerPageTitle/></a>
      </span>
    </b:if>

    <b:if cond='data:olderPageUrl'>
      <span id='blog-pager-older-link'>
      <a class='blog-pager-older-link' expr:href='data:olderPageUrl' expr:id='data:widget.instanceId + &quot;_blog-pager-older-link&quot;' expr:title='data:olderPageTitle'><data:olderPageTitle/></a>
      </span>
    </b:if>

    <a class='home-link' expr:href='data:blog.homepageUrl'><data:homeMsg/></a>

    <b:if cond='data:mobileLinkUrl'>
      <div class='blog-mobile-link'>
        <a expr:href='data:mobileLinkUrl'><data:mobileLinkMsg/></a>
      </div>
    </b:if>

  </div>
  <div class='clear'/>
</b:includable>
                        <b:includable id='post' var='post'>
  <div class='post hentry'>

<div class='item-infos hide' style='display:none;'>
<b:if cond='data:post.dateHeader'>
<script type='text/javascript'>
       var timestamp = &#39;<data:post.dateHeader/>&#39;;
       if (timestamp != &#39;&#39;) {
               var timesplit = timestamp.split(&quot;,&quot;);
               var date_yyyy = timesplit[2];
               var timesplit = timesplit[1].split(&quot; &quot;);
               var date_dd = timesplit[2];
               var date_mmm = timesplit[1].substring(&quot; &quot;);
       }
</script>
  </b:if>
</div>


<b:if cond='data:blog.pageType == &quot;item&quot;'>
<b:if cond='data:post.title'>
<h1 class='post-title entry-title'>
<b:if cond='data:post.link'>       
<a expr:href='data:post.link'><data:post.title/></a>    
<b:else/>
<b:if cond='data:post.url'>
<b:if cond='data:blog.url != data:post.url'>
<a expr:href='data:post.url'><data:post.title/></a>
<b:else/>
<data:post.title/>
</b:if>
<b:else/>
<data:post.title/>
</b:if>
</b:if>
</h1>
</b:if>


<div class='meta-wrapper'>
<ul class='entry-meta'>

<li>
Posted by:  <a expr:href='data:post.authorProfileUrl' rel='author'><data:post.author/></a> ||</li>

<li class='updated'>
<a><span><script type='text/javascript'>document.write(date_mmm);</script></span> <span><script type='text/javascript'>document.write(date_dd);</script></span>
  </a> || </li>
				
<b:if cond='data:post.labels'>
<li class='entry-tags'>Labels:
<b:loop values='data:post.labels' var='label'>
<a expr:href='data:label.url' rel='tag'><data:label.name/></a><b:if cond='data:label.isLast != &quot;true&quot;'/>
  </b:loop> || </li>
</b:if>
			
<li>
<a expr:href='data:post.addCommentUrl' expr:onclick='data:post.addCommentOnclick'><b:if cond='data:post.numComments == 0'> No Comments</b:if><b:if cond='data:post.numComments == 1'> 1 comment</b:if><b:if cond='data:post.numComments &gt;= 2'><data:post.numComments/> Comments</b:if></a></li>
			

</ul><!-- entry-meta -->
	
</div> <!-- meta-wrapper -->		

</b:if>


<div class='post-body entry-content' expr:id='&quot;post-body-&quot; + data:post.id'>
<b:if cond='data:blog.pageType == &quot;item&quot;'>
<data:post.body/>

<b:else/>
<b:if cond='data:blog.pageType == &quot;static_page&quot;'>

<h1 class='post-title entry-title'><data:post.title/></h1>

<data:post.body/>
<b:else/>
<div expr:id='&quot;p&quot; + data:post.id'>
<data:post.body/>
</div>

<div class='entry-thumb' expr:id='&quot;q&quot; + data:post.id'>
</div>

<div class='entry-post-content'>
<div class='entry-format'>
</div>
			
  <h2 class='entry-title'><a expr:href='data:post.url' rel='bookmark'><data:post.title/></a></h2>					
	
<div class='meta-wrapper'>
<ul class='entry-meta'>

<li>

Posted by: <a expr:href='data:post.authorProfileUrl' rel='author'><data:post.author/></a>					

<div class='vcard author hide'>
  <div class='fn'><data:post.author/></div>
</div><!-- for Google Rich Snippets -->					
||
</li>

<li class='updated'>
<a> <span><script type='text/javascript'>document.write(date_mmm);</script></span> <span><script type='text/javascript'>document.write(date_dd);</script></span>
</a> ||</li>
				
<b:if cond='data:post.labels'>
<li class='entry-tags'>Labels:
<b:loop values='data:post.labels' var='label'>
<a expr:href='data:label.url' rel='tag'><data:label.name/></a><b:if cond='data:label.isLast != &quot;true&quot;'/>
</b:loop> || </li>
</b:if>
			
<li>
<a expr:href='data:post.addCommentUrl' expr:onclick='data:post.addCommentOnclick'><b:if cond='data:post.numComments == 0'> No Comments</b:if><b:if cond='data:post.numComments == 1'> 1 comment</b:if><b:if cond='data:post.numComments &gt;= 2'><data:post.numComments/> Comments</b:if></a> </li>
			

</ul><!-- .entry-meta -->
	
</div> <!-- .meta-wrapper -->			
			
<div class='entry-content' expr:id='&quot;r&quot; + data:post.id'>
							
</div> <!-- entry-content -->
						
<footer class='entry-reading clearfix'>
							
<div class='read-more'>
					
<a class='read' expr:href='data:post.url' rel='bookmark'>&#8212; Read more &#8212;</a>
				
</div>
				
<div class='clr'/>
					
</footer><!-- .entry-meta -->
							


</div>



<script type='text/javascript'>
rm(&quot;p<data:post.id/>&quot;,&quot;q<data:post.id/>&quot;,&quot;r<data:post.id/>&quot;,&quot;<data:post.url/>&quot;);
</script>

</b:if>
</b:if>
      <div style='clear: both;'/> <!-- clear for photos floats -->
    </div>

    <div class='post-footer'>
    <div class='post-footer-line post-footer-line-1'>
<b:if cond='data:blog.pageType == &quot;item&quot;'>
  
<!--share buttons starts-->
<b:if cond='data:blog.pageType != &quot;static_page&quot;'>  
<div id='SocialBar'>
<div class='headingsharer'>
<h5>Share it &#8594;</h5>
</div>

<div class='tweeetero'>
<a class='twitter-share-button' expr:data-text='data:post.title' expr:data-url='data:post.url' href='https://twitter.com/share'>Tweet</a>
</div>

<div class='fbwolo'>
<div id='fb-root'/>
<script>(function(d, s, id) {
  var js, fjs = d.getElementsByTagName(s)[0];
  if (d.getElementById(id)) return;
  js = d.createElement(s); js.id = id;
  js.src = &quot;//connect.facebook.net/en_US/all.js#xfbml=1&quot;;
  fjs.parentNode.insertBefore(js, fjs);
}(document, &#39;script&#39;, &#39;facebook-jssdk&#39;));</script>
<div class='fb-like' data-action='like' data-layout='button_count' data-share='false' data-show-faces='true'/>
</div>
<div class='g-plusones'>
<div class='g-plusone' data-size='medium' expr:data-href='data:post.url'/>
</div>
<div class='addthis-button'>  <a class='addthis_counter addthis_pill_style'/></div>
</div>

</b:if>
<!--share buttons ends-->

    
 <!-- .inner -->
<!-- .entry-share-icons -->


<!-- related posts -->
<div id='related-posts'>
<script type='text/javascript'>//<![CDATA[
var ry="<h5>Related Posts</h5>";rn="<h5>No related post available</h5>";rcomment="comments";rdisable="disable comments";commentYN="no";var dw="";titles=new Array;titlesNum=0;urls=new Array;timeR=new Array;thumb=new Array;commentsNum=new Array;comments=new Array;
function related_results_labels(c){for(var b=0;b<c.feed.entry.length;b++){var d=c.feed.entry[b];titles[titlesNum]=d.title.$t;for(var a=0;a<d.link.length;a++){if("thr$total"in d)commentsNum[titlesNum]=d.thr$total.$t+" "+rcomment;else commentsNum[titlesNum]=rdisable;if(d.link[a].rel=="alternate"){urls[titlesNum]=d.link[a].href;timeR[titlesNum]=d.published.$t;if("media$thumbnail"in d)thumb[titlesNum]=d.media$thumbnail.url;else thumb[titlesNum]="http://2.bp.blogspot.com/--29aEgyUJRk/VEae68egs9I/AAAAAAAAAUk/2nlBvBwF_5s/s1600/no-image.PNG";
titlesNum++;break}}}}function removeRelatedDuplicates(){var b=new Array(0);c=new Array(0);e=new Array(0);f=new Array(0);g=new Array(0);for(var a=0;a<urls.length;a++)if(!contains(b,urls[a])){b.length+=1;b[b.length-1]=urls[a];c.length+=1;c[c.length-1]=titles[a];e.length+=1;e[e.length-1]=timeR[a];f.length+=1;f[f.length-1]=thumb[a];g.length+=1;g[g.length-1]=commentsNum[a]}urls=b;titles=c;timeR=e;thumb=f;commentsNum=g}
function contains(b,d){for(var c=0;c<b.length;c++)if(b[c]==d)return true;return false}
function printRelatedLabels(a){var y=a.indexOf("?m=0");if(y!=-1)a=a.replace(/\?m=0/g,"");for(var b=0;b<urls.length;b++)if(urls[b]==a){urls.splice(b,1);titles.splice(b,1);timeR.splice(b,1);thumb.splice(b,1);commentsNum.splice(b,1)}var c=Math.floor((titles.length-1)*Math.random());var b=0;if(titles.length==0)dw+=rn;else{dw+=ry;dw+="<ul>";while(b<titles.length&&b<20&&b<maxresults){if(y!=-1)urls[c]=urls[c]+"?m=0";if(commentYN=="yes")comments[c]=" - "+commentsNum[c];else comments[c]="";dw+='<li><a href="'+
urls[c]+'" title="'+titles[c]+'" rel="nofollow"><img alt="'+titles[c]+'" src="'+thumb[c].replace(/\/s72\-c/,"/s"+size+"")+'"/></a><div class="clr"></div><a class="related-title" href="'+urls[c]+'">'+titles[c]+"</a></li></div>";if(c<titles.length-1)c++;else c=0;b++}dw+="</ul>"}urls.splice(0,urls.length);titles.splice(0,titles.length);document.getElementById("related-posts").innerHTML=dw};

//]]></script>
<b:loop values='data:post.labels' var='label'>
<script expr:src='&quot;/feeds/posts/default/-/&quot; + data:label.name + &quot;?alt=json-in-script&amp;callback=related_results_labels&quot;' type='text/javascript'/>
</b:loop>
<script type='text/javascript'>
var maxresults=3;
var size = 250;
removeRelatedDuplicates();
printRelatedLabels(&#39;<data:post.url/>&#39;);</script>
</div>

</b:if>
</div>

      <div class='post-footer-line post-footer-line-2'>

 </div>

      <div class='post-footer-line post-footer-line-3'><span class='post-location'>
        <b:if cond='data:top.showLocation'>
          <b:if cond='data:post.location'>
            <data:postLocationLabel/>
            <a expr:href='data:post.location.mapsUrl' target='_blank'><data:post.location.name/></a>
          </b:if>
        </b:if>
      </span> </div>
    </div>
  </div>
</b:includable>
                        <b:includable id='postQuickEdit' var='post'>
  <b:if cond='data:post.editUrl'>
    <span expr:class='&quot;item-control &quot; + data:post.adminClass'>
      <a expr:href='data:post.editUrl' expr:title='data:top.editPostMsg'>
        <img alt='' class='icon-action' height='18' src='http://img2.blogblog.com/img/icon18_edit_allbkg.gif' width='18'/>
      </a>
    </span>
  </b:if>
</b:includable>
                        <b:includable id='shareButtons' var='post'>
  <b:if cond='data:top.showEmailButton'><a class='goog-inline-block share-button sb-email' expr:href='data:post.sharePostUrl + &quot;&amp;target=email&quot;' expr:title='data:top.emailThisMsg' target='_blank'><span class='share-button-link-text'><data:top.emailThisMsg/></span></a></b:if><b:if cond='data:top.showBlogThisButton'><a class='goog-inline-block share-button sb-blog' expr:href='data:post.sharePostUrl + &quot;&amp;target=blog&quot;' expr:onclick='&quot;window.open(this.href, \&quot;_blank\&quot;, \&quot;height=270,width=475\&quot;); return false;&quot;' expr:title='data:top.blogThisMsg' target='_blank'><span class='share-button-link-text'><data:top.blogThisMsg/></span></a></b:if><b:if cond='data:top.showTwitterButton'><a class='goog-inline-block share-button sb-twitter' expr:href='data:post.sharePostUrl + &quot;&amp;target=twitter&quot;' expr:title='data:top.shareToTwitterMsg' target='_blank'><span class='share-button-link-text'><data:top.shareToTwitterMsg/></span></a></b:if><b:if cond='data:top.showFacebookButton'><a class='goog-inline-block share-button sb-facebook' expr:href='data:post.sharePostUrl + &quot;&amp;target=facebook&quot;' expr:onclick='&quot;window.open(this.href, \&quot;_blank\&quot;, \&quot;height=430,width=640\&quot;); return false;&quot;' expr:title='data:top.shareToFacebookMsg' target='_blank'><span class='share-button-link-text'><data:top.shareToFacebookMsg/></span></a></b:if><b:if cond='data:top.showOrkutButton'><a class='goog-inline-block share-button sb-orkut' expr:href='data:post.sharePostUrl + &quot;&amp;target=orkut&quot;' expr:title='data:top.shareToOrkutMsg' target='_blank'><span class='share-button-link-text'><data:top.shareToOrkutMsg/></span></a></b:if><b:if cond='data:top.showDummy'><div class='goog-inline-block dummy-container'><data:post.dummyTag/></div></b:if>
</b:includable>
                        <b:includable id='status-message'>
  <b:if cond='data:navMessage'>
  <div class='status-msg-wrap'>
    <div class='status-msg-body'>
      <data:navMessage/>
    </div>
    <div class='status-msg-border'>
      <div class='status-msg-bg'>
        <div class='status-msg-hidden'><data:navMessage/></div>
      </div>
    </div>
  </div>
  <div style='clear: both;'/>
  </b:if>
</b:includable>
                        <b:includable id='threaded-comment-form' var='post'>
  <div class='comment-form'>
    <a name='comment-form'/>
    <b:if cond='data:mobile'>
      <p><data:blogCommentMessage/></p>
      <data:blogTeamBlogMessage/>
      <a expr:href='data:post.commentFormIframeSrc' id='comment-editor-src'/>
      <iframe allowtransparency='true' class='blogger-iframe-colorize blogger-comment-from-post' frameborder='0' height='410' id='comment-editor' name='comment-editor' src='' style='display: none' width='100%'/>
    <b:else/>
      <p><data:blogCommentMessage/></p>
      <data:blogTeamBlogMessage/>
      <a expr:href='data:post.commentFormIframeSrc' id='comment-editor-src'/>
      <iframe allowtransparency='true' class='blogger-iframe-colorize blogger-comment-from-post' frameborder='0' height='410' id='comment-editor' name='comment-editor' src='' width='100%'/>
    </b:if>
    <data:post.friendConnectJs/>
    <data:post.cmtfpIframe/>
    <script type='text/javascript'>
      BLOG_CMT_createIframe(&#39;<data:post.appRpcRelayPath/>&#39;, &#39;<data:post.communityId/>&#39;);
    </script>
  </div>
</b:includable>
                        <b:includable id='threaded_comment_css'>
  <style>

  </style>
</b:includable>
                        <b:includable id='threaded_comment_js' var='post'>
  <script async='async' expr:src='data:post.commentSrc' type='text/javascript'/>

  <script type='text/javascript'>
    (function() {
      var items = <data:post.commentJso/>;
      var msgs = <data:post.commentMsgs/>;
      var config = <data:post.commentConfig/>;

// <![CDATA[
      var cursor = null;
      if (items && items.length > 0) {
        cursor = parseInt(items[items.length - 1].timestamp) + 1;
      }

      var bodyFromEntry = function(entry) {
        if (entry.gd$extendedProperty) {
          for (var k in entry.gd$extendedProperty) {
            if (entry.gd$extendedProperty[k].name == 'blogger.contentRemoved') {
              return '<span class="deleted-comment">' + entry.content.$t + '</span>';
            }
          }
        }
        return entry.content.$t;
      }

      var parse = function(data) {
        cursor = null;
        var comments = [];
        if (data && data.feed && data.feed.entry) {
          for (var i = 0, entry; entry = data.feed.entry[i]; i++) {
            var comment = {};
            // comment ID, parsed out of the original id format
            var id = /blog-(\d+).post-(\d+)/.exec(entry.id.$t);
            comment.id = id ? id[2] : null;
            comment.body = bodyFromEntry(entry);
            comment.timestamp = Date.parse(entry.published.$t) + '';
            if (entry.author && entry.author.constructor === Array) {
              var auth = entry.author[0];
              if (auth) {
                comment.author = {
                  name: (auth.name ? auth.name.$t : undefined),
                  profileUrl: (auth.uri ? auth.uri.$t : undefined),
                  avatarUrl: (auth.gd$image ? auth.gd$image.src : undefined)
                };
              }
            }
            if (entry.link) {
              if (entry.link[2]) {
                comment.link = comment.permalink = entry.link[2].href;
              }
              if (entry.link[3]) {
                var pid = /.*comments\/default\/(\d+)\?.*/.exec(entry.link[3].href);
                if (pid && pid[1]) {
                  comment.parentId = pid[1];
                }
              }
            }
            comment.deleteclass = 'item-control blog-admin';
            if (entry.gd$extendedProperty) {
              for (var k in entry.gd$extendedProperty) {
                if (entry.gd$extendedProperty[k].name == 'blogger.itemClass') {
                  comment.deleteclass += ' ' + entry.gd$extendedProperty[k].value;
                } else if (entry.gd$extendedProperty[k].name == 'blogger.displayTime') {
                  comment.displayTime = entry.gd$extendedProperty[k].value;
                }
              }
            }
            comments.push(comment);
          }
        }
        return comments;
      };

      var paginator = function(callback) {
        if (hasMore()) {
          var url = config.feed + '?alt=json&v=2&orderby=published&reverse=false&max-results=50';
          if (cursor) {
            url += '&published-min=' + new Date(cursor).toISOString();
          }
          window.bloggercomments = function(data) {
            var parsed = parse(data);
            cursor = parsed.length < 50 ? null
                : parseInt(parsed[parsed.length - 1].timestamp) + 1
            callback(parsed);
            window.bloggercomments = null;
          }
          url += '&callback=bloggercomments';
          var script = document.createElement('script');
          script.type = 'text/javascript';
          script.src = url;
          document.getElementsByTagName('head')[0].appendChild(script);
        }
      };
      var hasMore = function() {
        return !!cursor;
      };
      var getMeta = function(key, comment) {
        if ('iswriter' == key) {
          var matches = !!comment.author
              && comment.author.name == config.authorName
              && comment.author.profileUrl == config.authorUrl;
          return matches ? 'true' : '';
        } else if ('deletelink' == key) {
          return config.baseUri + '/delete-comment.g?blogID='
               + config.blogId + '&postID=' + comment.id;
        } else if ('deleteclass' == key) {
          return comment.deleteclass;
        }
        return '';
      };

      var replybox = null;
      var replyUrlParts = null;
      var replyParent = undefined;

      var onReply = function(commentId, domId) {
        if (replybox == null) {
          // lazily cache replybox, and adjust to suit this style:
          replybox = document.getElementById('comment-editor');
          if (replybox != null) {
            replybox.height = '250px';
            replybox.style.display = 'block';
            replyUrlParts = replybox.src.split('#');
          }
        }
        if (replybox && (commentId !== replyParent)) {
          document.getElementById(domId).insertBefore(replybox, null);
          replybox.src = replyUrlParts[0]
              + (commentId ? '&parentID=' + commentId : '')
              + '#' + replyUrlParts[1];
          replyParent = commentId;
        }
      };

      var hash = (window.location.hash || '#').substring(1);
      var startThread, targetComment;
      if (/^comment-form_/.test(hash)) {
        startThread = hash.substring('comment-form_'.length);
      } else if (/^c[0-9]+$/.test(hash)) {
        targetComment = hash.substring(1);
      }

      // Configure commenting API:
      var configJso = {
        'maxDepth': config.maxThreadDepth
      };
      var provider = {
        'id': config.postId,
        'data': items,
        'loadNext': paginator,
        'hasMore': hasMore,
        'getMeta': getMeta,
        'onReply': onReply,
        'rendered': true,
        'initComment': targetComment,
        'initReplyThread': startThread,
        'config': configJso,
        'messages': msgs
      };

      var render = function() {
        if (window.goog && window.goog.comments) {
          var holder = document.getElementById('comment-holder');
          window.goog.comments.render(holder, provider);
        }
      };

      // render now, or queue to render when library loads:
      if (window.goog && window.goog.comments) {
        render();
      } else {
        window.goog = window.goog || {};
        window.goog.comments = window.goog.comments || {};
        window.goog.comments.loadQueue = window.goog.comments.loadQueue || [];
        window.goog.comments.loadQueue.push(render);
      }
    })();
// ]]>
  </script>
</b:includable>
                        <b:includable id='threaded_comments' var='post'>
  <div class='comments' id='comments'>
    <a name='comments'/>
    <h4><data:post.commentLabelFull/>:</h4>

    <div class='comments-content'>
      <b:if cond='data:post.embedCommentForm'>
        <b:include data='post' name='threaded_comment_js'/>
      </b:if>
      <div id='comment-holder'>
         <data:post.commentHtml/>
      </div>
    </div>

    <p class='comment-footer'>
      <b:if cond='data:post.allowNewComments'>
        <b:include data='post' name='threaded-comment-form'/>
      <b:else/>
        <data:post.noNewCommentsText/>
      </b:if>
    </p>

    <b:if cond='data:showCmtPopup'>
      <div id='comment-popup'>
        <iframe allowtransparency='true' frameborder='0' id='comment-actions' name='comment-actions' scrolling='no'>
        </iframe>
      </div>
    </b:if>

    <div id='backlinks-container'>
    <div expr:id='data:widget.instanceId + &quot;_backlinks-container&quot;'>
       <b:if cond='data:post.showBacklinks'>
         <b:include data='post' name='backlinks'/>
       </b:if>
    </div>
    </div>
  </div>
</b:includable>
                      </b:widget>
                    </b:section>

            </div><!-- /main-wrapper -->

                   <div class='sidebar-wrapper'>
                     <b:section class='sidebar' id='sidebar' showaddelement='yes'>
                       <b:widget id='HTML1' locked='true' title='Search' type='HTML'>
                         <b:includable id='main'>
<form action='/search' id='searchform' method='get'>
  <input class='field' id='s' name='q' placeholder='Search this site' type='text'/>
	</form>
</b:includable>
                       </b:widget>
                     </b:section>

                </div><!-- /sidebar-wrapper -->
<div class='clr'/>
            </div><!-- /wc-wrapper -->
            </div><!-- /outer-wrapper -->

<div id='footer'>
    <div class='wc-wrapper'>

<b:section class='footer' id='footer1' preferred='yes'/>

<b:section class='footer' id='footer2' preferred='yes'/>

<b:section class='footer' id='footer3' preferred='yes'/>

<b:section class='footer' id='footer4' preferred='yes'/>

    <div class='clr'/>

            </div><!-- /wc-wrapper -->
</div><!-- footer -->



<!-- copyright section -->
<div class='copyright'>
<div class='wc-wrapper'>


&#169; 
        <a expr:href='data:blog.homepageUrl'>
          <strong>
            <data:blog.title/>
          </strong>
        </a>
        2014 || Powered By <a href='http://gooyaabitemplates.com/' rel='dofollow' target='_blank' title='Blogger'>Blogger</a>

| <a href='http://gooyaabitemplates.com/' rel='dofollow' target='_blank' title='Blogger Templates'>Blogger Templates</a>

        || Designed by - 
        <a href='http://dapinder.com/' id='mycredits' rel='nofollow' title='Dapinder'>
          Dapinder
        </a>                                    

</div>
</div>





<script>//<![CDATA[
$(function() {
    //caches a jQuery object containing the header element
    var header = $(".header-wrapper");
    $(window).scroll(function() {
        var scroll = $(window).scrollTop();

        if (scroll >= header.height()) {
            header.addClass("sticky-header");
        } else {
            header.removeClass("sticky-header");
        }
    });
		
	});

//]]>
</script>

<b:include data='blog' name='google-analytics'/>
</body>
</html>