<?xml version="1.0" encoding="UTF-8" ?>
<!DOCTYPE html PUBLIC "-//W3C//DTD XHTML 1.0 Strict//ES" "http://www.w3.org/TR/xhtml1/DTD/xhtml1-strict.dtd">
<html xmlns='http://www.w3.org/1999/xhtml' xmlns:b='http://www.google.com/2005/gml/b' xmlns:data='http://www.google.com/2005/gml/data' xmlns:expr='http://www.google.com/2005/gml/expr'>
  <head>
<script src='http://sites.google.com/site/bthemenet/jquery.min.js' type='text/javascript'/>
  
<script src='http://sites.google.com/site/bthemenet/superfish.js' type='text/javascript'/> 

<script src='http://sites.google.com/site/bthemenet/jquery.lazyload.mini.js' type='text/javascript'/>

<script src='http://sites.google.com/site/bthemenet/theme-script.js' type='text/javascript'/>

    <b:include data='blog' name='all-head-content'/>


<script type='text/javascript'>

//<![CDATA[
function removeHtmlTag(strx,chop){ 
	if(strx.indexOf("<")!=-1)
	{
		var s = strx.split("<"); 
		for(var i=0;i<s.length;i++){ 
			if(s[i].indexOf(">")!=-1){ 
				s[i] = s[i].substring(s[i].indexOf(">")+1,s[i].length); 
			} 
		} 
		strx =  s.join(""); 
	}
	chop = (chop < strx.length-1) ? chop : strx.length-2; 
	while(strx.charAt(chop-1)!=' ' && strx.indexOf(' ',chop)!=-1) chop++; 
	strx = strx.substring(0,chop-1); 
	return strx+'...'; 
}

function createSummaryAndThumb(pID){
	var div = document.getElementById(pID);
	var imgtag = "";
	var img = div.getElementsByTagName("img");
	var summ = summary_noimg;
	if(img.length>=1) {	
		imgtag = '<div class="thumbnail"><img src="'+img[0].src+'" width="'+img_thumb_width+'px" height="'+img_thumb_height+'px"/></div>';
		summ = summary_img;
	}
	
	if(img.length<1) {	
		imgtag = '<div class="thumbnail"><img src="http://4.bp.blogspot.com/_0s-GnnHKfng/TFG8RLxcXiI/AAAAAAAAAHQ/ZrAp7L9OBP4/s1600/ni.jpg" width="125px" height="125px"/></div>';
		summ = summary_img;
	}
	
	var summary = imgtag + '<div style="padding-top:14px;padding-right:10px;">' + removeHtmlTag(div.innerHTML,summ) + '</div>';
	div.innerHTML = summary;
}




//]]>

</script>

    <title><data:blog.pageTitle/></title>
    <b:skin><![CDATA[/*
-----------------------------------------------
      Blogger Template 
-----------------------------------------------
Name           : Alessa Blogger Template
Converted by   : Kumar
Converters URI : http://www.bloggertheme.net/

License:  This free Blogger template is licensed under the Creative Commons Attribution 3.0 License, which permits both personal and commercial use.
However, to satisfy the 'attribution' clause of the license, you are required to keep the footer links intact which provides due credit to its authors. For more specific details about the license, you may visit the URL below:
http://creativecommons.org/licenses/by/3.0/

-----------------------------------------------
WP.Author Name : Camelgraph.com
WP.Author URI  : http://camelgraph.com/
----------------------------------------------- */

#navbar-iframe {
   height:0px;
   visibility:hidden;
   display:none;
}
/*** ESSENTIAL STYLES ***/
.sf-menu,.sf-menu *{list-style:none;margin:0;padding:0;}
.sf-menu {line-height:1.0;float:left;}
.sf-menu ul {position:absolute;top:-999em;width:10em;}
.sf-menu ul li {width:100%;}
.sf-menu li:hover {visibility:inherit;}
.sf-menu li {float:left;position:relative;background:transparent;}
.sf-menu a {display:block;position:relative;text-decoration:none;padding:.75em 1em;}

.sf-menu li:hover ul, 
.sf-menu li.sfHover ul {left:0;top:3.6em;z-index:99;}

.sf-menu a {color:#13a;}
.sf-menu li li, .sf-menu li li li{background:#19262E;border:1px solid #21323C;border-top:none;}
.sf-menu li:hover,.sf-menu li.sfHover,.sf-menu a:hover{background:#283942;outline:0;}
.sf-menu a:focus{outline:0;}
.sf-menu a.sf-with-ul{padding-right:2.25em;min-width:1px;}

.sf-sub-indicator{position:absolute;display:block;right:.75em;top:1.05em;width:10px;height:10px;text-indent:-999em;
overflow:hidden;background:url(http://3.bp.blogspot.com/_0s-GnnHKfng/TFG4fLSThfI/AAAAAAAAAHA/hwhgNMVEjgw/s1600/arrows-white.png) no-repeat -10px -100px;}
a > .sf-sub-indicator{top:.8em;background-position:0 -100px;}
a:focus > .sf-sub-indicator,a:hover > .sf-sub-indicator,a:active > .sf-sub-indicator,li:hover > a > .sf-sub-indicator,li.sfHover > a > .sf-sub-indicator{background-position:-10px -100px;}
.sf-menu ul a > .sf-sub-indicator{background-position:0 0;}
.sf-shadow ul{background:url(shadow.png) no-repeat bottom right;-moz-border-radius-bottomleft:17px;-moz-border-radius-topright:17px;-webkit-border-top-right-radius:17px;-webkit-border-bottom-left-radius:17px;padding:0 8px 9px 0;}
.sf-shadow ul.sf-shadow-off{background:transparent;}
ul.sf-menu li:hover li ul,ul.sf-menu li.sfHover li ul,ul.sf-menu li li:hover li ul,ul.sf-menu li li.sfHover li ul{top:-999em;}
ul.sf-menu li li:hover ul,ul.sf-menu li li.sfHover ul,ul.sf-menu li li li:hover ul,ul.sf-menu li li li.sfHover ul{left:10em;top:0;}
.sf-menu ul .sf-sub-indicator,.sf-menu ul a:focus > .sf-sub-indicator,.sf-menu ul a:hover > .sf-sub-indicator,.sf-menu ul a:active > .sf-sub-indicator,.sf-menu ul li:hover > a > .sf-sub-indicator,.sf-menu ul li.sfHover > a > .sf-sub-indicator{background-position:-10px 0;}

* html img,
* html .png {
position:relative;
behavior: expression((this.runtimeStyle.behavior="none")&&(this.pngSet?this.pngSet=true:(this.nodeName == "IMG" && this.src.toLowerCase().indexOf('.png')>-1?(this.runtimeStyle.backgroundImage = "none",
this.runtimeStyle.filter = "progid:DXImageTransform.Microsoft.AlphaImageLoader(src='" + this.src + "', sizingMethod='image')",
this.src = "transparent.gif"):(this.origBg = this.origBg? this.origBg :this.currentStyle.backgroundImage.toString().replace('url("','').replace('")',''),
this.runtimeStyle.filter = "progid:DXImageTransform.Microsoft.AlphaImageLoader(src='" + this.origBg + "', sizingMethod='crop')",
this.runtimeStyle.backgroundImage = "none")),this.pngSet=true)
);
}


/*------------------------------------------------------------	
	CSS RESET [DO NOT MODIFIED]					
	http://meyerweb.com/eric/tools/css/reset/ 			
	v1.0 | 20080212 								
---------------------------------------------------------------*/

html, body, div, span, applet, object, iframe,
h1, h2, h3, h4, h5, h6, p, blockquote, pre,
a, abbr, acronym, address, big, cite, code,
del, dfn, em, font, img, ins, kbd, q, s, samp,
small, strike, strong, sub, sup, tt, var,
b, u, i, center,
dl, dt, dd, ol, ul, li,
fieldset, form, label, legend,
table, caption, tbody, tfoot, thead, tr, th, td {
margin: 0; padding: 0; border: 0; outline: 0; font-size: 100%;
vertical-align: baseline; background: transparent;
}body { line-height: 1; }
ol, ul { list-style: none; }
blockquote, q {	quotes: none; }

blockquote:before, blockquote:after,q:before, q:after { content: ''; content: none; }

/* remember to define focus styles! */
:focus { outline: 0; }

/* remember to highlight inserts somehow! */
ins { text-decoration: none; }
del { text-decoration: line-through; }

/* tables still need 'cellspacing="0"' in the markup */
table { border-collapse: collapse; border-spacing: 0; }

/*-------BASICSTYLES------------*/

body {
font-family:Segoe UI, Arial, Verdana, sans-serif;
background:#101B22 url(http://2.bp.blogspot.com/_0ncb0g2iwsc/TFV4yVHZpCI/AAAAAAAAA_U/97WltqQDG4k/s1600/body-bg.jpg) repeat-x ;
font-size:12px;
color:#fff;
line-height:1.1em;
text-shadow:1px 1px 1px #000;
}

a {color:#fff;text-decoration:none}
a:hover {color:#6C8A9B}
p {margin:0 0 10px 0}
 

h1, h2, h3, h4, h5, h6 {color:#fff;line-height:1.3em;letter-spacing:-1px;text-shadow:1px 1px 1px #000;font-family:"Myriad Pro","Myriad Web",Myriad,"Segoe UI",Calibri,Arial,sans-serif}
h1 {font-size: 22pt}
h2 {font-size: 18pt;}
h3 {font-size: 16pt;}
h4 {font-size: 14pt;}
h5{font-size: 12pt;}
h6 {font-size: 10pt;}

img.aligncenter {margin: 0 auto;display: block;}
img.alignleft {float: left;margin: 5px 10px 0 0;display: inline;}
img.alignright {float: right;display: inline;margin: 5px 0 0 10px;}
.alignleft{float:left;margin-right:8px;}
.alignright{float:right;margin-left:8px;}
	
.wp-caption {border: 1px solid #ddd;text-align: center;
background-color: #f3f3f3;padding-top: 4px;margin: 10px;
-moz-border-radius: 3px;-khtml-border-radius: 3px;
-webkit-border-radius: 3px;border-radius: 3px;}
.wp-caption p.wp-caption-text {font-size: 11px;line-height: 17px;padding: 0 4px 5px;margin: 0;}
.widget_tag_cloud  {line-height:1.2em}
.recentcomments a{}
.italic {font-style:italic}
.clearfix:after {visibility: hidden;display: block;font-size: 0;content: " ";clear: both;height: 0;}
* html .clearfix   { zoom: 1; } /* IE6 */
*:first-child+html .clearfix { zoom: 1; } /* IE7 */

 ul {list-style: square;margin: 0 0 18px 1.5em;}
ol {list-style: decimal;margin: 0 0 18px 1.5em;}
ol ol {list-style:upper-alpha;}
ol ol ol {list-style:lower-roman;}
ol ol ol ol {list-style:lower-alpha;}
ul ul,ol ol,ul ol,ol ul {margin-bottom:0;}

dl {margin:0 0 24px 0;}
dt {font-weight: bold;}
dd {margin-bottom: 18px;}

strong {font-weight: bold;}
cite,em,i {font-style: italic;}
big {font-size: 131.25%;}
ins {background: #FFFFCC;}

blockquote {font-style: italic;padding: 1em 2em;background: #39505E;}
pre {background: #f7f7f7;color: #222;line-height: 18px;margin-bottom: 18px;padding: 1.5em;}

abbr,acronym {border-bottom: 1px dotted #666;cursor: help;}
ins {text-decoration: none;}
sup,sub {height: 0;line-height: 1;vertical-align: baseline;position: relative;}

sup {bottom: 1ex;}
sub {top: .5ex;}

input[type="text"],textarea {padding: 2px;background: #f9f9f9;border: 1px solid #ccc; resize: none;
	box-shadow: inset 1px 1px 1px rgba(0,0,0,0.1);
	-moz-box-shadow: inset 1px 1px 1px rgba(0,0,0,0.1);
	-webkit-box-shadow: inset 1px 1px 1px rgba(0,0,0,0.1);
}


/*----------------MAIN LAYOUT STRUCTURE-------------------*/

#wrap{width:960px;margin:0px auto; }

/*---------------------------------------
	HEADER AREA		           
-----------------------------------------*/

#header {width:960px;height:160px;margin:0 0 10px 0;}
#logo {float:left;margin:15px;font-size:36px}
#top-ads{float:right;margin:40px}

/* --------- Top Navigation -------*/
#primary-nav {height:40px;margin:0 0 20px 0}
#primary-nav ul {height:50px;}
#primary-nav ul li {font-weight:bold;font-size:12px;border-right:1px solid #21323C;}

#primary-nav ul li a {
text-shadow:2px 1px 2px #000;
text-transform:uppercase;
margin:5px 5px 5px 0;
text-decoration:none;
color:#fff;
}
#primary-nav ul li a:hover {color:#58879F;text-shadow:1px 1px 1px #000}


#content-wrap {margin:30px 0 30px 0;background:#19262E;padding:0 0 30px 0;
	-moz-box-shadow:-2px -2px 9px #000;
	box-shadow: -2px -2px 9px #000;
	-webkit-box-shadow: -2px -2px 9px #000;
}
#content {float:left;width:620px;margin:0 20px 0 15px}

#sidebar {float:right;width:280px;margin: 10px;padding-bottom:20px;}

/*-----Page Template---------*/
h2.page-title {margin:10px 0}
.full-width-content {float:left;width:920px;padding:10px 20px 20px;}

.error{height:300px;padding:20px !important;font-size:1.4em;line-height:1.4em}
.error h2{margin:0 0 20px 0}
.error a {border-bottom:1px dashed;color:#74CDF9}
.error a:hover {color:#F38619}

.sitemap {padding:15px;line-height:1.4em;font-size:1.2em;}
.sitemap ul{list-style-type:none}
.sitemap ul li{background:url(http://2.bp.blogspot.com/_0ncb0g2iwsc/TFV4y5dfj7I/AAAAAAAAA_c/jtt3wMgKTY8/s1600/bullet.png) no-repeat scroll 0 4px transparent;padding-left:20px}
.sitemap h2{margin:0 0 15px 0}
.sitemap-sidebar {width:320px;float:left;padding:10px}
.sitemap-main{float:left;width:560px;padding:10px}

#home-post-loop {float:left;margin:10px 0;
	-moz-box-shadow:2px -2px 9px #000;
	box-shadow: 2px -2px 9px #000;
	-webkit-box-shadow: 2px -2px 9px #000;
}


.post-home {float:left;width:600px;background:#19262e ;margin:10px 0 10px 0;padding: 0 0 15px 0 }
.post-home h2 {margin:10px 0 0 30px;font-weight:bold;}
.post-home li {margin-left:40px;}
.post-home ul,ol {margin-top:10px;margin-bottom:10px}
.single{margin-left: 10px}
.post-head{float:left;display:inline;}
.inside{height:50px}

.posttitle  {font-size:18px; color:#fff;text-decoration:none;}
.posttitle a:hover {color:#6C8A9B}
.date {font-size:10px;margin-left:30px;display: inline;float:left;} 
.date a {color:#74CDF9;text-decoration:none;font-weight:bold} 
.date a:hover {color:#E09061;} 
.thumbnail {float:left;display: inline;margin:15px 10px 10px 20px ;width:125px;height:125px}

.post-body{
float:left;width:578px;padding:20px 20px 40px 10px;margin:0 0 20px 0;background: url(http://3.bp.blogspot.com/_0ncb0g2iwsc/TFV5T1VsP-I/AAAAAAAABBQ/-g6XaaQbRLQ/s1600/post-bg.png) no-repeat bottom center
}

.entryhome {font-size:13px;width:350px;float:left;display: inline;margin-top:15px;padding:0 0 20px 0}
.entryhome a {color:#E67A07}
.entryhome a:hover {color:#E67A07}

.postnav{float:left;display:inline;color:#999;margin:20px 20px 20px 190px;}
.postnav a{border:#ddd 1px solid;background-color:#fff;padding:3px 6px;text-decoration:none;font-size:11px;color:#999}
.postnav a:hover{border:#E67A07 1px solid;background-color:#E67A07;color:#fff;}
.postnav .page{margin:0;padding:0;background:none;display:inline;}
.postnav span.current{border:#DDDDDD 1px solid;color:#fff;padding:3px 6px;text-decoration:none;background-color:#E67A07;}


/*---------Single-Page-------------*/


.single-entry {font-size:13px;width:560px;float:left;display: inline;margin-top:15px;padding:0 0 20px 20px}
.single-entry a {color:#E67A07}
.single-entry a:hover {color:#E67A07}

.postnav-inside{float:left;display:inline;width:570px;color:#999;margin:0;}
.postnav-inside a{border:#ddd 1px solid;background-color:#fff;padding:3px 6px;text-decoration:none;font-size:11px;color:#999}
.postnav-inside a:hover{border:#E67A07 1px solid;background-color:#E67A07;color:#fff;}
.postnav-inside .page{margin:0;padding:0;background:none;display:inline;}
.postnav-inside span.current{border:#DDDDDD 1px solid;color:#fff;padding:3px 6px;text-decoration:none;background-color:#E67A07;}

.comment-nav{float:left;display:inline;color:#999;margin:0;}
.comment-nav a{border:#ddd 1px solid;background-color:#fff;padding:3px 6px;text-decoration:none;font-size:11px;color:#999}
.comment-nav a:hover{border:#E67A07 1px solid;background-color:#E67A07;color:#fff;}
.comment-nav .page{margin:0;padding:0;background:none;display:inline;}
.comment-nav span.current{border:#DDDDDD 1px solid;color:#fff;padding:3px 6px;text-decoration:none;background-color:#E67A07;}



/*-----Author Box------*/
#author-box{float:left;padding:10px;width:578px;background:#385262;margin:0 0 0 -30px;position:relative;color:#fff;
	-moz-box-shadow:3px 3px 9px #000;
	box-shadow: 3px 3px 9px #000;
	-webkit-box-shadow:3px 3px 9px #000;
	z-index: 100; /* the stack order: foreground */ }

#author-box a{color:#A9D4ED}	
#author-box a:hover {color:#53ACDF}	
#author-box h4 {color:#fff;}	

.author-corner{background:url(http://3.bp.blogspot.com/_0ncb0g2iwsc/TFV5JS7msVI/AAAAAAAABAQ/wG1DDeKv6xU/s1600/corner.png) no-repeat left top; bottom:-13px;height:12px;left:2px;position:absolute;width:12px;}
.author-avatar{float:left;margin:0 20px 0 0}
.author-avatar img {border: 3px solid #fff}
.author-text{float:left;width:450px}
.author-text p{line-height:2em}

/*-----Related Posts-----*/
#related-post {float:left;margin:20px 0 0 10px;width:570px}
#related-post h3{margin:0 0 20px 0}
.related-item {float:left;height:80px;width:50%;}
.related-thumb {float:left}
.related-info {float:left;margin-left:15px;width:150px;}
.related-info h3{font-size:14px;margin:0 !important;text-shadow:0 !important;letter-spacing:0}

/*--------------Social Bookmarking Button --------------------*/
.socialbar {float:left;margin:30px 0 10px 0s; height:35px;border:1px #A0B4C3 dashed;padding:10px;width:530px;line-height:1.7em;text-align:center;}
.twitter-button {background: url(http://3.bp.blogspot.com/_0ncb0g2iwsc/TFXAtSRm7CI/AAAAAAAABEI/xHa2qrnDaNU/s1600/twitter-button.png) no-repeat top left;padding: 0 0 0 20px;margin:0 10px 0 0}
.facebook-button {background: url(http://3.bp.blogspot.com/_0ncb0g2iwsc/TFXAgf5G8QI/AAAAAAAABDY/wOLx7WRAFo8/s1600/facebook-button.png) no-repeat top left;padding: 0 0 0 20px;margin:0 10px 0 0}
.digg-button {background: url(http://4.bp.blogspot.com/_0ncb0g2iwsc/TFXAfB4UV9I/AAAAAAAABDA/0oT0951QDvE/s1600/digg-button.png) no-repeat top left;padding: 0 0 0 20px;margin:0 10px 0 0}
.delicious-button {background: url(http://2.bp.blogspot.com/_0ncb0g2iwsc/TFXAe7TDsHI/AAAAAAAABC4/dX2QiJHorMg/s1600/delicious-button.png) no-repeat top left;padding: 0 0 0 20px;margin:0 10px 0 0}
.stumble-button {background: url(http://1.bp.blogspot.com/_0ncb0g2iwsc/TFXAoXIkpoI/AAAAAAAABEA/EcHyrycuDe4/s1600/stumble-button.png) no-repeat top left;padding: 0 0 0 20px;margin:0 10px 0 0}
.rss-button {background: url(http://3.bp.blogspot.com/_0ncb0g2iwsc/TFXAnjxVdDI/AAAAAAAABDw/Q4wsUVnGbN4/s1600/rss-button.png) no-repeat top left;padding: 0 0 0 20px;margin:0 10px 0 0}
.email-button {background: url(http://2.bp.blogspot.com/_0ncb0g2iwsc/TFXAfqagMNI/AAAAAAAABDI/u848E3jDv3w/s1600/email-button.png) no-repeat top left;padding: 0 0 0 20px;margin:0 10px 0 0}
.link-button {background: url(http://3.bp.blogspot.com/_0ncb0g2iwsc/TFXAnFsPXCI/AAAAAAAABDo/acPysZkj1cw/s1600/link-button.png) no-repeat top left;padding: 0 0 0 20px;margin:0 10px 0 0}


/* Right Sidebar area */
/*--------Search Form -------*/
#searchform {margin:10px}
form#searchform input[type="text"] {width:140px;height:30px;color:#5f6466;padding-left:5px}

input#searchsubmit {color:#fff; background:url(http://2.bp.blogspot.com/_0ncb0g2iwsc/TFV5cZcR2XI/AAAAAAAABBo/WZ9yTGlM73s/s1600/search.png) no-repeat  0 0;border:none;width:48px;height:48px;text-indent:-9999px;display:inline-block}
input#searchsubmit:hover {background:url(http://2.bp.blogspot.com/_0ncb0g2iwsc/TFV5cZcR2XI/AAAAAAAABBo/WZ9yTGlM73s/s1600/search.png) no-repeat  0 -48px}

/*-----Social Widget-----*/
#social-widget {width: 260px;margin:10px 0;padding:10px;text-shadow:1px 1px 1px #000}
div#social-widget input[type="text"] {width:120px;color:#5f6466}
#social-widget h3 {margin:0 15px 20px 0;color:#fff}

.rss-com {background: url(http://3.bp.blogspot.com/_0ncb0g2iwsc/TFXAn6tIl_I/AAAAAAAABD4/h6AJQbzVRKk/s1600/rss-mini.png) no-repeat top left;float:left;height:50px;width:70px;padding:5px 0 0 55px;color:#FD6B36}
.rss-com a {color:#f38e33}
.rss-com a:hover {color:#FD6B36}
.feed-count {font-size:1.4em;font-weight:bold}
#feedform{margin:10px 0 0 0}

.twitter-com {background: url(http://1.bp.blogspot.com/_0ncb0g2iwsc/TFXAt0m2pdI/AAAAAAAABEQ/tY4E2rsvsew/s1600/twitter-mini.png) no-repeat top left;float:right;height:50px;width:50px;padding:5px 0 0 55px;}
.twitter-com a:hover {color:#0B4978}
.tweet-count {font-size:1.4em;font-weight:bold}

.fb-com {background: url(http://1.bp.blogspot.com/_0ncb0g2iwsc/TFXAm846d2I/AAAAAAAABDg/LGusc5yeI64/s1600/fb-mini.png) no-repeat top left;height:50px;width:200px;margin:10px 0 0 0;padding:10px 0 0 55px;float:left;font-size:1.4em;font-weight:bold;}
.email-com {background: url(http://3.bp.blogspot.com/_0ncb0g2iwsc/TFXAf8noTdI/AAAAAAAABDQ/CT-kg6qCiXA/s1600/email-mini.png) no-repeat top left;width:200px;padding:10px 0 0 55px;float:left;font-size:1.4em;font-weight:bold;margin:0 0 10px 0;color:#58879F}
.emailsubmit {background:#58879F;cursor:pointer;color:#fff;font-family:inherit;border:none;padding:3px;text-shadow: 0 -1px 1px rgba(0,0,0,0.25);
-moz-border-radius: 6px;-webkit-border-radius:6px; border-radius:6px;
font-size:12px;}
.emailsubmit:hover {background:#285687}

/*--------Ads Block 125px -------------*/
#ads-block-125 {margin:15px 0 15px 5px;width: 270px;}
#ads-block-125 img {margin:5px 0 5px 5px;height:125px;width:125px}


.right-widget{margin:15px 15px 0;padding:10px;}

#sidebar .BlogArchive , #sidebar .Profile , #sidebar .BloggerButton , #sidebar .Subscribe , #sidebar .Label , #sidebar .NewsBar , #sidebar .Feed ,
#sidebar .TextList , #sidebar .LinkList , #sidebar .BlogList , #sidebar .Poll , #sidebar .VideoBar ,
#sidebar .Slideshow , #sidebar .Image , #sidebar .Text , #sidebar .HTML , #sidebar .CustomSearch , #sidebar .Followers , .PageList { margin:15px 15px 0;padding:10px;}






#sidebar .BlogArchive h2, #sidebar .Profile h2, #sidebar .BloggerButton h2, #sidebar .Subscribe h2, #sidebar .Label h2, #sidebar .NewsBar h2, #sidebar .Feed h2, #sidebar .TextList h2, #sidebar .LinkList h2, #sidebar .BlogList h2, #sidebar .Poll h2, #sidebar .VideoBar h2,
#sidebar .Slideshow h2, #sidebar .Image h2, #sidebar .Text h2, #sidebar .HTML h2, #sidebar .CustomSearch h2, #sidebar .Followers h2, #sidebar .PageList h2   {border-bottom:1px solid #CBCBC0;height:39px;padding:25px 0 0 0px;width:195px; font-weight:bold;width:255px;font-size:20px;text-transform:uppercase;color:#fff;margin:0 0 20px 0}



#sidebar .BlogArchive ul, #sidebar .Profile ul, #sidebar .BloggerButton ul, #sidebar .Subscribe ul, #sidebar .Label ul, #sidebar .NewsBar ul, #sidebar .Feed ul, #sidebar .TextList ul, #sidebar .LinkList ul, #sidebar .BlogList ul, #sidebar .Poll ul, #sidebar .VideoBar ul,
#sidebar .Slideshow ul, #sidebar .Image ul, #sidebar .Text ul, #sidebar .HTML ul, #sidebar .CustomSearch ul, #sidebar .Followers ul, #sidebar .PageList ul  {list-style:url(http://2.bp.blogspot.com/_0ncb0g2iwsc/TFV4y5dfj7I/AAAAAAAAA_c/jtt3wMgKTY8/s1600/bullet.png) outside;padding-left:15px;margin-left:10px;}

#sidebar .BlogArchive li, #sidebar .Profile li, #sidebar .BloggerButton li, #sidebar .Subscribe li, #sidebar .Label li, #sidebar .NewsBar li, #sidebar .Feed li, #sidebar .TextList li, #sidebar .LinkList li, #sidebar .BlogList li, #sidebar .Poll li, #sidebar .VideoBar li,
#sidebar .Slideshow li, #sidebar .Image li, #sidebar .Text li, #sidebar .HTML li, #sidebar .CustomSearch li, #sidebar .Followers li, #sidebar .PageList li {font-size:12px;line-height:14px;margin-bottom:5px}

#sidebar .BlogArchive a, #sidebar .Profile a, #sidebar .BloggerButton a, #sidebar .Subscribe a, #sidebar .Label a, #sidebar .NewsBar a, #sidebar .Feed a, #sidebar .TextList a, #sidebar .LinkList a, #sidebar .BlogList a, #sidebar .Poll a, #sidebar .VideoBar a,
#sidebar .Slideshow a, #sidebar .Image a, #sidebar .Text a, #sidebar .HTML a, #sidebar .CustomSearch a, #sidebar .Followers a, #sidebar .PageList a  {color:#fff;text-decoration:none}

#sidebar .BlogArchive a:hover, #sidebar .Profile a:hover, #sidebar .BloggerButton a:hover, #sidebar .Subscribe a:hover, #sidebar .Label a:hover, #sidebar .NewsBar a:hover, #sidebar .Feed a:hover, #sidebar .TextList a:hover, #sidebar .LinkList a:hover, #sidebar .BlogList a:hover, #sidebar .Poll a:hover, #sidebar .VideoBar a:hover,
#sidebar .Slideshow a:hover, #sidebar .Image a:hover, #sidebar .Text a:hover, #sidebar .HTML a:hover, #sidebar .CustomSearch a:hover, #sidebar .Followers a:hover, #sidebar .PageList a:hover  {color:#6C8A9B;}

h3.plus {background:url(http://1.bp.blogspot.com/_0ncb0g2iwsc/TFV5j1Pql7I/AAAAAAAABCI/34OoK0QhNts/s1600/toggle.png) no-repeat right -16px}
h3.minus {background:url(http://1.bp.blogspot.com/_0ncb0g2iwsc/TFV5j1Pql7I/AAAAAAAABCI/34OoK0QhNts/s1600/toggle.png) no-repeat right 9px}

.textwidget {padding-left:35px;text-align:justify;width:230px;}
.video-widget{width:245px;float:left;display:inline;font-size:12px;padding-bottom:10px;padding-left:30px}

/*------------------------------------------------
	Bottom AREA		    		  
--------------------------------------------------*/
#bottom-area {margin:30px 0 30px 0;background:#19262E;padding:0 0 30px 0;
	-moz-box-shadow:-2px -2px 9px #000;
	box-shadow: -2px -2px 9px #000;
	-webkit-box-shadow: -2px -2px 9px #000;}


.bottom-widget{width:215px;margin:20px 0 10px 20px;line-height:1.5em; display: -moz-inline-stack; display: inline-block; vertical-align: top;_height:250px; zoom: 1;  *display: inline;}

.bottom-widgettwo{width:215px;margin:20px 0 10px 20px;line-height:1.5em; display: -moz-inline-stack; display: inline-block; vertical-align: top;_height:250px; zoom: 1;  *display: inline;}


.bottom-widgetthree{width:215px;margin:20px 0 10px 20px;line-height:1.5em; display: -moz-inline-stack; display: inline-block; vertical-align: top;_height:250px; zoom: 1;  *display: inline;}

.bottom-widgetfour{width:215px;margin:20px 0 10px 20px;line-height:1.5em; display: -moz-inline-stack; display: inline-block; vertical-align: top;_height:250px; zoom: 1;  *display: inline;}

#bottom-widget .BlogArchive h2, #bottom-widget .Profile h2, #bottom-widget .BloggerButton h2, #bottom-widget .Subscribe h2, #bottom-widget .Label h2, #bottom-widget .NewsBar h2, #bottom-widget .Feed h2, #bottom-widget .TextList h2, #bottom-widget .LinkList h2, #bottom-widget .BlogList h2, #bottom-widget .Poll h2, #bottom-widget .VideoBar h2,
#bottom-widget .Slideshow h2, #bottom-widget .Image h2, #bottom-widget .Text h2, #bottom-widget .HTML h2, #bottom-widget .CustomSearch h2, #bottom-widget .Followers h2, #bottom-widget .PageList h2  {border-bottom:1px solid #CBCBC0;color:#fff;margin:0 20px 5px 0;padding:0 0 5px 0;}

#bottom-widgettwo .BlogArchive h2, #bottom-widgettwo .Profile h2, #bottom-widgettwo .BloggerButton h2, #bottom-widgettwo .Subscribe h2, #bottom-widgettwo .Label h2, #bottom-widgettwo .NewsBar h2, #bottom-widgettwo .Feed h2, #bottom-widgettwo .TextList h2, #bottom-widgettwo .LinkList h2, #bottom-widgettwo .BlogList h2, #bottom-widgettwo .Poll h2, #bottom-widgettwo .VideoBar h2,
#bottom-widgettwo .Slideshow h2, #bottom-widgettwo .Image h2, #bottom-widgettwo .Text h2, #bottom-widgettwo .HTML h2, #bottom-widgettwo .CustomSearch h2, #bottom-widgettwo .Followers h2, #bottom-widgettwo .PageList h2  {border-bottom:1px solid #CBCBC0;color:#fff;margin:0 20px 5px 0;padding:0 0 5px 0;}

#bottom-widgetthree .BlogArchive h2, #bottom-widgetthree .Profile h2, #bottom-widgetthree .BloggerButton h2, #bottom-widgetthree .Subscribe h2, #bottom-widgetthree .Label h2, #bottom-widgetthree .NewsBar h2, #bottom-widgetthree .Feed h2, #bottom-widgetthree .TextList h2, #bottom-widgetthree .LinkList h2, #bottom-widgetthree .BlogList h2, #bottom-widgetthree .Poll h2, #bottom-widgetthree .VideoBar h2,
#bottom-widgetthree .Slideshow h2, #bottom-widgetthree .Image h2, #bottom-widgetthree .Text h2, #bottom-widgetthree .HTML h2, #bottom-widgetthree .CustomSearch h2, #bottom-widgetthree .Followers h2, #bottom-widgetthree .PageList h2  {border-bottom:1px solid #CBCBC0;color:#fff;margin:0 20px 5px 0;padding:0 0 5px 0;}

#bottom-widgetfour .BlogArchive h2, #bottom-widgetfour .Profile h2, #bottom-widgetfour .BloggerButton h2, #bottom-widgetfour .Subscribe h2, #bottom-widgetfour .Label h2, #bottom-widgetfour .NewsBar h2, #bottom-widgetfour .Feed h2, #bottom-widgetfour .TextList h2, #bottom-widgetfour .LinkList h2, #bottom-widgetfour .BlogList h2, #bottom-widgetfour .Poll h2, #bottom-widgetfour .VideoBar h2,
#bottom-widgetfour .Slideshow h2, #bottom-widgetfour .Image h2, #bottom-widgetfour .Text h2, #bottom-widgetfour .HTML h2, #bottom-widgetfour .CustomSearch h2, #bottom-widgetfour .Followers h2, #bottom-widgetfour .PageList h2  {border-bottom:1px solid #CBCBC0;color:#fff;margin:0 20px 5px 0;padding:0 0 5px 0;}

.bottom-widget ul {list-style:url(http://2.bp.blogspot.com/_0ncb0g2iwsc/TFV4y5dfj7I/AAAAAAAAA_c/jtt3wMgKTY8/s1600/bullet.png) outside;padding-left:15px;margin-left:10px;}
.bottom-widget li {font-size:12px;line-height:14px;margin-bottom:5px}
.bottom-widget a {color:#fff;text-decoration:none}
.bottom-widget a:hover {color:#6C8A9B;}

.bottom-widgettwo ul {list-style:url(http://2.bp.blogspot.com/_0ncb0g2iwsc/TFV4y5dfj7I/AAAAAAAAA_c/jtt3wMgKTY8/s1600/bullet.png) outside;padding-left:15px;margin-left:10px;}
.bottom-widgettwo li {font-size:12px;line-height:14px;margin-bottom:5px}
.bottom-widgettwo a {color:#fff;text-decoration:none}
.bottom-widgettwo a:hover {color:#6C8A9B;}

.bottom-widgetthree ul {list-style:url(http://2.bp.blogspot.com/_0ncb0g2iwsc/TFV4y5dfj7I/AAAAAAAAA_c/jtt3wMgKTY8/s1600/bullet.png) outside;padding-left:15px;margin-left:10px;}
.bottom-widgetthree li {font-size:12px;line-height:14px;margin-bottom:5px}
.bottom-widgetthree a {color:#fff;text-decoration:none}
.bottom-widgetthree a:hover {color:#6C8A9B;}

.bottom-widgetfour ul {list-style:url(http://2.bp.blogspot.com/_0ncb0g2iwsc/TFV4y5dfj7I/AAAAAAAAA_c/jtt3wMgKTY8/s1600/bullet.png) outside;padding-left:15px;margin-left:10px;}
.bottom-widgetfour li {font-size:12px;line-height:14px;margin-bottom:5px}
.bottom-widgetfour a {color:#fff;text-decoration:none}
.bottom-widgetfour a:hover {color:#6C8A9B;}

/*------------------------------------------------	
	SLIDESHOW AREA		
--------------------------------------------------*/

#slideshow {width:960px;background:#233444;border:1px solid #677C87; 
	-moz-box-shadow:-2px -2px 9px #000;
	box-shadow: -2px -2px 9px #000;
	-webkit-box-shadow: -2px -2px 9px #000;}

#slider{float:left;margin:20px 20px 10px 30px}
.featured-post{width:900px}
.slider-image{width:400px;height:250px;float:left;padding:5px;border:1px solid #6C8A9B}
.slider-post{width:470px;margin:0 0 0 15px;float:left;font-size:110% !important;line-height:1.8em}

.slider-post-meta {background:none repeat scroll 0 0 #19262E;color:#fff;font-size:11px;margin:5px 0 15px;padding:5px;line-height:1.2em}
.slider-post-meta a {color:#4C7791;font-style:normal}
.slider-post-meta a:hover {color:#F9D7A4}

#slider-nav {float:left;padding-left:440px;margin:0 0 20px}
#slider-nav a {background: url(http://4.bp.blogspot.com/_0ncb0g2iwsc/TFV4zrZeUCI/AAAAAAAAA_0/scEx1qtYXTY/s1600/control-1.png) no-repeat;display:block;float:left;height:14px;margin-right:4px;text-indent:-9999px;width:15px;}
div#slider-nav a.activeSlide {background: url(http://3.bp.blogspot.com/_0ncb0g2iwsc/TFV5I508U_I/AAAAAAAABAI/Tszdxf_XPCA/s1600/control-2.png) no-repeat;}

.slider-arrow{position:relative}
span#prev, span#next{display:block;height:23px;position:absolute;text-indent:-9999px;top:140px;width:13px;}
span#prev {background: url(http://4.bp.blogspot.com/_0ncb0g2iwsc/TFV5b19FhOI/AAAAAAAABBY/7Iy8tQlOYu4/s1600/prev.png) no-repeat;left:10px }
span#next {background: url(http://3.bp.blogspot.com/_0ncb0g2iwsc/TFV5SzrY9DI/AAAAAAAABAw/Fh9hoV_9AoA/s1600/next.png) no-repeat ;right:5px}

a.readmore span {display:block;height:34px;padding:0 5px 0 10px;}
.readmore{
background:#58879F;display:block;float:right;height:34px;line-height:34px;margin:8px 10px 0 0;padding-right:9px;
-moz-border-radius:10px;-khtml-border-radius: 10px;-webkit-border-radius: 10px;border-radius: 10px; 	
}.readmore:hover{
background:#285687;text-shadow:1px 1px 1px #357BC5;color:#fff

			


/*------------Bottom-part Layout-----------*/
#top-footer{height:30px;background:transparent url(http://4.bp.blogspot.com/_0s-GnnHKfng/TFGHZipa2LI/AAAAAAAAAEo/ypbD0FfwJPI/s1600/top-container.png) repeat-y scroll center top }
#footer {border:1px solid #DDDDDD outside;background:#19262E;margin:0 0 10px 0;padding:0 0 40px 0;
	-moz-box-shadow:-2px -2px 9px #000;
	box-shadow: -2px -2px 9px #000;
	-webkit-box-shadow: -2px -2px 9px #000;}
#bottom-footer {height:49px;background:transparent url(http://3.bp.blogspot.com/_0s-GnnHKfng/TFGGJjn1vmI/AAAAAAAAACQ/bVwYlJ7_DLo/s1600/bottom-container.png) no-repeat scroll center top ;padding:90px 0 0 0}
#bottombar {border:1px solid #DDDDDD outside;background:#19262E;margin:0 0 10px 0;padding:0 0 40px 0;
	-moz-box-shadow:-2px -2px 9px #000;
	box-shadow: -2px -2px 9px #000;
	-webkit-box-shadow: -2px -2px 9px #000;}




/*------------------------------------------------
	COMMENT AREA		   		
--------------------------------------------------*/

/* TABS FOR COMMENTS AND TRACKBACKS */

ul.tabs {margin: 0;padding: 0;list-style: none;height: 32px; background: url(http://2.bp.blogspot.com/_0ncb0g2iwsc/TFV5k-hv19I/AAAAAAAABCg/5sl9W4qqy-A/s1600/user-comment.png) no-repeat top left;padding: 10px 0 0 30px !important;height:32px}
ul.tabs li {float: left;margin: 0;padding: 0;height: 31px; line-height: 31px; margin-bottom: -1px;overflow: hidden;position: relative;color }
ul.tabs li a {text-decoration: none;display: block;font-size: 1.2em;padding: 0 20px;outline: none;color:#A0B4C3}
ul.tabs li a:hover {color:#7EB2D9}
html ul.tabs li.active, html ul.tabs li.active a:hover  {}
html ul.tabs li.active a {color:#fff;}

.tabs-container {overflow: hidden;clear: both;width: 100%;margin:0 0 20px 0;}
#trackbacks-tab{padding:10px}

#comments {float:left;padding:10px;width:578px;margin:30px 0 0 0}
#comments h4{display:inline;font-size:14px}
#commentform textarea  {width:95%}
#commentform label{width: 100px;float:left;display: inline-block;}

#respond {margin:0 10px 0 10px;padding:10px;}
#respond h4{margin:0 0 10px 0 ;font-size:14pt}
#respond ol{margin:0px;padding:0px}
#respond li { list-style: none;margin:15px 0 15px 10px }
#respond input[type="text"] {height:1.5em}

#pings a{font-size:10px} 
#pings {font-size:10px;float:left} 
#pings ol {list-style:disc outside none} 

.cancel {margin:0 0 20px 0}
.reply {margin: 0 10px 10px 0; text-align:right;float:right;}
.edit-comment a{color:#E73A1F;font-size:10px;}
.edit-comment a:hover{color:red}
.nocomments {padding:10px;text-shadow:1px 1px 1px #000;font-size:1.2em;font-weight:bold}
.comment-reply-link {background: url(http://2.bp.blogspot.com/_0ncb0g2iwsc/TFV5cNIqc6I/AAAAAAAABBg/kOOoxjBSEgg/s1600/reply.png) no-repeat;padding:0 0 0 25px;display:block;line-height:20px;}
.comment-reply-link:hover{background: url(http://2.bp.blogspot.com/_0ncb0g2iwsc/TFV5cNIqc6I/AAAAAAAABBg/kOOoxjBSEgg/s1600/reply.png) no-repeat scroll 0 -20px transparent}
.comment-reply-link a:hover{color:#74CDF9}

.commentlist {list-style-type:none;margin:20px 0 18px}
.comment-author-admin {background:#FDF9EE}
.commentsubmit {background:#3F5E70;color:#fff;font-family:inherit;border:none;padding:5px;text-shadow: 0 -1px 1px #000;
-moz-border-radius: 6px;-khtml-border-radius: 6px;-webkit-border-radius: 6px;border-radius: 6px;}
.commentsubmit:hover {background:#78A8C5}

div#comments .children{list-style-type:none;width:90%;margin:20px 0 0 20px !important;clear:both}
.comment {margin-bottom:15px;border:1px solid #39505E;padding:0 0 10px 0;}
.even{background:#152128}
.avatar {float:left;border:5px solid #39505E}
.comment div.commenter{margin:20px 0;background:#39505E;padding:10px}
.comment-text{padding:10px;font-size:1.1em;line-height:1.2em;}
.comment-meta {float:left;margin:0 0 0 20px;line-height:2em;}
.fn{display:block;font-size:24px;font-style:normal;}

.bypostauthor {background:#243A48} 

.pagination {float:left;display:inline;color:#484848;margin:20px;line-height:30px}
.pagination a{border:#2D424E1px solid;background-color:#2D424E;padding:3px 6px;text-decoration:none;font-size:11px;color:#fff}
.pagination a:hover{background-color:#385262;border:#385262 1px solid;color:#fff;text-shadow: 0 0 0}
.pagination span.current {margin:0 2px;border:#385262 1px solid;background-color:#385262;color:#fff;padding:3px 6px;text-decoration:none;}

/*Breadcrumbs Navigation*/
.breadcrumb {float:left;width:600px;margin:10px;background: url(http://4.bp.blogspot.com/_0ncb0g2iwsc/TFV5Jjt2urI/AAAAAAAABAY/nZ7KB_E2C2U/s1600/home.png) no-repeat scroll 0 0 transparent}
.breadcrumbs li { list-style-type: none;float: left; margin: 0 0.5em 0 0;}
.breadcrumbs li a {color:#fff}
.breadcrumbs li a:hover {color:#6C8A9B}
.breadcrumbs li:before {content: "» ";}
.breadcrumbs .front_page:before {content: none;}




.post-icons {
display:none;
}

.date-header {
display:none;
}

.widget-item-control {
display:none;
}

.feed-links {
display:none;
}

.photo {
width:45px;
height:45px;
}

.status-msg-wrap {
display:none;
}

.status-msg-body {
display:none;
}


.showpageArea a {
text-decoration:underline;
background: #ffffff;
padding: 10px 10px 10px 10px;

}
.showpageNum a {
text-decoration:none;
border: 1px solid #cccccc;
border-top: 1px solid #cccccc;

margin:0 3px;
padding:3px;
}
.showpageNum a:hover {
border: 1px solid #cccccc;
background-color:#cccccc;
}
.showpagePoint {
color:#333;
text-decoration:none;
border: 1px solid #cccccc;
background: #cccccc;
margin:0 3px;
padding:3px;
}
.showpageOf {
text-decoration:none;
padding:3px;
margin: 0 3px 0 0;
}
.showpage a {
text-decoration:none;
border: 1px solid #cccccc;
padding:3px;
}
.showpage a:hover {
text-decoration:none;
}
.showpageNum a:link,.showpage a:link {
text-decoration:none;
color:#333333;
}
.quickedit{display:none;}

]]></b:skin>
<script src='http://sites.google.com/site/bthemenet/jquery.cycle.all.min.js' type='text/javascript'/>
<!--[if IE 7]>
<link rel="stylesheet" type="text/css" href="http://sites.google.com/site/bthemenet/IE7.css" />
<![endif]-->

</head>

<SCRIPT type='text/javascript'> var thumbnail_mode = &quot;no-float&quot; ; summary_noimg = 500; summary_img = 470; img_thumb_height = 125; img_thumb_width = 125; </SCRIPT> 


 <body>
  
<div class='clearfix' id='wrap'>


<div class='clearfix' id='header'>
	 <h1 id='logo'><a expr:href='data:blog.homepageUrl'><img src='http://2.bp.blogspot.com/_0ncb0g2iwsc/TFV5J98_1gI/AAAAAAAABAg/2WhipXhT-eY/s1600/logo.png' title='Alessa Theme Demo'/></a></h1>

<div class='top-ads' style='padding-top:40px; text-align:right;'> 
<a href='#' title='Advertisement'> 
<img alt='top-ads' src='http://4.bp.blogspot.com/_luXdt_wa0oM/TBMvN1nb9lI/AAAAAAAAABs/VFCMBwAx3n4/s1600/ad.gif'/></a></div>



<div class='clear'/>
</div>

<div class='clearfix' id='primary-nav'>
		<ul class='sf-menu'>
			<li><a expr:href='data:blog.homepageUrl'>Home</a></li>

			
<li>
<a href='#'>About</a>
<ul>
	<li><a href='#'>Child Page1</a></li>
	<li><a href='#'>Child Page2</a></li>
</ul>
</li>

<li><a href='#'>Archives</a></li>
<li><a href='#'>Contact</a>
<ul>
	<li><a href='#'>Profiles</a></li>
</ul></li>
<li><a href='#'>Disclaimer</a></li>
<li><a href='#'>Forum</a></li>
<li><a href='#'>Subscribe</a>
<ul>
	<li><a href='#'>History</a></li>
</ul></li>


		</ul>
</div>
		<div id='top-container'/>

<script type='text/javascript'>
//Initiate Featured Content Slider  
$(&#39;#slider&#39;) .cycle({ 
	fx: &#39;fade&#39;, 
	pager:  &#39;#slider-nav&#39; ,
	speed:  300, 
	pause: true ,
	prev:    &#39;#prev&#39;,
    next:    &#39;#next&#39;
});
</script>


<div class='clearfix' id='slideshow'>
	<div id='slider'>

	
				
		<div class='featured-post clearfix'>
			<div class='slider-image'>
				<img alt='feat0' class='featured-image wp-post-image' height='250' src='http://3.bp.blogspot.com/_0ncb0g2iwsc/TFbJJdpZZJI/AAAAAAAABEw/jkHQyE4B-Sk/s1600/feat01.jpg' title='feat0' width='400'/>			</div>
	
			<div class='slider-post'>
				<h2><a href='#YOUR LINKS TO THE POSTS HERE' rel='bookmark' title='Permanent Link to Another Post with Everything In It'>Another Post with Everything In It</a></h2>
				
				<div class='slider-post-meta'>
					<span class='italic'>Posted by <a href='#YOUR LINKS HERE' title='Posts by admin'>admin</a> on September 17, 2008. <a href='#YOUR LINKS TO THE LABELS HERE' rel='category' title='View all posts in Child Category I'>Child Category I</a>, <a href='#YOUR LINKS TO THE LABELS HERE' rel='category' title='View all posts in Parent Category I'>Parent Category I</a>, <a href='#YOUR LINKS TO THE LABELS HERE' rel='category' title='View all posts in Parent Category II'>Parent Category II</a> -  <a href='#YOUR LINKS TO THE POSTS HERE' title='Comment on Another Post with Everything In It'>5 Comments</a> 					</span>	
				</div>

				<p>Lorem ipsum dolor sit amet, consectetuer adipiscing elit. Curabitur quam augue, vehicula quis, tincidunt vel, varius vitae, nulla. Sed convallis orci. Duis libero orci, pretium a, convallis quis, pellentesque a, dolor. Curabitur vitae nisi non dolor vestibulum consequat.</p>
 <a class='readmore' href='#YOUR LINKS TO THE POSTS HERE'><span>Read More</span></a>
			</div>
 
 
		</div><!-- .featured-post -->
				
		<div class='featured-post clearfix'>
			<div class='slider-image'>
				<img alt='feat2' class='featured-image wp-post-image' height='250' src='http://1.bp.blogspot.com/_0ncb0g2iwsc/TFbJJnBCdcI/AAAAAAAABE4/uuTKnh4oumo/s1600/feat21.jpg' title='feat2' width='400'/>			</div>

	
			<div class='slider-post'>
				<h2><a href='#YOUR LINKS TO THE POSTS HERE' rel='bookmark' title='Permanent Link to A Post With Everything In It'>A Post With Everything In It</a></h2>
				
				<div class='slider-post-meta'>
					<span class='italic'>Posted by <a href='#YOUR LINKS HERE' title='Posts by admin'>admin</a> on September 11, 2008. <a href='#YOUR LINKS TO THE LABELS HERE' rel='category' title='View all posts in Parent Category I'>Parent Category I</a> -  <a href='#YOUR LINKS TO THE LABELS HERE' title='Comment on A Post With Everything In It'>2 Comments</a> 					</span>	
				</div>

				<p>Lorem ipsum dolor sit amet, consectetuer adipiscing elit. Curabitur quam augue, vehicula quis, tincidunt vel, varius vitae, nulla. Sed convallis orci. Duis libero orci, pretium a, convallis quis, pellentesque a, dolor. Curabitur vitae nisi non dolor vestibulum consequat.</p>
 <a class='readmore' href='#YOUR LINKS TO THE POSTS HERE'><span>Read More</span></a>
			</div>
 
 
		</div><!-- .featured-post -->
				
		<div class='featured-post clearfix'>
			<div class='slider-image'>
				<img alt='feat3' class='featured-image wp-post-image' height='250' src='http://1.bp.blogspot.com/_0ncb0g2iwsc/TFbJKBT0SEI/AAAAAAAABFA/ccUrYPvOKnE/s1600/feat31.jpg' title='feat3' width='400'/>			</div>

	
			<div class='slider-post'>
				<h2><a href='#YOUR LINKS TO THE POSTS HERE' rel='bookmark' title='Permanent Link to Quotes Time!'>Quotes Time!</a></h2>
				
				<div class='slider-post-meta'>
					<span class='italic'>Posted by <a href='#YOUR LINKS HERE' title='Posts by admin'>admin</a> on September 11, 2008. <a href='#YOUR LINKS TO THE LABELS HERE' rel='category' title='View all posts in Parent Category I'>Parent Category I</a> -  <a href='#YOUR LINKS TO THE POSTS HERE' title='Comment on Quotes Time!'>1 Comment</a> 					</span>	
				</div>

				<p>Lorem ipsum dolor sit amet, consectetuer adipiscing elit. Curabitur quam augue, vehicula quis, tincidunt vel, varius vitae, nulla. Sed convallis orci. Duis libero orci, pretium a, convallis quis, pellentesque a, dolor. Curabitur vitae nisi non dolor vestibulum consequat. Proin vestibulum. Ut ligula. Nullam sed dolor id odio volutpat pulvinar. Integer a leo. In et eros </p>
 <a class='readmore' href='#YOUR LINKS TO THE POSTS HERE'><span>Read More</span></a>
			</div>
 
 
		</div><!-- .featured-post -->
				
		<div class='featured-post clearfix'>
			<div class='slider-image'>
				<img alt='feat4' class='featured-image wp-post-image' height='250' src='http://3.bp.blogspot.com/_0ncb0g2iwsc/TFbJKrJkYlI/AAAAAAAABFI/pS54GGPL8-U/s1600/feat41.jpg' title='feat4' width='400'/>			</div>

	
			<div class='slider-post'>
				<h2><a href='#YOUR LINKS TO THE POSTS HERE' rel='bookmark' title='Permanent Link to Another Text-Only Post'>Another Text-Only Post</a></h2>
				
				<div class='slider-post-meta'>
					<span class='italic'>Posted by <a href='#YOUR LINKS HERE' title='Posts by admin'>admin</a> on September 11, 2008. <a href='#YOUR LINKS TO THE LABELS HERE' rel='category' title='View all posts in Child Category II'>Child Category II</a>, <a href='#YOUR LINKS TO THE LABELS HERE' rel='category' title='View all posts in Grandchild Category I'>Grandchild Category I</a>, <a href='#YOUR LINKS TO THE LABELS HERE' rel='category' title='View all posts in Parent Category I'>Parent Category I</a> -  <a href='#YOUR LINKS TO THE POSTS HERE' title='Comment on Another Text-Only Post'>1 Comment</a> 					</span>	
				</div>

				<p>Lorem ipsum dolor sit amet, consectetuer adipiscing elit. Sed eleifend urna eu sapien. Quisque posuere nunc eu massa. Praesent bibendum lorem non leo. Morbi volutpat, urna eu fermentum rutrum, ligula lacus interdum mauris, ac pulvinar libero pede a enim. Etiam commodo malesuada ante. Donec nec ligula. Curabitur mollis semper diam.</p>
 <a class='readmore' href='#YOUR LINKS TO THE POSTS HERE'><span>Read More</span></a>
			</div>
 
 
		</div><!-- .featured-post -->
				
		<div class='featured-post clearfix'>
			<div class='slider-image'>
				<img alt='feat5' class='featured-image wp-post-image' height='250' src='http://4.bp.blogspot.com/_0ncb0g2iwsc/TFbJK-K4SWI/AAAAAAAABFQ/ThsZjqh3HVM/s1600/feat51-400x250.jpg' title='feat5' width='400'/>			</div>

	
			<div class='slider-post'>
				<h2><a href='#YOUR LINKS TO THE POSTS HERE' rel='bookmark' title='Permanent Link to A Simple Post with Text'>A Simple Post with Text</a></h2>
				
				<div class='slider-post-meta'>
					<span class='italic'>Posted by <a href='#YOUR LINKS HERE' title='Posts by admin'>admin</a> on August 2, 2008. <a href='#YOUR LINKS TO THE LABELS HERE' rel='category' title='View all posts in Child Category I'>Child Category I</a>, <a href='#YOUR LINKS TO THE LABELS HERE' rel='category' title='View all posts in Parent Category I'>Parent Category I</a> -  <a href='#YOUR LINKS TO THE POSTS HERE' title='Comment on A Simple Post with Text'>1 Comment</a> 					</span>	
				</div>

				<p>Lorem ipsum dolor sit amet, consectetuer adipiscing elit. Sed eleifend urna eu sapien. Quisque posuere nunc eu massa. Praesent bibendum lorem non leo. Morbi volutpat, urna eu fermentum rutrum, ligula lacus interdum mauris, ac pulvinar libero pede a enim. Etiam commodo malesuada ante. Donec nec ligula. Curabitur mollis semper diam.</p>
 <a class='readmore' href='#YOUR LINKS TO THE POSTS HERE'><span>Read More</span></a>
			</div>
 
 
		</div><!-- .featured-post -->
			</div><!-- end #slider -->
	
	<div class='slider-arrow'>
		<a href='#'><span id='prev'>Prev</span></a> 
		<a href='#'><span id='next'>Next</span></a>

	</div>
	
	<div id='slider-nav'/>

</div> <!-- End of #slideshow-->


<div class='clearfix' id='content-wrap'>

<div class='clearfix' id='content'>

<div class='clearfix' id='home-post-loop'>
<b:section class='mainn' id='mainn' showaddelement='no'>
<b:widget id='Blog1' locked='true' title='Blog Posts' type='Blog'>
<b:includable id='nextprev'>
<div style='clear:both;'/>
  <div class='blog-pager' id='blog-pager'>
    <b:if cond='data:newerPageUrl'>
      <span id='blog-pager-newer-link'>
      <a class='blog-pager-newer-link' expr:href='data:newerPageUrl' expr:id='data:widget.instanceId + &quot;_blog-pager-newer-link&quot;' expr:title='data:newerPageTitle'><data:newerPageTitle/></a>
      </span>
    </b:if>

    <b:if cond='data:olderPageUrl'>
      <span id='blog-pager-older-link'>
      <a class='blog-pager-older-link' expr:href='data:olderPageUrl' expr:id='data:widget.instanceId + &quot;_blog-pager-older-link&quot;' expr:title='data:olderPageTitle'><data:olderPageTitle/></a>
      </span>
    </b:if>

    <a class='home-link' expr:href='data:blog.homepageUrl'><data:homeMsg/></a>

  </div>
  <div class='clear'/>
</b:includable>
<b:includable id='shareButtons' var='post'>
  <b:if cond='data:post.sharePostUrl'>
      <a class='share-button sb-email' expr:href='data:post.sharePostUrl + &quot;&amp;target=email&quot;' expr:title='data:top.emailThisMsg' target='_blank'>
        <span class='share-button-link-text'><data:top.emailThisMsg/></span></a>
      <a class='share-button sb-blog' expr:href='data:post.sharePostUrl + &quot;&amp;target=blog&quot;' expr:onclick='&quot;window.open(this.href, \&quot;_blank\&quot;, \&quot;height=270,width=475\&quot;); return false;&quot;' expr:title='data:top.blogThisMsg' target='_blank'>
        <span class='share-button-link-text'><data:top.blogThisMsg/></span></a>
      <a class='share-button sb-twitter' expr:href='data:post.sharePostUrl + &quot;&amp;target=twitter&quot;' expr:title='data:top.shareToTwitterMsg' target='_blank'>
        <span class='share-button-link-text'><data:top.shareToTwitterMsg/></span></a>
      <a class='share-button sb-facebook' expr:href='data:post.sharePostUrl + &quot;&amp;target=facebook&quot;' expr:onclick='&quot;window.open(this.href, \&quot;_blank\&quot;, \&quot;height=430,width=640\&quot;); return false;&quot;' expr:title='data:top.shareToFacebookMsg' target='_blank'>
        <span class='share-button-link-text'><data:top.shareToFacebookMsg/></span></a>
      <a class='share-button sb-buzz' expr:href='data:post.sharePostUrl + &quot;&amp;target=buzz&quot;' expr:onclick='&quot;window.open(this.href, \&quot;_blank\&quot;, \&quot;height=415,width=690\&quot;); return false;&quot;' expr:title='data:top.shareToBuzzMsg' target='_blank'>
        <span class='share-button-link-text'><data:top.shareToBuzzMsg/></span></a>
  </b:if>
</b:includable>
<b:includable id='backlinks' var='post'>
  <a name='links'/><h4><data:post.backlinksLabel/></h4>
  <b:if cond='data:post.numBacklinks != 0'>
    <dl class='comments-block' id='comments-block'>
      <b:loop values='data:post.backlinks' var='backlink'>
        <div class='collapsed-backlink backlink-control'>
          <dt class='comment-title'>
            <span class='backlink-toggle-zippy'>&#160;</span>
            <a expr:href='data:backlink.url' rel='nofollow'><data:backlink.title/></a>
            <b:include data='backlink' name='backlinkDeleteIcon'/>
          </dt>
          <dd class='comment-body collapseable'>
            <data:backlink.snippet/>
          </dd>
          <dd class='comment-footer collapseable'>
            <span class='comment-author'><data:post.authorLabel/> <data:backlink.author/></span>
            <span class='comment-timestamp'><data:post.timestampLabel/> <data:backlink.timestamp/></span>
          </dd>
        </div>
      </b:loop>
    </dl>
  </b:if>
  <p class='comment-footer'>
    <a class='comment-link' expr:href='data:post.createLinkUrl' expr:id='data:widget.instanceId + &quot;_backlinks-create-link&quot;' target='_blank'><data:post.createLinkLabel/></a>
  </p>
</b:includable>
<b:includable id='post' var='post'>
  <div class='post hentry uncustomized-post-template'>




    <div class='post-home'>

	<div class='post-head'>
		
    <a expr:name='data:post.id'/>
   
      <h2>
          <a expr:href='data:post.url'><data:post.title/></a>
      </h2>
    
	<div class='date'> Posted by <data:post.author/> | <data:post.dateHeader/> | Category:  
        <b:if cond='data:post.labels'>
          <b:loop values='data:post.labels' var='label'>
            <a expr:href='data:label.url + &quot;?&amp;max-results=5&quot;' rel='tag'><data:label.name/></a><b:if cond='data:label.isLast != &quot;true&quot;'>,</b:if>
          </b:loop>
        </b:if>
      
 |    <b:if cond='data:blog.pageType != &quot;item&quot;'>
          <b:if cond='data:blog.pageType != &quot;static_page&quot;'>
            <b:if cond='data:post.allowComments'>
              <a class='comment-link' expr:href='data:post.addCommentUrl' expr:onclick='data:post.addCommentOnclick'><b:if cond='data:post.numComments == 1'>1 <data:top.commentLabel/><b:else/><data:post.numComments/> <data:top.commentLabelPlural/></b:if></a>
            </b:if>
          </b:if>
        </b:if>  </div> 		
				</div>
				<div class='clear'/>

<div class='post-body entry-content'>
<b:if cond='data:blog.pageType == &quot;item&quot;'>

<p style='padding: 10px 10px 10px 10px;'> <data:post.body/> </p>


<b:else/>
     
<DIV expr:id='&quot;summary&quot; + data:post.id'>&lt;br/&gt;<p><data:post.body/></p></DIV>
 <SCRIPT type='text/javascript'>createSummaryAndThumb(&quot;summary<data:post.id/>&quot;);</SCRIPT> 

</b:if>
   </div>

      <div style='clear: both;'/> <!-- clear for photos floats -->
    </div>
  
    <b:if cond='data:post.hasJumpLink'>
      <div class='jump-link'>
        <a expr:href='data:post.url + &quot;#more&quot;' expr:title='data:post.title'><data:post.jumpText/></a>  
      </div>
    </b:if>

    
    <div class='post-footer'>
    <div class='post-footer-line post-footer-line-1'>

<b:if cond='data:blog.pageType == &quot;item&quot;'>
<div id='author-box'>
	<div class='author-avatar'>

		<img alt='' class='avatar avatar-80 photo' height='80' src='http://2.bp.blogspot.com/_0ncb0g2iwsc/TFbIBWkgBgI/AAAAAAAABEo/H9fKD1n7E2Y/s1600/grav.png' width='80'/>  
	</div>
	<div class='author-text'>  
		<h4>Post Author : <a href='#YOUR LINKS HERE' title='Posts by admin'>admin</a></h4> <br/>
Write anything about you here!<br/> 
		<p/>  
	</div>  
	<div class='author-corner'/>

</div>
</b:if>
 
  
      <span class='reaction-buttons'>
        <b:if cond='data:top.showReactions'>
          <table border='0' cellpadding='0' cellspacing='0' width='100%'><tr>
            <td class='reactions-label-cell' nowrap='nowrap' valign='top' width='1%'>
              <span class='reactions-label'>
              <data:top.reactionsLabel/></span>&#160;</td>
            <td><iframe allowtransparency='true' class='reactions-iframe' expr:src='data:post.reactionsUrl' frameborder='0' name='reactions' scrolling='no'/></td>
           </tr></table>
        </b:if>
      </span>

      <span class='star-ratings'>
        <b:if cond='data:top.showStars'>
           <div expr:g:background-color='data:backgroundColor' expr:g:text-color='data:textColor' expr:g:url='data:post.absoluteUrl' g:height='42' g:type='RatingPanel' g:width='280'/>
        </b:if>
      </span>


       <!-- backlinks -->
       <span class='post-backlinks post-comment-link'>
         <b:if cond='data:blog.pageType != &quot;item&quot;'>
           <b:if cond='data:blog.pageType != &quot;static_page&quot;'>
             <b:if cond='data:post.showBacklinks'>
               <a class='comment-link' expr:href='data:post.url + &quot;#links&quot;'><data:top.backlinkLabel/></a>
             </b:if>
           </b:if>
         </b:if>
       </span>

      <span class='post-icons'>
        <!-- email post links -->
        <b:if cond='data:post.emailPostUrl'>
          <span class='item-action'>
          <a expr:href='data:post.emailPostUrl' expr:title='data:top.emailPostMsg'>
              <img alt='' class='icon-action' height='13' src='http://img1.blogblog.com/img/icon18_email.gif' width='18'/>
          </a>
          </span>
        </b:if>

        <!-- quickedit pencil -->
        <b:include data='post' name='postQuickEdit'/>
      </span>



      </div>



      <div class='post-footer-line post-footer-line-3'>
      <span class='post-location'>
        <b:if cond='data:top.showLocation'>
          <b:if cond='data:post.location'>
            <data:postLocationLabel/>
            <a expr:href='data:post.location.mapsUrl' target='_blank'><data:post.location.name/></a>
          </b:if>
        </b:if>
      </span>
      </div>
    </div>
  </div>
</b:includable>
<b:includable id='status-message'>
  <b:if cond='data:navMessage'>
  <div class='status-msg-wrap'>
    <div class='status-msg-body'>
      <data:navMessage/>
    </div>
    <div class='status-msg-border'>
      <div class='status-msg-bg'>
        <div class='status-msg-hidden'><data:navMessage/></div>
      </div>
    </div>
  </div>
  <div style='clear: both;'/>
  </b:if>
</b:includable>
<b:includable id='comment-form' var='post'>
  <div id='respond'>
    <a name='comment-form'/>
    
<h3 class='reply-replace'>Leave a Reply</h3>
    <p><data:blogCommentMessage/></p>
    <data:blogTeamBlogMessage/>
    <a expr:href='data:post.commentFormIframeSrc' id='comment-editor-src'/>
    <iframe allowtransparency='true' class='blogger-iframe-colorize blogger-comment-from-post' frameborder='0' height='410' id='comment-editor' name='comment-editor' src='' width='400px'/>
    <data:post.friendConnectJs/>
    <data:post.cmtfpIframe/>
    <script type='text/javascript'>
      BLOG_CMT_createIframe(&#39;<data:post.appRpcRelayPath/>&#39;, &#39;<data:post.communityId/>&#39;);
    </script>
  </div>
</b:includable>
<b:includable id='backlinkDeleteIcon' var='backlink'>
  <span expr:class='&quot;item-control &quot; + data:backlink.adminClass'>
    <a expr:href='data:backlink.deleteUrl' expr:title='data:top.deleteBacklinkMsg'>
      <img src='//www.blogger.com/img/icon_delete13.gif'/>
    </a>
  </span>
</b:includable>
<b:includable id='postQuickEdit' var='post'>
  <b:if cond='data:post.editUrl'>
    <span expr:class='&quot;item-control &quot; + data:post.adminClass'>
      <a expr:href='data:post.editUrl' expr:title='data:top.editPostMsg'>
        <img alt='' class='icon-action' height='18' src='http://img2.blogblog.com/img/icon18_edit_allbkg.gif' width='18'/>
      </a>
    </span>
  </b:if>
</b:includable>
<b:includable id='main' var='top'>
  <!-- posts -->
  <div class='blog-posts hfeed'>

    <b:include data='top' name='status-message'/>
<b:include data='posts' name='breadcrumb'/>

    <data:defaultAdStart/>
    <b:loop values='data:posts' var='post'>
      <b:if cond='data:post.isDateStart'>
        <b:if cond='data:post.isFirstPost == &quot;false&quot;'>
          &lt;/div&gt;&lt;/div&gt;
        </b:if>
      </b:if>
      <b:if cond='data:post.isDateStart'>
        &lt;div class=&quot;date-outer&quot;&gt;
      </b:if>
      <b:if cond='data:post.isDateStart'>
        &lt;div class=&quot;date-posts&quot;&gt;
      </b:if>
      <div class='post-outer'>
      <b:include data='post' name='post'/>
      <b:if cond='data:blog.pageType == &quot;static_page&quot;'>
        <b:include data='post' name='comments'/>
      </b:if>
      <b:if cond='data:blog.pageType == &quot;item&quot;'>
        <b:include data='post' name='comments'/>
      </b:if>
      </div>
      <b:if cond='data:post.includeAd'>
        <b:if cond='data:post.isFirstPost'>
          <data:defaultAdEnd/>
        <b:else/>
          <data:adEnd/>
        </b:if>
        <div class='inline-ad'>
          <data:adCode/>
        </div>
        <data:adStart/>
      </b:if>
      <b:if cond='data:post.trackLatency'>
        <data:post.latencyJs/>
      </b:if>
    </b:loop>
    <b:if cond='data:numPosts != 0'>
      &lt;/div&gt;&lt;/div&gt;
    </b:if>
    <data:adEnd/>
  </div>

  <!-- navigation -->
  <b:include name='nextprev'/>

  <!-- feed links -->
  <b:include name='feedLinks'/>
  
  <b:if cond='data:top.showStars'>
    <script src='//www.google.com/jsapi' type='text/javascript'/>
    <script type='text/javascript'>
      google.load(&quot;annotations&quot;, &quot;1&quot;, {&quot;locale&quot;: &quot;<data:top.languageCode/>&quot;});
      function initialize() {
        google.annotations.setApplicationId(<data:top.blogspotReviews/>);
        google.annotations.createAll();
        google.annotations.fetch();
      }
      google.setOnLoadCallback(initialize);
    </script>
  </b:if>
</b:includable>
<b:includable id='breadcrumb' var='posts'>
<b:if cond='data:blog.homepageUrl == data:blog.url'>
<!-- No breadcrumb on home page -->
<b:else/>
<b:if cond='data:blog.pageType == &quot;item&quot;'>
<!-- breadcrumb for the post page -->
<p class='breadcrumbs'>
<span class='post-labels'>
<a expr:href='data:blog.homepageUrl' rel='tag'>Home</a>
<b:loop values='data:posts' var='post'>
<b:if cond='data:post.labels'>
<b:loop values='data:post.labels' var='label'>
<b:if cond='data:label.isLast == &quot;true&quot;'> &#187;
<a expr:href='data:label.url' rel='tag'><data:label.name/></a>
</b:if>
</b:loop>
<b:else/>
&#187;Unlabelled
</b:if>
&#187; <span><data:post.title/></span>
</b:loop>
</span>
</p>
<b:else/>
<b:if cond='data:blog.pageType == &quot;archive&quot;'>
<!-- breadcrumb for the label archive page and search pages.. -->
<p class='breadcrumbs'>
<span class='post-labels'>
<a expr:href='data:blog.homepageUrl'>Home</a> &#187; Archives for <data:blog.pageName/>
</span>
</p>
<b:else/>
<b:if cond='data:blog.pageType == &quot;index&quot;'>
<p class='breadcrumbs'>
<span class='post-labels'>
<b:if cond='data:blog.pageName == &quot;&quot;'>
<a expr:href='data:blog.homepageUrl'>Home</a> &#187; All posts
<b:else/>
<a expr:href='data:blog.homepageUrl'>Home</a> &#187; Posts filed under <data:blog.pageName/>
</b:if>
</span>
</p>
</b:if>
</b:if>
</b:if>
</b:if>
</b:includable>
<b:includable id='commentDeleteIcon' var='comment'>
  <span expr:class='&quot;item-control &quot; + data:comment.adminClass'>
    <a expr:href='data:comment.deleteUrl' expr:title='data:top.deleteCommentMsg'>
      <img src='//www.blogger.com/img/icon_delete13.gif'/>
    </a>
  </span>
</b:includable>
<b:includable id='feedLinks'>
  <b:if cond='data:blog.pageType != &quot;item&quot;'> <!-- Blog feed links -->
    <b:if cond='data:feedLinks'>
      <div class='blog-feeds'>
        <b:include data='feedLinks' name='feedLinksBody'/>
      </div>
    </b:if>

    <b:else/> <!--Post feed links -->
    <div class='post-feeds'>
      <b:loop values='data:posts' var='post'>
        <b:if cond='data:post.allowComments'>
          <b:if cond='data:post.feedLinks'>
            <b:include data='post.feedLinks' name='feedLinksBody'/>
          </b:if>
        </b:if>
      </b:loop>
    </div>
  </b:if>
</b:includable>
<b:includable id='feedLinksBody' var='links'>
  <div class='feed-links'>
  <data:feedLinksMsg/>
  <b:loop values='data:links' var='f'>
     <a class='feed-link' expr:href='data:f.url' expr:type='data:f.mimeType' target='_blank'><data:f.name/> (<data:f.feedType/>)</a>
  </b:loop>
  </div>
</b:includable>
<b:includable id='comments' var='post'>

  <div id='comments'>
  
      <a name='comments'/>

      <b:if cond='data:post.allowComments'>
	  
	  
          <p class='comment-counts'>Currently have   
		  <b:if cond='data:post.numComments == 1'>
          1 <data:commentLabel/>:
             <b:else/>
          <data:post.numComments/> <data:commentLabelPlural/>:
           </b:if>
		   </p>
		   
		  


   <div id='commentlist-wrap'>
   
   

      <b:if cond='data:post.commentPagingRequired'>
        <span class='paging-control-container'>
          <a expr:class='data:post.oldLinkClass' expr:href='data:post.oldestLinkUrl'><data:post.oldestLinkText/></a>
          &#160;
          <a expr:class='data:post.oldLinkClass' expr:href='data:post.olderLinkUrl'><data:post.olderLinkText/></a>
          &#160;
          <data:post.commentRangeText/>
          &#160;
          <a expr:class='data:post.newLinkClass' expr:href='data:post.newerLinkUrl'><data:post.newerLinkText/></a>
          &#160;
          <a expr:class='data:post.newLinkClass' expr:href='data:post.newestLinkUrl'><data:post.newestLinkText/></a>
        </span>
      </b:if>
	  
	
	  
	  <div expr:class='data:post.postAuthorClass' expr:id='data:widget.instanceId + &quot;_comments-block-wrapper&quot;'>
	  <div expr:class='data:post.avatarIndentClass' id='comments-blockse'>
	  
	  
	  
	  
			
			<ol class='commentlist'>

<b:loop values='data:post.comments' var='comment'>
			
			<li class='comment odd alt thread-odd thread-alt depth-1' id='li-comment-26'>
			
			<div expr:class='&quot;comment-authord &quot; + data:comment.authorClass' expr:id='data:comment.anchorName'>
     <div id='comment-26'>
	 
	 
      <div class='comment-author vcard'>
         
		

	
  
	

<div class='avatar'>
<b:if cond='data:comment.favicon'>

<img class='avatar' expr:src='data:comment.favicon' height='16px' width='16px'/>
</b:if>
<a expr:name='data:comment.anchorName'/>
<b:if cond='data:blog.enabledCommentProfileImages'>
<div expr:class='data:comment.avatarContainerClass'>
<data:comment.authorAvatarImage/>
</div>

</b:if>
</div>

	
	<div class='metacom'>
	
	
         <cite class='fn'>
		  <b:if cond='data:comment.authorUrl'>
                <a expr:href='data:comment.authorUrl' rel='nofollow'><data:comment.author/></a>
              <b:else/>
                <data:comment.author/>
              </b:if>
		 
		 </cite> <span class='says'>says:</span>	
		  
		  
			  	 
		<div class='comment-meta commentmetadata'>    <a expr:href='data:comment.url' title='comment permalink'>
                  <data:comment.timestamp/>
                </a>
                <b:include data='comment' name='commentDeleteIcon'/></div>
				
				
	</div>

			
      </div>
	  	<div class='clear'/>
		
		
	  
	  
	   <div expr:class='&quot;comment-body &quot; + data:comment.commentAuthorClass' expr:id='data:widget.instanceId + data:comment.cmtBodyIdPostfix'>
              <b:if cond='data:comment.isDeleted'>
                <p><data:comment.body/></p>
              <b:else/>
                <p>
                  <data:comment.body/>
                  <span class='interaction-iframe-guide'/>
                </p>
              </b:if>
            </div>
			
			

     </div>
	 
	 </div>
	 
</li>
   
   </b:loop>

			</ol> 
			
			
			
			
			
			
			<br/>
			
			      <b:if cond='data:post.commentPagingRequired'>
        <span class='paging-control-container'>
          <a expr:class='data:post.oldLinkClass' expr:href='data:post.oldestLinkUrl'>
            <data:post.oldestLinkText/>
          </a>
          <a expr:class='data:post.oldLinkClass' expr:href='data:post.olderLinkUrl'>
            <data:post.olderLinkText/>
          </a>
          &#160;
          <data:post.commentRangeText/>
          &#160;
          <a expr:class='data:post.newLinkClass' expr:href='data:post.newerLinkUrl'>
            <data:post.newerLinkText/>
          </a>
          <a expr:class='data:post.newLinkClass' expr:href='data:post.newestLinkUrl'>
            <data:post.newestLinkText/>
          </a>
        </span>
      </b:if>
	  
	  
			
			  </div> </div>
			  
			  
			  
			<div class='comment-nav'> </div> <!-- end comment pagination -->
	<div class='clear'/>
	
	
	</div> </b:if>

  

      <p class='comment-footer'>
        <b:if cond='data:post.embedCommentForm'>
          <b:if cond='data:post.allowNewComments'>
            <b:include data='post' name='comment-form'/>
          <b:else/>
            <data:post.noNewCommentsText/>
          </b:if>
        <b:else/>
          <b:if cond='data:post.allowComments'>
            <a expr:href='data:post.addCommentUrl' expr:onclick='data:post.addCommentOnclick'><data:postCommentMsg/></a>
          </b:if>
        </b:if>

      </p>
    

  </div>
</b:includable>
</b:widget>
</b:section>
		


						 <!-- end #postnavigation -->
	<div class='clear'/>

	</div>  </div>


<div class='clearfix' id='sidebar'>

<div class='clearfix' id='social-widget'>
		
		<h3>Join The Community</h3>
		
		<div class='rss-com'>
			<a href='http://feeds2.feedburner.com/Bloggerthemenet' title='RSS Feed Subscription'>
			<img alt='' height='26' src='http://feeds2.feedburner.com/~fc/Bloggerthemenet?bg=990000&amp;fg=000000&amp;anim=1&amp;label=listeners' style='border:0' width='75'/></a>

			
		</div>
			
		<div class='twitter-com'>

			<a href='http://twitter.com/your user name' title='Follow On Twitter'>
				<span class='tweet-count'>53 </span><span>Followers</span>	
			</a>
		</div>
			
		<div class='fb-com'>
			<a href='#' title='Facebook'>Facebook Page</a>
		</div>

		<div class='email-com'>
			Subscribe via Email
			
			<form action='http://feedburner.google.com/fb/a/mailverify' id='feedform' method='post' onsubmit='window.open(&apos;http://feedburner.google.com/fb/a/mailverify?uri=Bloggerthemenet&apos;, &apos;popupwindow&apos;, &apos;scrollbars=yes,width=550,height=520&apos;);return true' target='popupwindow'>
			
				<input class='textarea' name='email' onblur='if (this.value == &apos;&apos;) {this.value = &apos;Enter email address here&apos;;}' onfocus='if (this.value == &apos;Enter email address here&apos;) {this.value = &apos;&apos;;}' type='text' value='Enter email address here'/>
				<input name='uri' type='hidden' value='BloggerTheme'/>
				<input name='title' type='hidden' value='Alessa Theme Demo'/>
				<input name='loc' type='hidden' value='en_US'/>
				<input class='emailsubmit' type='submit' value='Subscribe'/>
				
			</form>

			
		</div>
			
</div> <!--End of .social-widget -->

 

<b:section class='sboxx' id='sboxx' preferred='yes' showaddelement='no'>
<b:widget id='HTML401' locked='true' title='Search Box' type='HTML'>
<b:includable id='main'>
<form class='search' expr:action='data:blog.homepageUrl + &quot;search&quot;' method='get'>

<input id='s' name='q' onfocus='this.value=&apos;&apos;;' type='text' value=''/>
<input id='searchsubmit' type='submit' value=''/>
</form>
</b:includable>
</b:widget>
</b:section>

<div class='clear'/>   
<div id='ads-wrap'>	
<div class='clear'/> 
<a href='#'><img alt='Bloggertheme.net' class='ads' src='http://4.bp.blogspot.com/_luXdt_wa0oM/TBdzix4rzNI/AAAAAAAAAFA/3Gh799dxKWY/s1600/ad125.png'/></a> 
        
<a href='#'><img alt='Bloggertheme.net' class='ads' src='http://4.bp.blogspot.com/_luXdt_wa0oM/TBdzix4rzNI/AAAAAAAAAFA/3Gh799dxKWY/s1600/ad125.png'/></a> 
<div class='clear'/>
			
<a href='#'><img alt='Bloggertheme.net' class='ads' src='http://4.bp.blogspot.com/_luXdt_wa0oM/TBdzix4rzNI/AAAAAAAAAFA/3Gh799dxKWY/s1600/ad125.png'/></a> 
        
<a href='#'><img alt='Bloggertheme.net' class='ads' src='http://4.bp.blogspot.com/_luXdt_wa0oM/TBdzix4rzNI/AAAAAAAAAFA/3Gh799dxKWY/s1600/ad125.png'/></a> 
</div>		

<b:section class='sidebarright' id='sidebarright' preferred='yes'>
<b:widget id='Label1' locked='false' title='Labels' type='Label'>
<b:includable id='main'>
  <b:if cond='data:title'>
    <h2><data:title/></h2>
  </b:if>
  <div expr:class='&quot;widget-content &quot; + data:display + &quot;-label-widget-content&quot;'>
    <b:if cond='data:display == &quot;list&quot;'>
      <ul>
      <b:loop values='data:labels' var='label'>
        <li>
          <b:if cond='data:blog.url == data:label.url'>
            <span expr:dir='data:blog.languageDirection'><data:label.name/></span>
          <b:else/>
            <a expr:dir='data:blog.languageDirection' expr:href='data:label.url + &quot;?&amp;max-results=5&quot;'><data:label.name/></a>
          </b:if>
          <b:if cond='data:showFreqNumbers'>
            <span dir='ltr'>(<data:label.count/>)</span>
          </b:if>
        </li>
      </b:loop>
      </ul>
    <b:else/>
      <b:loop values='data:labels' var='label'>
        <span expr:class='&quot;label-size label-size-&quot; + data:label.cssSize'>
          <b:if cond='data:blog.url == data:label.url'>
            <span expr:dir='data:blog.languageDirection'><data:label.name/></span>
          <b:else/>
            <a expr:dir='data:blog.languageDirection' expr:href='data:label.url + &quot;?&amp;max-results=5&quot;'><data:label.name/></a>
          </b:if>
          <b:if cond='data:showFreqNumbers'>
            <span class='label-count' dir='ltr'>(<data:label.count/>)</span>
          </b:if>
        </span>
      </b:loop>
    </b:if>
    <b:include name='quickedit'/>
  </div>
</b:includable>
</b:widget>
</b:section>



		<div class='clear'/>

</div>
		</div>

<div class='clear'/>

<div id='bottom-container'/>
		<div id='top-footer'/>
		<div class='clearfix' id='footer'>
			
	<div class='clearfix' id='bottom-area'>


<b:section class='bottom-widget' id='bottom-widget' preferred='yes'>
<b:widget id='Label2' locked='false' title='Labels' type='Label'>
<b:includable id='main'>
  <b:if cond='data:title'>
    <h2><data:title/></h2>
  </b:if>
  <div expr:class='&quot;widget-content &quot; + data:display + &quot;-label-widget-content&quot;'>
    <b:if cond='data:display == &quot;list&quot;'>
      <ul>
      <b:loop values='data:labels' var='label'>
        <li>
          <b:if cond='data:blog.url == data:label.url'>
            <span expr:dir='data:blog.languageDirection'><data:label.name/></span>
          <b:else/>
            <a expr:dir='data:blog.languageDirection' expr:href='data:label.url'><data:label.name/></a>
          </b:if>
          <b:if cond='data:showFreqNumbers'>
            <span dir='ltr'>(<data:label.count/>)</span>
          </b:if>
        </li>
      </b:loop>
      </ul>
    <b:else/>
      <b:loop values='data:labels' var='label'>
        <span expr:class='&quot;label-size label-size-&quot; + data:label.cssSize'>
          <b:if cond='data:blog.url == data:label.url'>
            <span expr:dir='data:blog.languageDirection'><data:label.name/></span>
          <b:else/>
            <a expr:dir='data:blog.languageDirection' expr:href='data:label.url'><data:label.name/></a>
          </b:if>
          <b:if cond='data:showFreqNumbers'>
            <span class='label-count' dir='ltr'>(<data:label.count/>)</span>
          </b:if>
        </span>
      </b:loop>
    </b:if>
    <b:include name='quickedit'/>
  </div>
</b:includable>
</b:widget>
</b:section>	


<b:section class='bottom-widgettwo' id='bottom-widgettwo' preferred='yes'>
<b:widget id='Followers1' locked='false' title='Followers' type='Followers'>
<b:includable id='main'>
  <b:if cond='data:title != &quot;&quot;'>
    <b:if cond='data:codeSnippet != &quot;&quot;'>
      <h2 class='title'><data:title/></h2>
    <b:else/>
      <b:if cond='data:totalFollowerCount != &quot;&quot;'>
        <h2 class='title'><data:title/> (<data:totalFollowerCount/>)</h2>
      </b:if>
    </b:if>  
  </b:if>
  <div class='widget-content'>
    <div expr:id='data:widget.instanceId + &quot;-wrapper&quot;'>
      <b:if cond='data:codeSnippet != &quot;&quot;'>
        <div style='margin-right:2px;'>
          <data:codeSnippet/>
        </div>
      <b:else/>
        <b:if cond='data:totalFollowerCount == &quot;&quot;'>
          <span class='item-control following-not-admin'>
            <b><data:failureSnippet/></b>
          </span>
          <span class='item-control blog-admin'>
            <b><data:adminFailureSnippet/></b>
          </span>
        <b:else/>
          <b:if cond='data:followingLinkPresent'>
            <div class='follow-this profile-link item-control following-follow-this'>
              <a expr:href='&quot;javascript:_FollowersView._openPopup(\&quot;&quot; + data:followUri + &quot;\&quot;);&quot;'>
                <data:followThisMessage/>
              </a>
            </div>
            <div class='follow-this profile-link item-control following-stop-following-this'>
              <a expr:href='&quot;javascript:_FollowersView._openPopup(\&quot;&quot; + data:followUri + &quot;\&quot;);&quot;'>
                <data:stopFollowingMessage/>
              </a>
            </div>
          </b:if>
  
          <div class='followers-grid'>
            <b:if cond='data:totalFollowerCount == 0'>
              <div class='profile-link item-control following-follow-this'>
                <data:emptyFollowersMessage/>
              </div>
            </b:if>
            <!--
            Relies on the js written out in navbar.gxp
            -->
            <b:loop values='data:followers' var='follower'>
              <div class='follower'>
                <a expr:href='data:follower.profileUrl' expr:title='data:follower.displayName' rel='nofollow'>
                <img class='follower-img' expr:alt='data:follower.displayName' expr:height='data:follower.imageHeight' expr:onerror='&quot;this.onerror=null;this.src=\&quot;&quot; + data:anonFollowerImageUrl + &quot;\&quot;;&quot;' expr:onload='&quot;setAttributeOnload(this, \&quot;src\&quot;, \&quot;&quot; + data:follower.imageUrl + &quot;\&quot;)&quot;' expr:width='data:follower.imageWidth' src='http://img1.blogblog.com/img/blank.gif'/>
                </a>
              </div>
            </b:loop>
            <div class='clear'/>
          </div>
  
          <div class='followers-canvas profile-link'>
            <data:followersFooterMessage/>
            <span class='item-control following-not-admin'>
              <a expr:href='data:followersUri'>
                <data:viewAllMessage/>
              </a>
            </span>
            <span class='item-control blog-admin'>
              <a expr:href='data:manageFollowersUri'>
                <data:manageFollowersMessage/>
              </a>
            </span>
          </div>
          </b:if>
      </b:if>
    </div>
    <b:include name='quickedit'/>
  </div>
</b:includable>
</b:widget>
</b:section>




<b:section class='bottom-widgetthree' id='bottom-widgetthree' preferred='yes'>
<b:widget id='BlogArchive1' locked='false' title='Blog Archive' type='BlogArchive'>
<b:includable id='toggle' var='interval'>
  <b:if cond='data:interval.toggleId'>
  <b:if cond='data:interval.expclass == &quot;expanded&quot;'>
    <a class='toggle' href='javascript:void(0)'>
      <span class='zippy toggle-open'>&#9660;&#160;</span>
    </a>
  <b:else/>
    <a class='toggle' href='javascript:void(0)'>
      <span class='zippy'>
        <b:if cond='data:blog.languageDirection == &quot;rtl&quot;'>
          &#9668;&#160;
        <b:else/>
          &#9658;&#160;
        </b:if>
      </span>
    </a>
  </b:if>
 </b:if>
</b:includable>
<b:includable id='interval' var='intervalData'>
  <b:loop values='data:intervalData' var='i'>
      <ul class='hierarchy'>
        <li expr:class='&quot;archivedate &quot; + data:i.expclass'>
          <b:include data='i' name='toggle'/>
          <a class='post-count-link' expr:href='data:i.url'><data:i.name/></a>
            <span class='post-count' dir='ltr'>(<data:i.post-count/>)</span>
          <b:if cond='data:i.data'>
            <b:include data='i.data' name='interval'/>
          </b:if>
          <b:if cond='data:i.posts'>
            <b:include data='i.posts' name='posts'/>
          </b:if>
        </li>
      </ul>
  </b:loop>
</b:includable>
<b:includable id='menu' var='data'>
  <select expr:id='data:widget.instanceId + &quot;_ArchiveMenu&quot;'>
    <option value=''><data:title/></option>
    <b:loop values='data:data' var='i'>
      <option expr:value='data:i.url'><data:i.name/> (<data:i.post-count/>)</option>
    </b:loop>
  </select>
</b:includable>
<b:includable id='flat' var='data'>
  <ul class='flat'>
    <b:loop values='data:data' var='i'>
      <li class='archivedate'>
        <a expr:href='data:i.url'><data:i.name/></a> (<data:i.post-count/>)
      </li>
    </b:loop>
  </ul>
</b:includable>
<b:includable id='posts' var='posts'>
  <ul class='posts'>
    <b:loop values='data:posts' var='i'>
      <li><a expr:href='data:i.url'><data:i.title/></a></li>
    </b:loop>
  </ul>
</b:includable>
<b:includable id='main'>
  <b:if cond='data:title'>
    <h2><data:title/></h2>
  </b:if>
  <div class='widget-content'>
  <div id='ArchiveList'>
  <div expr:id='data:widget.instanceId + &quot;_ArchiveList&quot;'>
    <b:if cond='data:style == &quot;HIERARCHY&quot;'>
     <b:include data='data' name='interval'/>
    </b:if>
    <b:if cond='data:style == &quot;FLAT&quot;'>
      <b:include data='data' name='flat'/>
    </b:if>
    <b:if cond='data:style == &quot;MENU&quot;'>
      <b:include data='data' name='menu'/>
    </b:if>
  </div>
  </div>
  <b:include name='quickedit'/>
  </div>
</b:includable>
</b:widget>
</b:section>

<b:section class='bottom-widgetfour' id='bottom-widgetfour' preferred='yes'>
<b:widget id='Label3' locked='false' title='Labels' type='Label'>
<b:includable id='main'>
  <b:if cond='data:title'>
    <h2><data:title/></h2>
  </b:if>
  <div expr:class='&quot;widget-content &quot; + data:display + &quot;-label-widget-content&quot;'>
    <b:if cond='data:display == &quot;list&quot;'>
      <ul>
      <b:loop values='data:labels' var='label'>
        <li>
          <b:if cond='data:blog.url == data:label.url'>
            <span expr:dir='data:blog.languageDirection'><data:label.name/></span>
          <b:else/>
            <a expr:dir='data:blog.languageDirection' expr:href='data:label.url'><data:label.name/></a>
          </b:if>
          <b:if cond='data:showFreqNumbers'>
            <span dir='ltr'>(<data:label.count/>)</span>
          </b:if>
        </li>
      </b:loop>
      </ul>
    <b:else/>
      <b:loop values='data:labels' var='label'>
        <span expr:class='&quot;label-size label-size-&quot; + data:label.cssSize'>
          <b:if cond='data:blog.url == data:label.url'>
            <span expr:dir='data:blog.languageDirection'><data:label.name/></span>
          <b:else/>
            <a expr:dir='data:blog.languageDirection' expr:href='data:label.url'><data:label.name/></a>
          </b:if>
          <b:if cond='data:showFreqNumbers'>
            <span class='label-count' dir='ltr'>(<data:label.count/>)</span>
          </b:if>
        </span>
      </b:loop>
    </b:if>
    <b:include name='quickedit'/>
  </div>
</b:includable>
</b:widget>
</b:section>	
	</div>
	
  


	 <div class='clear'/>
	</div>
			 <div class='clear'/>
		<div id='bottom-footer'>

					<div id='credit'> 
		<p> &#169; 2010 <strong><a expr:href='data:blog.homepageUrl'><data:blog.title/></a></strong> |Blogger Author <a href='http://www.bloggertheme.net/' target='_blank'><strong>BloggerTheme</strong></a> <br/>powered by <a href='http://blogger.com/'><strong>Blogger</strong></a> | WordPress by <a href='http://camelgraph.com' target='_blank'><strong>camelgraph</strong></a> | Converted by <a href='http://www.bloggertheme.net/' target='_blank'><strong>BloggerTheme</strong></a>.</p>


	</div>
		</div>
		
	
	
			</div> <!--End #wrap -->


<b:if cond='data:blog.pageType != &quot;item&quot;'>
<b:if cond='data:blog.pageType != &quot;static_page&quot;'>
<script type='text/javascript'>
var pageCount=5;
var displayPageNum=5;
var upPageWord =&#39;Previous&#39;;
var downPageWord =&#39;Next&#39;;
</script>

<script type='text/javascript'>

//<![CDATA[

function showpageCount(json){var thisUrl=home_page_url;var htmlMap=new Array();var thisNum=1;var postNum=1;var itemCount=0;var fFlag=0;var eFlag=0;var html='';var upPageHtml='';var downPageHtml='';for(var i=0,post;post=json.feed.entry[i];i++){var timestamp1=post.published.$t.substring(0,19)+post.published.$t.substring(23,29);timestamp=encodeURIComponent(timestamp1);var title=post.title.$t;if(title!=''){if(itemCount==0||(itemCount%pageCount==(pageCount-1))){if(thisUrl.indexOf(timestamp)!=-1){thisNum=postNum}if(title!='')postNum++;htmlMap[htmlMap.length]='/search?updated-max='+timestamp+'&max-results='+pageCount}}itemCount++}for(var p=0;p<htmlMap.length;p++){if(p>=(thisNum-displayPageNum-1)&&p<(thisNum+displayPageNum)){if(fFlag==0&&p==thisNum-2){if(thisNum==2){upPageHtml='<span class="showpage"><a href="/">'+upPageWord+'</a></span>'}else{upPageHtml='<span class="showpage"><a href="'+htmlMap[p]+'">'+upPageWord+'</a></span>'}fFlag++}if(p==(thisNum-1)){html+='<span class="showpagePoint">'+thisNum+'</span>'}else{if(p==0){html+='<span class="showpageNum"><a href="/">1</a></span>'}else{html+='<span class="showpageNum"><a href="'+htmlMap[p]+'">'+(p+1)+'</a></span>'}}if(eFlag==0&&p==thisNum){downPageHtml='<span class="showpage"> <a href="'+htmlMap[p]+'">'+downPageWord+'</a></span>';eFlag++}}}if(thisNum>1){html=''+upPageHtml+' '+html+' '}html='<div class="showpageArea" style="padding:10px 10px 10px 10px;"><span style="COLOR: #000;" class="showpageOf"> Pages ('+(postNum-1)+')</span>'+html;if(thisNum<(postNum-1)){html+=downPageHtml}if(postNum==1)postNum++;html+='</div>';var pageArea=document.getElementsByName("pageArea");var blogPager=document.getElementById("blog-pager");if(postNum<=2){html=''}for(var p=0;p<pageArea.length;p++){pageArea[p].innerHTML=html}if(pageArea&&pageArea.length>0){html=''}if(blogPager){blogPager.innerHTML=html}}function showpageCount2(json){var thisUrl=home_page_url;var htmlMap=new Array();var isLablePage=thisUrl.indexOf("/search/label/")!=-1;var thisLable=isLablePage?thisUrl.substr(thisUrl.indexOf("/search/label/")+14,thisUrl.length):"";thisLable=thisLable.indexOf("?")!=-1?thisLable.substr(0,thisLable.indexOf("?")):thisLable;var thisNum=1;var postNum=1;var itemCount=0;var fFlag=0;var eFlag=0;var html='';var upPageHtml='';var downPageHtml='';var labelHtml='<span class="showpageNum"><a href="/search/label/'+thisLable+'?&max-results='+pageCount+'">';var thisUrl=home_page_url;for(var i=0,post;post=json.feed.entry[i];i++){var timestamp1=post.published.$t.substring(0,19)+post.published.$t.substring(23,29);timestamp=encodeURIComponent(timestamp1);var title=post.title.$t;if(title!=''){if(itemCount==0||(itemCount%pageCount==(pageCount-1))){if(thisUrl.indexOf(timestamp)!=-1){thisNum=postNum}if(title!='')postNum++;htmlMap[htmlMap.length]='/search/label/'+thisLable+'?updated-max='+timestamp+'&max-results='+pageCount}}itemCount++}for(var p=0;p<htmlMap.length;p++){if(p>=(thisNum-displayPageNum-1)&&p<(thisNum+displayPageNum)){if(fFlag==0&&p==thisNum-2){if(thisNum==2){upPageHtml=labelHtml+upPageWord+'</a></span>'}else{upPageHtml='<span class="showpage"><a href="'+htmlMap[p]+'">'+upPageWord+'</a></span>'}fFlag++}if(p==(thisNum-1)){html+='<span class="showpagePoint">'+thisNum+'</span>'}else{if(p==0){html=labelHtml+'1</a></span>'}else{html+='<span class="showpageNum"><a href="'+htmlMap[p]+'">'+(p+1)+'</a></span>'}}if(eFlag==0&&p==thisNum){downPageHtml='<span class="showpage"> <a href="'+htmlMap[p]+'">'+downPageWord+'</a></span>';eFlag++}}}if(thisNum>1){if(!isLablePage){html=''+upPageHtml+' '+html+' '}else{html=''+upPageHtml+' '+html+' '}}html='<div class="showpageArea"><span style="COLOR: #000;" class="showpageOf"> Pages ('+(postNum-1)+')</span>'+html;if(thisNum<(postNum-1)){html+=downPageHtml}if(postNum==1)postNum++;html+='</div>';var pageArea=document.getElementsByName("pageArea");var blogPager=document.getElementById("blog-pager");if(postNum<=2){html=''}for(var p=0;p<pageArea.length;p++){pageArea[p].innerHTML=html}if(pageArea&&pageArea.length>0){html=''}if(blogPager){blogPager.innerHTML=html}}var home_page_url=location.href;var thisUrl=home_page_url;if(thisUrl.indexOf("/search/label/")!=-1){if(thisUrl.indexOf("?updated-max")!=-1){var lblname1=thisUrl.substring(thisUrl.indexOf("/search/label/")+14,thisUrl.indexOf("?updated-max"))}else{var lblname1=thisUrl.substring(thisUrl.indexOf("/search/label/")+14,thisUrl.indexOf("?&max"))}}var home_page="/";if(thisUrl.indexOf("?q=")==-1){if(thisUrl.indexOf("/search/label/")==-1){document.write('<script src="'+home_page+'feeds/posts/summary?alt=json-in-script&callback=showpageCount&max-results=99999" ><\/script>')}else{document.write('<script src="'+home_page+'feeds/posts/full/-/'+lblname1+'?alt=json-in-script&callback=showpageCount2&max-results=99999" ><\/script>')}}

//]]>

</script>
</b:if>
</b:if>



	</body></html>