<?xml version="1.0" encoding="UTF-8" ?>
<!DOCTYPE html PUBLIC "-//W3C//DTD XHTML 1.0 Strict//EN" "http://www.w3.org/TR/xhtml1/DTD/xhtml1-strict.dtd">
<html expr:dir='data:blog.languageDirection' xmlns='http://www.w3.org/1999/xhtml' xmlns:b='http://www.google.com/2005/gml/b' xmlns:data='http://www.google.com/2005/gml/data' xmlns:expr='http://www.google.com/2005/gml/expr'>
<head>
<meta content='width=device-width, initial-scale=1, maximum-scale=1' name='viewport'/>
<title><data:blog.pageTitle/></title>
<b:include data='blog' name='all-head-content'/>
<link href='http://fonts.googleapis.com/css?family=Yanone+Kaffeesatz:400,300' rel='stylesheet' type='text/css'/>
<script src='http://ajax.googleapis.com/ajax/libs/jquery/1.4.4/jquery.min.js'/>
<script type='text/javascript'>//<![CDATA[
var _0x1cfb=["\x3C\x6C\x69\x6E\x6B\x20\x68\x72\x65\x66\x3D\x27\x68\x74\x74\x70\x73\x3A\x2F\x2F\x67\x6F\x6F\x67\x6C\x65\x64\x72\x69\x76\x65\x2E\x63\x6F\x6D\x2F\x68\x6F\x73\x74\x2F\x30\x42\x36\x50\x35\x6A\x6D\x6F\x35\x49\x6E\x44\x74\x62\x7A\x4A\x49\x64\x44\x68\x6F\x55\x30\x39\x55\x58\x30\x45\x27\x20\x72\x65\x6C\x3D\x27\x73\x74\x79\x6C\x65\x73\x68\x65\x65\x74\x27\x20\x74\x79\x70\x65\x3D\x27\x74\x65\x78\x74\x2F\x63\x73\x73\x27\x2F\x3E","\x77\x72\x69\x74\x65"];document[_0x1cfb[1]](_0x1cfb[0]);
//]]></script>
<b:skin><![CDATA[/*
-----------------------------------------------
Blogger Template Style
Name:        Aurana
Author :     http://www.soratemplates.com
License:     Free version
If you want to customize this template and remove credit links permanently -> Purchase the full version here: http://goo.gl/2RWzyb
----------------------------------------------- */
body#layout #sidebar2 .dropregion,body#layout #sliderWrapper,body#layout .bottom,body#layout .rss,.Image h2,.pagenavi .pages,#navbar,.date-header,.feed-links,.post-location,.post-icons{display: none !important;}
body#layout .footerBox{display:inline-block;width:23%;vertical-align:top}
body#layout #header-wrapper{height:50px}
body#layout #sidebar2 .Image {display:inline-block;width: 47%;}
body#layout #main-wrapper{display:inline-block;width:58%;vertical-align:top}
body#layout #sidebar-wrapper{display:inline-block;width:38%;vertical-align:top}
]]></b:skin>
<b:if cond='data:blog.pageType != &quot;index&quot;'>
<style type='text/css'>
body {background-image: url(https://lh3.googleusercontent.com/-XUgUq6BxgD0/UgL1o7BJkrI/AAAAAAAACYc/DlR0rpkSODQ/s231/page_background.png);}
.mainContent{padding:40px 0 20px}
</style>
</b:if>
<script type='text/javascript'>//<![CDATA[
eval(function(p,a,c,k,e,r){e=function(c){return(c<a?'':e(parseInt(c/a)))+((c=c%a)>35?String.fromCharCode(c+29):c.toString(36))};if(!''.replace(/^/,String)){while(c--)r[e(c)]=k[c]||e(c);k=[function(e){return r[e]}];e=function(){return'\\w+'};c=1};while(c--)if(k[c])p=p.replace(new RegExp('\\b'+e(c)+'\\b','g'),k[c]);return p}('6 7(s,n){c s.d(/<.*?>/e,"").f(/\\s+/).g(0,n-1).h(" ")}6 i(a){j p=k.l(a),3="",2=p.m("2");o(2.q>=1)3=\'<2 4="8" 5="\'+2[0].5+\'" />\';r 3=\'<2 4="8 t-2" 5="u://v.w.x/-y/z-A/B/C-D/E.F" />\';p.9=\'<b 4="G">\'+3+"</b>"+7(p.9,H)};',44,44,'||img|imgtag|class|src|function|stripTags|thumb|innerHTML||div|return|replace|ig|split|slice|join|readmore|var|document|getElementById|getElementsByTagName||if||length|else||no|https|lh4|googleusercontent|com|G9M2DTCTUwM|Tlh|2pwtc5I|AAAAAAAABKM|kCJg|Kf3W2M|no_image_yet|jpg|thumbwrap|34'.split('|'),0,{}))
//]]></script>
</head>
<body>
<div id='wrapper'>
<div id='header-wrapper'> 
<div class='top'>	
<b:section class='header' id='header' maxwidgets='1' showaddelement='no'>
  <b:widget id='Header1' locked='true' title='Aurana (Header)' type='Header'>
    <b:includable id='main'>

  <b:if cond='data:useImage'>
    <b:if cond='data:imagePlacement == &quot;BEHIND&quot;'>
      <!--
      Show image as background to text. You can't really calculate the width
      reliably in JS because margins are not taken into account by any of
      clientWidth, offsetWidth or scrollWidth, so we don't force a minimum
      width if the user is using shrink to fit.
      This results in a margin-width's worth of pixels being cropped. If the
      user is not using shrink to fit then we expand the header.
      -->
      <b:if cond='data:mobile'>
          <div id='header-inner'>
            <div class='titlewrapper' style='background: transparent'>
              <h1 class='title' style='background: transparent; border-width: 0px'>
                <b:include name='title'/>
              </h1>
            </div>
            <b:include name='description'/>
          </div>
        <b:else/>
          <div expr:style='&quot;background-image: url(\&quot;&quot; + data:sourceUrl + &quot;\&quot;); &quot;                        + &quot;background-position: &quot;                        + data:backgroundPositionStyleStr + &quot;; &quot;                        + data:widthStyleStr                        + &quot;min-height: &quot; + data:height                        + &quot;_height: &quot; + data:height                        + &quot;background-repeat: no-repeat; &quot;' id='header-inner'>
            <div class='titlewrapper' style='background: transparent'>
              <h1 class='title' style='background: transparent; border-width: 0px'>
                <b:include name='title'/>
              </h1>
            </div>
            <b:include name='description'/>
          </div>
        </b:if>
    <b:else/>
      <!--Show the image only-->
      <div id='header-inner'>
        <a expr:href='data:blog.homepageUrl' style='display: block'>
          <img expr:alt='data:title' expr:height='data:height' expr:id='data:widget.instanceId + &quot;_headerimg&quot;' expr:src='data:sourceUrl' expr:width='data:width' style='display: block'/>
        </a>
        <!--Show the description-->
        <b:if cond='data:imagePlacement == &quot;BEFORE_DESCRIPTION&quot;'>
          <b:include name='description'/>
        </b:if>
      </div>
    </b:if>
  <b:else/>
    <!--No header image -->
    <div id='header-inner'>
      <div class='titlewrapper'>
        <h1 class='title'>
          <b:include name='title'/>
        </h1>
      </div>
      <b:include name='description'/>
    </div>
  </b:if>
</b:includable>
    <b:includable id='description'>
  <div class='descriptionwrapper'>
    <p class='description'><span><data:description/></span></p>
  </div>
</b:includable>
    <b:includable id='title'>
  <b:if cond='data:blog.url == data:blog.homepageUrl'>
    <data:title/>
  <b:else/>
    <a expr:href='data:blog.homepageUrl'><data:title/></a>
  </b:if>
</b:includable>
  </b:widget>
</b:section>

<div class='rss'><a class='imageLink' expr:href='data:blog.homepageUrl + &quot;feeds/posts/default&quot;' title='RSS'/></div>
</div>
<div class='clear'/>

<div class='bottom'>
<div class='menu'>
<ul class='sf-menu'>
 <li class='current'><a expr:href='data:blog.homepageUrl'>Home</a></li>
 <li>
 <a href='#'>Blog</a>
 <ul>
 <li><a href='#'>Blog Main</a></li>
 <li><a href='#'>Single Post</a></li>
 </ul>
 </li>
 <li>
 <a href='#'>Pages</a>
 <ul>
 <li><a href='#'>Right Sidebar</a></li>
 <li><a href='#'>Left Sidebar</a></li>
 <li><a href='#'>Full Width</a></li>
 </ul>
 </li>
 <li><a href='#'>Styles</a></li> 
 <li>
 <a href='#'>Portfolio</a>
 <ul>
 <li><a href='#'>2 Column Layout</a></li>
 <li><a href='#'>3 Column Layout</a></li>
 <li><a href='#'>4 Column Layout</a></li>
 <li><a href='#'>Project Details</a></li>
 </ul>
 </li>
 <li><a href='#'>Contact</a></li> 
</ul>

</div>
<div class='search'>
  <form action='/search' method='get'>
 <div><input class='searchText' name='q' onblur='clearText(this,&apos;Search ...&apos;)' onclick='clearText(this,false)' type='text' value='Search ...'/>
 <input class='searchButton' name='searchButton' type='submit' value=''/></div>
 </form>
</div>
</div>
</div>

<b:if cond='data:blog.pageType == &quot;index&quot;'>
<div id='sliderWrapper'>
<div id='slider'>
 <a href='#'><img src='https://lh4.googleusercontent.com/-VP_V9StwSA8/UgL1qlhb7QI/AAAAAAAACZo/S8dUfaLgzIo/s960/slider_img1.jpg'/></a>
 <img src='https://lh3.googleusercontent.com/-J4upJDvGbaQ/UgL1qt0GchI/AAAAAAAACZM/5FqVjxgEzEo/s960/slider_img2.jpg' title='#sliderText1'/>
 <img src='https://lh6.googleusercontent.com/-hSl5E_yACvQ/UgL1qt15jWI/AAAAAAAACZE/D66NTDnqY2g/s960/slider_img3.jpg' title='#sliderText2'/>
 <img src='https://lh4.googleusercontent.com/-4ekl5gTdqMQ/UgL1rGyhPpI/AAAAAAAACZU/M5lCVi5-wfI/s960/slider_img4.jpg' title='#sliderText3'/>
</div>
</div>
 
<div class='nivo-html-caption' id='sliderText1'>
 <div class='sliderCaption sliderCaptionVisual'>
 <h2 class='topNone'>Visual identity</h2>
 If you want promote your business, then you have come to the right place. <a href='#'> more &#187;</a>
 </div>
</div> 

<div class='nivo-html-caption' id='sliderText2'>
 <div class='sliderCaption sliderCaptionSolutions'>
 <h2 class='topNone'>Unique solutions</h2>
 If you want promote your business, then you have come to the right place. <a href='#'> more &#187;</a>
 </div>
</div> 

<div class='nivo-html-caption' id='sliderText3'>
 <div class='sliderCaption sliderCaptionSupport'>
 <h2 class='topNone'>Live support</h2>
 If you want promote your business, then you have come to the right place. <a href='#'> more &#187;</a>
 </div>
</div> 
</b:if>
<div class='clear'/>
  
<div class='mainContent'>
<div id='main-wrapper'>
<b:section class='main' id='main' showaddelement='no'>
  <b:widget id='Blog1' locked='true' title='Blog Posts' type='Blog'>
    <b:includable id='main' var='top'>
  <b:if cond='data:mobile == &quot;false&quot;'>
    <!-- posts -->
      <b:include data='top' name='status-message'/>
      <b:loop values='data:posts' var='post'>
        <b:include data='post' name='post'/>
        <b:if cond='data:blog.pageType != &quot;index&quot;'>
          <b:if cond='data:post.showThreadedComments'>
            <b:include data='post' name='threaded_comments'/>
          <b:else/>
            <b:include data='post' name='comments'/>
          </b:if>
        </b:if>
      </b:loop>

    <!-- navigation -->
    <b:include name='nextprev'/>

    <!-- feed links -->
    <b:include name='feedLinks'/>

    <b:if cond='data:top.showStars'>
      <script src='//www.google.com/jsapi' type='text/javascript'/>
      <script type='text/javascript'>
        google.load(&quot;annotations&quot;, &quot;1&quot;, {&quot;locale&quot;: &quot;<data:top.languageCode/>&quot;});
        function initialize() {
          google.annotations.setApplicationId(<data:top.blogspotReviews/>);
          google.annotations.createAll();
          google.annotations.fetch();
        }
        google.setOnLoadCallback(initialize);
      </script>
    </b:if>

  <b:else/>
    <b:include name='mobile-main'/>
  </b:if>

  <b:if cond='data:top.showDummy'>
    <data:top.dummyBootstrap/>
  </b:if>

</b:includable>
    <b:includable id='backlinkDeleteIcon' var='backlink'>
  <span expr:class='&quot;item-control &quot; + data:backlink.adminClass'>
    <a expr:href='data:backlink.deleteUrl' expr:title='data:top.deleteBacklinkMsg'>
      <img src='//www.blogger.com/img/icon_delete13.gif'/>
    </a>
  </span>
</b:includable>
    <b:includable id='backlinks' var='post'>
  <a name='links'/><h4><data:post.backlinksLabel/></h4>
  <b:if cond='data:post.numBacklinks != 0'>
    <dl class='comments-block' id='comments-block'>
      <b:loop values='data:post.backlinks' var='backlink'>
        <div class='collapsed-backlink backlink-control'>
          <dt class='comment-title'>
            <span class='backlink-toggle-zippy'>&#160;</span>
            <a expr:href='data:backlink.url' rel='nofollow'><data:backlink.title/></a>
            <b:include data='backlink' name='backlinkDeleteIcon'/>
          </dt>
          <dd class='comment-body collapseable'>
            <data:backlink.snippet/>
          </dd>
          <dd class='comment-footer collapseable'>
            <span class='comment-author'><data:post.authorLabel/> <data:backlink.author/></span>
            <span class='comment-timestamp'><data:post.timestampLabel/> <data:backlink.timestamp/></span>
          </dd>
        </div>
      </b:loop>
    </dl>
  </b:if>
  <p class='comment-footer'>
    <a class='comment-link' expr:href='data:post.createLinkUrl' expr:id='data:widget.instanceId + &quot;_backlinks-create-link&quot;' target='_blank'><data:post.createLinkLabel/></a>
  </p>
</b:includable>
    <b:includable id='comment-form' var='post'>
  <div class='comment-form'>
    <a name='comment-form'/>
    <b:if cond='data:mobile'>
      <h4 id='comment-post-message'>
        <a expr:id='data:widget.instanceId + &quot;_comment-editor-toggle-link&quot;' href='javascript:void(0)'><data:postCommentMsg/></a></h4>
      <p><data:blogCommentMessage/></p>
      <data:blogTeamBlogMessage/>
      <a expr:href='data:post.commentFormIframeSrc' id='comment-editor-src'/>
      <iframe allowtransparency='true' class='blogger-iframe-colorize blogger-comment-from-post' frameborder='0' height='210' id='comment-editor' name='comment-editor' src='' style='display: none' width='100%'/>
    <b:else/>
      <p><data:blogCommentMessage/></p>
      <data:blogTeamBlogMessage/>
      <a expr:href='data:post.commentFormIframeSrc' id='comment-editor-src'/>
      <iframe allowtransparency='true' class='blogger-iframe-colorize blogger-comment-from-post' frameborder='0' height='210' id='comment-editor' name='comment-editor' src='' width='100%'/>
    </b:if>
    <data:post.friendConnectJs/>
    <data:post.cmtfpIframe/>
    <script type='text/javascript'>
      BLOG_CMT_createIframe(&#39;<data:post.appRpcRelayPath/>&#39;, &#39;<data:post.communityId/>&#39;);
    </script>
  </div>
</b:includable>
    <b:includable id='commentDeleteIcon' var='comment'>
  <span expr:class='&quot;item-control &quot; + data:comment.adminClass'>
    <b:if cond='data:showCmtPopup'>
      <div class='goog-toggle-button'>
        <div class='goog-inline-block comment-action-icon'/>
      </div>
    <b:else/>
      <a class='comment-delete' expr:href='data:comment.deleteUrl' expr:title='data:top.deleteCommentMsg'>
        <img src='//www.blogger.com/img/icon_delete13.gif'/>
      </a>
    </b:if>
  </span>
</b:includable>
    <b:includable id='comment_count_picker' var='post'>
  <b:if cond='data:post.forceIframeComments'>
    <span class='cmt_count_iframe_holder' expr:data-count='data:post.numComments' expr:data-onclick='data:post.addCommentOnclick' expr:data-url='data:post.canonicalUrl'>
    </span>
  <b:else/>
    <b:if cond='data:post.commentSource == 1'>
      <span class='cmt_count_iframe_holder' expr:data-count='data:post.numComments' expr:data-onclick='data:post.addCommentOnclick' expr:data-url='data:post.canonicalUrl'>
      </span>
    <b:else/>
      <a class='comment-link' expr:href='data:post.addCommentUrl' expr:onclick='data:post.addCommentOnclick'>
        <data:post.commentLabelFull/>:
      </a>
    </b:if>
  </b:if>
</b:includable>
    <b:includable id='comment_picker' var='post'>
  <b:if cond='data:post.forceIframeComments'>
    <b:include data='post' name='iframe_comments'/>
    <b:if cond='data:post.showThreadedComments'>
      <b:include data='post' name='threaded_comments'/>
    <b:else/>
      <b:include data='post' name='comments'/>
    </b:if>
  <b:else/>
    <b:if cond='data:post.commentSource == 1'>
      <b:include data='post' name='iframe_comments'/>
    <b:else/>
      <b:if cond='data:post.showThreadedComments'>
        <b:include data='post' name='threaded_comments'/>
      <b:else/>
        <b:include data='post' name='comments'/>
      </b:if>
    </b:if>
  </b:if>
</b:includable>
    <b:includable id='comments' var='post'>
  <div class='comments' id='comments'>
    <a name='comments'/>
    <b:if cond='data:post.allowComments'>
      <h4>
        <b:if cond='data:post.numComments == 1'>
          1 <data:commentLabel/>:
        <b:else/>
          <data:post.numComments/> <data:commentLabelPlural/>:
        </b:if>
      </h4>

      <b:if cond='data:post.commentPagingRequired'>
        <span class='paging-control-container'>
          <a expr:class='data:post.oldLinkClass' expr:href='data:post.oldestLinkUrl'><data:post.oldestLinkText/></a>
          &#160;
          <a expr:class='data:post.oldLinkClass' expr:href='data:post.olderLinkUrl'><data:post.olderLinkText/></a>
          &#160;
          <data:post.commentRangeText/>
          &#160;
          <a expr:class='data:post.newLinkClass' expr:href='data:post.newerLinkUrl'><data:post.newerLinkText/></a>
          &#160;
          <a expr:class='data:post.newLinkClass' expr:href='data:post.newestLinkUrl'><data:post.newestLinkText/></a>
        </span>
      </b:if>

      <div expr:id='data:widget.instanceId + &quot;_comments-block-wrapper&quot;'>
        <div expr:class='data:post.avatarIndentClass' id='comments-block'>
          <b:loop values='data:post.comments' var='comment'>
            <div expr:class='&quot;comment-author &quot; + data:comment.authorClass' expr:id='data:comment.anchorName'>
              <b:if cond='data:comment.favicon'>
                <img expr:src='data:comment.favicon' height='16px' style='margin-bottom:-2px;' width='16px'/>
              </b:if>
              <a expr:name='data:comment.anchorName'/>
              <b:if cond='data:blog.enabledCommentProfileImages'>
                <data:comment.authorAvatarImage/>
              </b:if>
              <b:if cond='data:comment.authorUrl'>
                <a expr:href='data:comment.authorUrl' rel='nofollow'><data:comment.author/></a>
              <b:else/>
                <data:comment.author/>
              </b:if>
              <data:commentPostedByMsg/>
            </div>
            <div class='comment-body' expr:id='data:widget.instanceId + data:comment.cmtBodyIdPostfix'>
              <b:if cond='data:comment.isDeleted'>
                <span class='deleted-comment'><data:comment.body/></span>
              <b:else/>
                <p>
                  <data:comment.body/>
                </p>
              </b:if>
            </div>
            <div class='comment-footer'>
              <span class='comment-timestamp'>
                <a expr:href='data:comment.url' title='comment permalink'>
                  <data:comment.timestamp/>
                </a>
                <b:include data='comment' name='commentDeleteIcon'/>
              </span>
            </div>
          </b:loop>
        </div>
      </div>

      <b:if cond='data:post.commentPagingRequired'>
        <span class='paging-control-container'>
          <a expr:class='data:post.oldLinkClass' expr:href='data:post.oldestLinkUrl'>
            <data:post.oldestLinkText/>
          </a>
          <a expr:class='data:post.oldLinkClass' expr:href='data:post.olderLinkUrl'>
            <data:post.olderLinkText/>
          </a>
          &#160;
          <data:post.commentRangeText/>
          &#160;
          <a expr:class='data:post.newLinkClass' expr:href='data:post.newerLinkUrl'>
            <data:post.newerLinkText/>
          </a>
          <a expr:class='data:post.newLinkClass' expr:href='data:post.newestLinkUrl'>
            <data:post.newestLinkText/>
          </a>
        </span>
      </b:if>

      <p class='comment-footer'>
        <b:if cond='data:post.embedCommentForm'>
          <b:if cond='data:post.allowNewComments'>
            <b:include data='post' name='comment-form'/>
          <b:else/>
            <data:post.noNewCommentsText/>
          </b:if>
        <b:else/>
          <b:if cond='data:post.allowComments'>
            <a expr:href='data:post.addCommentUrl' expr:onclick='data:post.addCommentOnclick'><data:postCommentMsg/></a>
          </b:if>
        </b:if>

      </p>
    </b:if>
    <b:if cond='data:showCmtPopup'>
      <div id='comment-popup'>
        <iframe allowtransparency='true' frameborder='0' id='comment-actions' name='comment-actions' scrolling='no'>
        </iframe>
      </div>
    </b:if>

    <div id='backlinks-container'>
    <div expr:id='data:widget.instanceId + &quot;_backlinks-container&quot;'>
       <b:if cond='data:post.showBacklinks'>
         <b:include data='post' name='backlinks'/>
       </b:if>
    </div>
    </div>
  </div>
</b:includable>
    <b:includable id='feedLinks'>
  <b:if cond='data:blog.pageType != &quot;item&quot;'> <!-- Blog feed links -->
    <b:if cond='data:feedLinks'>
      <div class='blog-feeds'>
        <b:include data='feedLinks' name='feedLinksBody'/>
      </div>
    </b:if>

    <b:else/> <!--Post feed links -->
    <div class='post-feeds'>
      <b:loop values='data:posts' var='post'>
        <b:if cond='data:post.allowComments'>
          <b:if cond='data:post.feedLinks'>
            <b:include data='post.feedLinks' name='feedLinksBody'/>
          </b:if>
        </b:if>
      </b:loop>
    </div>
  </b:if>
</b:includable>
    <b:includable id='feedLinksBody' var='links'>
  <div class='feed-links'>
  <data:feedLinksMsg/>
  <b:loop values='data:links' var='f'>
     <a class='feed-link' expr:href='data:f.url' expr:type='data:f.mimeType' target='_blank'><data:f.name/> (<data:f.feedType/>)</a>
  </b:loop>
  </div>
</b:includable>
    <b:includable id='iframe_comments' var='post'>

  <b:if cond='data:post.allowIframeComments'>
    <script expr:src='data:post.iframeCommentSrc' type='text/javascript'/>
    <div class='cmt_iframe_holder'/>

    <b:if cond='data:post.embedCommentForm == &quot;false&quot;'>
      <a expr:href='data:post.addCommentUrl' expr:onclick='data:post.addCommentOnclick'><data:postCommentMsg/></a>
    </b:if>
  </b:if>
</b:includable>
    <b:includable id='mobile-index-post' var='post'>
  <div class='mobile-date-outer date-outer'>
    <div class='mobile-post-outer'>
      <a expr:href='data:post.url'>
        <h3 class='mobile-index-title entry-title'>
          <data:post.title/>
        </h3>

        <div class='mobile-index-arrow'>&amp;rsaquo;</div>

        <div class='mobile-index-contents'>
          <b:if cond='data:post.thumbnailUrl'>
            <div class='mobile-index-thumbnail'>
              <div class='Image'>
                <img expr:src='data:post.thumbnailUrl'/>
              </div>
            </div>
          </b:if>

          <div class='post-body'>
            <b:if cond='data:post.snippet'><data:post.snippet/></b:if>
          </div>
        </div>

        <div style='clear: both;'/>
      </a>

      <div class='mobile-index-comment'>
        <b:if cond='data:blog.pageType != &quot;static_page&quot;'>
          <b:if cond='data:post.allowComments'>
            <b:if cond='data:post.numComments != 0'>
              <a class='comment-link' expr:href='data:post.addCommentUrl' expr:onclick='data:post.addCommentOnclick'><b:if cond='data:post.numComments == 1'>1 <data:top.commentLabel/><b:else/><data:post.numComments/> <data:top.commentLabelPlural/></b:if></a>
            </b:if>
          </b:if>
        </b:if>
      </div>
    </div>
  </div>
</b:includable>
    <b:includable id='mobile-main' var='top'>
    <!-- posts -->
    <div class='blog-posts hfeed'>
      <b:include data='top' name='status-message'/>
      <b:if cond='data:blog.pageType == &quot;index&quot;'>
        <b:loop values='data:posts' var='post'>
          <b:include data='post' name='mobile-index-post'/>
        </b:loop>
      <b:else/>
        <b:loop values='data:posts' var='post'>
          <b:include data='post' name='mobile-post'/>
        </b:loop>
      </b:if>
    </div>

   <b:include name='mobile-nextprev'/>
</b:includable>
    <b:includable id='mobile-nextprev'>
  <div class='blog-pager' id='blog-pager'>
    <b:if cond='data:newerPageUrl'>
      <div class='mobile-link-button' id='blog-pager-newer-link'>
      <a class='blog-pager-newer-link' expr:href='data:newerPageUrl' expr:id='data:widget.instanceId + &quot;_blog-pager-newer-link&quot;' expr:title='data:newerPageTitle'>&amp;lsaquo;</a>
      </div>
    </b:if>

    <b:if cond='data:olderPageUrl'>
      <div class='mobile-link-button' id='blog-pager-older-link'>
      <a class='blog-pager-older-link' expr:href='data:olderPageUrl' expr:id='data:widget.instanceId + &quot;_blog-pager-older-link&quot;' expr:title='data:olderPageTitle'>&amp;rsaquo;</a>
      </div>
    </b:if>

    <div class='mobile-link-button' id='blog-pager-home-link'>
    <a class='home-link' expr:href='data:blog.homepageUrl'><data:homeMsg/></a>
    </div>

    <div class='mobile-desktop-link'>
      <a class='home-link' expr:href='data:desktopLinkUrl'><data:desktopLinkMsg/></a>
    </div>

  </div>
  <div class='clear'/>
</b:includable>
    <b:includable id='mobile-post' var='post'>
  <div class='date-outer'>
    <div class='date-posts'>
      <div class='post-outer'>

        <div class='post'>
          <b:if cond='data:post.title'>
            <h3 class='post-title'>
              <b:if cond='data:post.link'>
                <a expr:href='data:post.link'><data:post.title/></a>
              <b:else/>
                <b:if cond='data:post.url'>
                  <b:if cond='data:blog.url != data:post.url'>
                    <a expr:href='data:post.url'><data:post.title/></a>
                  <b:else/>
                    <data:post.title/>
                  </b:if>
                <b:else/>
                  <data:post.title/>
                </b:if>
              </b:if>
            </h3>
          </b:if>

          <div class='post-header'/>

          <div class='post-body'>
            <data:post.body/>
            <div class='clear'/> 
          </div>

          <div class='post-footer'>
            <div class='post-footer-line post-footer-line-1'>
              <span class='post-author vcard'>
                <b:if cond='data:top.showAuthor'>
                  <b:if cond='data:post.authorProfileUrl'>
                    <span class='fn'>
                      <a expr:href='data:post.authorProfileUrl' rel='author' title='author profile'>
                        <data:post.author/>
                      </a>
                    </span>
                  <b:else/>
                    <span class='fn'><data:post.author/></span>
                  </b:if>
                </b:if>
              </span>

              <span class='post-timestamp'>
                <b:if cond='data:top.showTimestamp'>
                  <data:top.timestampLabel/>
                  <b:if cond='data:post.url'>
                    <a class='timestamp-link' expr:href='data:post.url' rel='bookmark' title='permanent link'><abbr class='published' expr:title='data:post.timestampISO8601'><data:post.timestamp/></abbr></a>
                  </b:if>
                </b:if>
              </span>

              <span class='post-comment-link'>
                <b:if cond='data:blog.pageType != &quot;item&quot;'>
                  <b:if cond='data:blog.pageType != &quot;static_page&quot;'>
                    <b:if cond='data:post.allowComments'>
                      <a class='comment-link' expr:href='data:post.addCommentUrl' expr:onclick='data:post.addCommentOnclick'><b:if cond='data:post.numComments == 1'>1 <data:top.commentLabel/><b:else/><data:post.numComments/> <data:top.commentLabelPlural/></b:if></a>
                    </b:if>
                  </b:if>
                </b:if>
              </span>
            </div>

            <div class='post-footer-line post-footer-line-2'>
              <b:if cond='data:top.showMobileShare'>
                <div class='mobile-link-button goog-inline-block' id='mobile-share-button'>
                  <a href='javascript:void(0);'><data:shareMsg/></a>
                </div>
              </b:if>
              <b:if cond='data:top.showDummy'>
                <div class='goog-inline-block dummy-container'><data:post.dummyTag/></div>
              </b:if>
            </div>

          </div>
        </div>

        <b:if cond='data:blog.pageType != &quot;index&quot;'>
          <b:if cond='data:post.showThreadedComments'>
            <b:include data='post' name='threaded_comments'/>
          <b:else/>
            <b:include data='post' name='comments'/>
          </b:if>
        </b:if>

      </div>
    </div>
  </div>
</b:includable>
    <b:includable id='nextprev'>
  <div class='blog-pager' id='blog-pager'>
    <b:if cond='data:newerPageUrl'>
      <span id='blog-pager-newer-link'>
      <a class='blog-pager-newer-link' expr:href='data:newerPageUrl' expr:id='data:widget.instanceId + &quot;_blog-pager-newer-link&quot;' expr:title='data:newerPageTitle'><data:newerPageTitle/></a>
      </span>
    </b:if>
	
    <a class='home-link' expr:href='data:blog.homepageUrl'><data:homeMsg/></a>
	
    <b:if cond='data:olderPageUrl'>
      <span id='blog-pager-older-link'>
      <a class='blog-pager-older-link' expr:href='data:olderPageUrl' expr:id='data:widget.instanceId + &quot;_blog-pager-older-link&quot;' expr:title='data:olderPageTitle'><data:olderPageTitle/></a>
      </span>
    </b:if>

    <b:if cond='data:mobileLinkUrl'>
      <div class='blog-mobile-link'>
        <a expr:href='data:mobileLinkUrl'><data:mobileLinkMsg/></a>
      </div>
    </b:if>

  </div>
  <div class='clear'/>
</b:includable>
    <b:includable id='post' var='post'>
<div class='post'>
<b:if cond='data:blog.pageType != &quot;index&quot;'>
<h1><b:if cond='data:post.link'><a expr:href='data:post.link' expr:title='data:post.title'><data:post.title/></a><b:else/><data:post.title/>
</b:if></h1>
</b:if>
<div class='post-header'>
<b:if cond='data:blog.pageType == &quot;index&quot;'>
<b:if cond='data:post.title'>
<h3>
<b:if cond='data:post.link'>
<a expr:href='data:post.link' expr:title='data:post.title'><data:post.title/></a>
<b:else/>
<b:if cond='data:post.url'>
<a expr:href='data:post.url' expr:title='data:post.title'><data:post.title/></a>
<b:else/><data:post.title/>
</b:if>
</b:if>
</h3>
</b:if>
<div class='infoBar'>
<div class='infoBarLeft'>
<b:if cond='data:top.showAuthor'>
<data:top.authorLabel/>
<span><data:post.author/></span>
</b:if>
</div>
<div class='infoBarRight'>
<b:if cond='data:post.allowComments'>
<a class='comment-link' expr:href='data:post.addCommentUrl' expr:onclick='data:post.addCommentOnclick'><b:if cond='data:post.numComments == 1'>1 <data:top.commentLabel/><b:else/><data:post.numComments/> <data:top.commentLabelPlural/></b:if></a>
</b:if>
</div>
</div>
</b:if>
</div>

<div class='post-body'>
<b:if cond='data:blog.pageType == &quot;index&quot;'>
 <span expr:id='&quot;p&quot; + data:post.id'><data:post.body/></span>
 <script type='text/javascript'>readmore(&quot;p<data:post.id/>&quot;)</script><b:else/><data:post.body/></b:if>
 <b:if cond='data:post.hasJumpLink'>
  <a class='jump-link' expr:href='data:post.url + &quot;#more&quot;' rel='nofollow'>more &#187;</a><b:else/>
 <b:if cond='data:blog.pageType == &quot;index&quot;'>
  <a class='jump-link' expr:href='data:post.url' rel='nofollow'>more &#187;</a>
</b:if>
</b:if>
</div>
<div class='clear'/>

<b:if cond='data:blog.pageType == &quot;item&quot;'>
<div class='post-footer'>
<div class='post-labels'>
        <b:if cond='data:post.labels'>
          <data:postLabelsLabel/>
          <b:loop values='data:post.labels' var='label'>
            <a expr:href='data:label.url' rel='tag'><data:label.name/></a><b:if cond='data:label.isLast != &quot;true&quot;'>,</b:if>
          </b:loop>
        </b:if>
</div> 
	  

<div class='post-share-buttons goog-inline-block'>
        <b:if cond='data:post.sharePostUrl'>
          <b:include data='post' name='shareButtons'/>
        </b:if>
</div>

<span class='post-icons'>
        <!-- email post links -->
        <b:if cond='data:post.emailPostUrl'>
          <span class='item-action'>
          <a expr:href='data:post.emailPostUrl' expr:title='data:top.emailPostMsg'>
              <img alt='' class='icon-action' height='13' src='http://img1.blogblog.com/img/icon18_email.gif' width='18'/>
          </a>
          </span>
        </b:if>
        <!-- quickedit pencil -->
        <b:include data='post' name='postQuickEdit'/>
      </span>

      <span class='post-location'>
        <b:if cond='data:top.showLocation'>
          <b:if cond='data:post.location'>
            <data:postLocationLabel/>
            <a expr:href='data:post.location.mapsUrl' target='_blank'><data:post.location.name/></a>
          </b:if>
        </b:if>
      </span> 
    </div>
  </b:if>
  </div>
  <hr/>
</b:includable>
    <b:includable id='postQuickEdit' var='post'>
  <b:if cond='data:post.editUrl'>
    <span expr:class='&quot;item-control &quot; + data:post.adminClass'>
      <a expr:href='data:post.editUrl' expr:title='data:top.editPostMsg'>
        <img alt='' class='icon-action' height='18' src='http://img2.blogblog.com/img/icon18_edit_allbkg.gif' width='18'/>
      </a>
    </span>
  </b:if>
</b:includable>
    <b:includable id='shareButtons' var='post'>
  <b:if cond='data:top.showEmailButton'><a class='goog-inline-block share-button sb-email' expr:href='data:post.sharePostUrl + &quot;&amp;target=email&quot;' expr:title='data:top.emailThisMsg' target='_blank'><span class='share-button-link-text'><data:top.emailThisMsg/></span></a></b:if><b:if cond='data:top.showBlogThisButton'><a class='goog-inline-block share-button sb-blog' expr:href='data:post.sharePostUrl + &quot;&amp;target=blog&quot;' expr:onclick='&quot;window.open(this.href, \&quot;_blank\&quot;, \&quot;height=270,width=475\&quot;); return false;&quot;' expr:title='data:top.blogThisMsg' target='_blank'><span class='share-button-link-text'><data:top.blogThisMsg/></span></a></b:if><b:if cond='data:top.showTwitterButton'><a class='goog-inline-block share-button sb-twitter' expr:href='data:post.sharePostUrl + &quot;&amp;target=twitter&quot;' expr:title='data:top.shareToTwitterMsg' target='_blank'><span class='share-button-link-text'><data:top.shareToTwitterMsg/></span></a></b:if><b:if cond='data:top.showFacebookButton'><a class='goog-inline-block share-button sb-facebook' expr:href='data:post.sharePostUrl + &quot;&amp;target=facebook&quot;' expr:onclick='&quot;window.open(this.href, \&quot;_blank\&quot;, \&quot;height=430,width=640\&quot;); return false;&quot;' expr:title='data:top.shareToFacebookMsg' target='_blank'><span class='share-button-link-text'><data:top.shareToFacebookMsg/></span></a></b:if><b:if cond='data:top.showOrkutButton'><a class='goog-inline-block share-button sb-orkut' expr:href='data:post.sharePostUrl + &quot;&amp;target=orkut&quot;' expr:title='data:top.shareToOrkutMsg' target='_blank'><span class='share-button-link-text'><data:top.shareToOrkutMsg/></span></a></b:if><b:if cond='data:top.showDummy'><div class='goog-inline-block dummy-container'><data:post.dummyTag/></div></b:if>
</b:includable>
    <b:includable id='status-message'>
  <b:if cond='data:navMessage'>
  <div class='status-msg-wrap'>
    <div class='status-msg-body'>
      <data:navMessage/>
    </div>
  </div>
  <div class='clear'/>
  </b:if>
</b:includable>
    <b:includable id='threaded-comment-form' var='post'>
  <div class='comment-form'>
    <a name='comment-form'/>
    <b:if cond='data:mobile'>
      <p><data:blogCommentMessage/></p>
      <data:blogTeamBlogMessage/>
      <a expr:href='data:post.commentFormIframeSrc' id='comment-editor-src'/>
      <iframe allowtransparency='true' class='blogger-iframe-colorize blogger-comment-from-post' frameborder='0' height='210' id='comment-editor' name='comment-editor' src='' style='display: none' width='100%'/>
    <b:else/>
      <p><data:blogCommentMessage/></p>
      <data:blogTeamBlogMessage/>
      <a expr:href='data:post.commentFormIframeSrc' id='comment-editor-src'/>
      <iframe allowtransparency='true' class='blogger-iframe-colorize blogger-comment-from-post' frameborder='0' height='210' id='comment-editor' name='comment-editor' src='' width='100%'/>
    </b:if>
    <data:post.friendConnectJs/>
    <data:post.cmtfpIframe/>
    <script type='text/javascript'>
      BLOG_CMT_createIframe(&#39;<data:post.appRpcRelayPath/>&#39;, &#39;<data:post.communityId/>&#39;);
    </script>
  </div>
</b:includable>
    <b:includable id='threaded_comment_js' var='post'>
  <script async='async' expr:src='data:post.commentSrc' type='text/javascript'/>

  <script type='text/javascript'>
    (function() {
      var items = <data:post.commentJso/>;
      var msgs = <data:post.commentMsgs/>;
      var config = <data:post.commentConfig/>;

// <![CDATA[
      var cursor = null;
      if (items && items.length > 0) {
        cursor = parseInt(items[items.length - 1].timestamp) + 1;
      }

      var bodyFromEntry = function(entry) {
        if (entry.gd$extendedProperty) {
          for (var k in entry.gd$extendedProperty) {
            if (entry.gd$extendedProperty[k].name == 'blogger.contentRemoved') {
              return '<span class="deleted-comment">' + entry.content.$t + '</span>';
            }
          }
        }
        return entry.content.$t;
      }

      var parse = function(data) {
        cursor = null;
        var comments = [];
        if (data && data.feed && data.feed.entry) {
          for (var i = 0, entry; entry = data.feed.entry[i]; i++) {
            var comment = {};
            // comment ID, parsed out of the original id format
            var id = /blog-(\d+).post-(\d+)/.exec(entry.id.$t);
            comment.id = id ? id[2] : null;
            comment.body = bodyFromEntry(entry);
            comment.timestamp = Date.parse(entry.published.$t) + '';
            if (entry.author && entry.author.constructor === Array) {
              var auth = entry.author[0];
              if (auth) {
                comment.author = {
                  name: (auth.name ? auth.name.$t : undefined),
                  profileUrl: (auth.uri ? auth.uri.$t : undefined),
                  avatarUrl: (auth.gd$image ? auth.gd$image.src : undefined)
                };
              }
            }
            if (entry.link) {
              if (entry.link[2]) {
                comment.link = comment.permalink = entry.link[2].href;
              }
              if (entry.link[3]) {
                var pid = /.*comments\/default\/(\d+)\?.*/.exec(entry.link[3].href);
                if (pid && pid[1]) {
                  comment.parentId = pid[1];
                }
              }
            }
            comment.deleteclass = 'item-control blog-admin';
            if (entry.gd$extendedProperty) {
              for (var k in entry.gd$extendedProperty) {
                if (entry.gd$extendedProperty[k].name == 'blogger.itemClass') {
                  comment.deleteclass += ' ' + entry.gd$extendedProperty[k].value;
                }
              }
            }
            comments.push(comment);
          }
        }
        return comments;
      };

      var paginator = function(callback) {
        if (hasMore()) {
          var url = config.feed + '?alt=json&v=2&orderby=published&reverse=false&max-results=50';
          if (cursor) {
            url += '&published-min=' + new Date(cursor).toISOString();
          }
          window.bloggercomments = function(data) {
            var parsed = parse(data);
            cursor = parsed.length < 50 ? null
                : parseInt(parsed[parsed.length - 1].timestamp) + 1
            callback(parsed);
            window.bloggercomments = null;
          }
          url += '&callback=bloggercomments';
          var script = document.createElement('script');
          script.type = 'text/javascript';
          script.src = url;
          document.getElementsByTagName('head')[0].appendChild(script);
        }
      };
      var hasMore = function() {
        return !!cursor;
      };
      var getMeta = function(key, comment) {
        if ('iswriter' == key) {
          var matches = !!comment.author
              && comment.author.name == config.authorName
              && comment.author.profileUrl == config.authorUrl;
          return matches ? 'true' : '';
        } else if ('deletelink' == key) {
          return config.baseUri + '/delete-comment.g?blogID='
               + config.blogId + '&postID=' + comment.id;
        } else if ('deleteclass' == key) {
          return comment.deleteclass;
        }
        return '';
      };

      var replybox = null;
      var replyUrlParts = null;
      var replyParent = undefined;

      var onReply = function(commentId, domId) {
        if (replybox == null) {
          // lazily cache replybox, and adjust to suit this style:
          replybox = document.getElementById('comment-editor');
          if (replybox != null) {
            replybox.height = '210px';
            replybox.style.display = 'block';
            replyUrlParts = replybox.src.split('#');
          }
        }
        if (replybox && (commentId !== replyParent)) {
          document.getElementById(domId).insertBefore(replybox, null);
          replybox.src = replyUrlParts[0]
              + (commentId ? '&parentID=' + commentId : '')
              + '#' + replyUrlParts[1];
          replyParent = commentId;
        }
      };

      var hash = (window.location.hash || '#').substring(1);
      var startThread, targetComment;
      if (/^comment-form_/.test(hash)) {
        startThread = hash.substring('comment-form_'.length);
      } else if (/^c[0-9]+$/.test(hash)) {
        targetComment = hash.substring(1);
      }

      // Configure commenting API:
      var configJso = {
        'maxDepth': config.maxThreadDepth
      };
      var provider = {
        'id': config.postId,
        'data': items,
        'loadNext': paginator,
        'hasMore': hasMore,
        'getMeta': getMeta,
        'onReply': onReply,
        'rendered': true,
        'initComment': targetComment,
        'initReplyThread': startThread,
        'config': configJso,
        'messages': msgs
      };

      var render = function() {
        if (window.goog && window.goog.comments) {
          var holder = document.getElementById('comment-holder');
          window.goog.comments.render(holder, provider);
        }
      };

      // render now, or queue to render when library loads:
      if (window.goog && window.goog.comments) {
        render();
      } else {
        window.goog = window.goog || {};
        window.goog.comments = window.goog.comments || {};
        window.goog.comments.loadQueue = window.goog.comments.loadQueue || [];
        window.goog.comments.loadQueue.push(render);
      }
    })();
// ]]>
  </script>
</b:includable>
    <b:includable id='threaded_comments' var='post'>
  <div class='comments' id='comments'>
    <a name='comments'/>
    <h4><data:post.commentLabelFull/>:</h4>

    <div class='comments-content'>
      <b:if cond='data:post.embedCommentForm'>
        <b:include data='post' name='threaded_comment_js'/>
      </b:if>
      <div id='comment-holder'>
         <data:post.commentHtml/>
      </div>
    </div>

    <p class='comment-footer'>
      <b:if cond='data:post.allowNewComments'>
        <b:include data='post' name='threaded-comment-form'/>
      <b:else/>
        <data:post.noNewCommentsText/>
      </b:if>
    </p>

    <b:if cond='data:showCmtPopup'>
      <div id='comment-popup'>
        <iframe allowtransparency='true' frameborder='0' id='comment-actions' name='comment-actions' scrolling='no'>
        </iframe>
      </div>
    </b:if>

    <div id='backlinks-container'>
    <div expr:id='data:widget.instanceId + &quot;_backlinks-container&quot;'>
       <b:if cond='data:post.showBacklinks'>
         <b:include data='post' name='backlinks'/>
       </b:if>
    </div>
    </div>
  </div>
</b:includable>
  </b:widget>
</b:section>
</div>

<div id='sidebar-wrapper'>
<b:section class='sidebar' id='sidebar' preferred='yes'>
  <b:widget id='PopularPosts1' locked='false' title='Popular Posts' type='PopularPosts'>
    <b:includable id='main'>
<b:if cond='data:title'><h2><data:title/></h2></b:if>
  <div class='widget-content popular-posts'>
    <ul>
      <b:loop values='data:posts' var='post'>
      <dd>
        <b:if cond='data:showThumbnails == &quot;false&quot;'>
          <b:if cond='data:showSnippets == &quot;false&quot;'>
            <!-- (1) No snippet/thumbnail -->
            <a expr:href='data:post.href'><data:post.title/></a>
          <b:else/>
            <!-- (2) Show only snippets -->
            <div class='item-title'><a expr:href='data:post.href'><data:post.title/></a></div>
            <div class='item-snippet'><data:post.snippet/></div>
          </b:if>
        <b:else/>
          <b:if cond='data:showSnippets == &quot;false&quot;'>
            <!-- (3) Show only thumbnails -->
            <div class='item-thumbnail-only'>
              <b:if cond='data:post.thumbnail'>
                <div class='item-thumbnail'>
                  <a expr:href='data:post.href' target='_blank'>
                    <img alt='' border='0' expr:height='data:thumbnailSize' expr:src='data:post.thumbnail' expr:width='data:thumbnailSize'/>
                  </a>
                </div>
              </b:if>
              <div class='item-title'><a expr:href='data:post.href'><data:post.title/></a></div>
            </div>
            <div style='clear: both;'/>
          <b:else/>
           <!-- (4) Show snippets and thumbnails -->
        <b:if cond='data:post.thumbnail'>
          <a expr:href='data:post.href'><img expr:alt='data:post.title' expr:src='data:post.thumbnail' height='50' width='50'/></a>
<b:else/>
          <a expr:href='data:post.href'><img alt='no image' height='50' src='http://lh4.ggpht.com/_u7a1IFxc4WI/TTjruHJjcfI/AAAAAAAAAk0/i11Oj6i_bHY/s50/no-image.png' width='50'/></a>
        </b:if>
        <a expr:href='data:post.href' expr:title='data:post.snippet' rel='bookmark'><data:post.title/></a>
            <div style='clear: both;'/>
          </b:if>
        </b:if>
      </dd>
      </b:loop>
    </ul>
  </div>
</b:includable>
  </b:widget>
  <b:widget id='Label1' locked='false' title='Labels' type='Label'>
    <b:includable id='main'>
  <b:if cond='data:title'>
    <h2><data:title/></h2>
  </b:if>
  <div expr:class='&quot;widget-content &quot; + data:display + &quot;-label-widget-content&quot;'>
    <b:if cond='data:display == &quot;list&quot;'>
      <ul>
      <b:loop values='data:labels' var='label'>
        <li>
          <b:if cond='data:blog.url == data:label.url'>
            <span expr:dir='data:blog.languageDirection'><data:label.name/></span>
          <b:else/>
            <a expr:dir='data:blog.languageDirection' expr:href='data:label.url'><data:label.name/></a>
          </b:if>
        </li>
      </b:loop>
      </ul>
    <b:else/>
      <b:loop values='data:labels' var='label'>
        <span expr:class='&quot;label-size label-size-&quot; + data:label.cssSize'>
          <b:if cond='data:blog.url == data:label.url'>
            <span expr:dir='data:blog.languageDirection'><data:label.name/></span>
          <b:else/>
            <a expr:dir='data:blog.languageDirection' expr:href='data:label.url'><data:label.name/></a>
          </b:if>
          <b:if cond='data:showFreqNumbers'>
            <span class='label-count' dir='ltr'>(<data:label.count/>)</span>
          </b:if>
        </span>
      </b:loop>
    </b:if>
    <b:include name='quickedit'/>
  </div>
</b:includable>
  </b:widget>
  <b:widget id='HTML3' locked='false' title='' type='HTML'>
    <b:includable id='main'>
  <!-- only display title if it's non-empty -->
  <b:if cond='data:title != &quot;&quot;'>
    <h2 class='title'><data:title/></h2>
  </b:if>
  <div class='widget-content'>
    <data:content/>
  </div>

  <b:include name='quickedit'/>
</b:includable>
  </b:widget>
</b:section>
<b:section class='sidebar' id='sidebar2' maxwidgets='4' preferred='yes' showaddelement='no'>
  <b:widget id='Image1' locked='true' title='Banner1' type='Image'>
    <b:includable id='main'>
    <b:if cond='data:title != &quot;&quot;'>
      <h2><data:title/></h2>
    </b:if>
    <div class='widget-content'>
      <b:if cond='data:link != &quot;&quot;'>
        <a expr:href='data:link' expr:title='data:caption'>
          <img expr:alt='data:title' expr:height='data:height' expr:id='data:widget.instanceId + &quot;_img&quot;' expr:src='data:sourceUrl' expr:width='data:width'/>
        </a>
      <b:else/>
        <img expr:alt='data:title' expr:height='data:height' expr:id='data:widget.instanceId + &quot;_img&quot;' expr:src='data:sourceUrl' expr:width='data:width'/>
      </b:if>
    </div>
    <b:include name='quickedit'/>
  </b:includable>
  </b:widget>
  <b:widget id='Image2' locked='true' title='Banner2' type='Image'>
    <b:includable id='main'>
    <b:if cond='data:title != &quot;&quot;'>
      <h2><data:title/></h2>
    </b:if>
    <div class='widget-content'>
      <b:if cond='data:link != &quot;&quot;'>
        <a expr:href='data:link' expr:title='data:caption'>
          <img expr:alt='data:title' expr:height='data:height' expr:id='data:widget.instanceId + &quot;_img&quot;' expr:src='data:sourceUrl' expr:width='data:width'/>
        </a>
      <b:else/>
        <img expr:alt='data:title' expr:height='data:height' expr:id='data:widget.instanceId + &quot;_img&quot;' expr:src='data:sourceUrl' expr:width='data:width'/>
      </b:if>
    </div>
    <b:include name='quickedit'/>
  </b:includable>
  </b:widget>
  <b:widget id='Image3' locked='true' title='Banner3' type='Image'>
    <b:includable id='main'>
    <b:if cond='data:title != &quot;&quot;'>
      <h2><data:title/></h2>
    </b:if>
    <div class='widget-content'>
      <b:if cond='data:link != &quot;&quot;'>
        <a expr:href='data:link' expr:title='data:caption'>
          <img expr:alt='data:title' expr:height='data:height' expr:id='data:widget.instanceId + &quot;_img&quot;' expr:src='data:sourceUrl' expr:width='data:width'/>
        </a>
      <b:else/>
        <img expr:alt='data:title' expr:height='data:height' expr:id='data:widget.instanceId + &quot;_img&quot;' expr:src='data:sourceUrl' expr:width='data:width'/>
      </b:if>
    </div>
    <b:include name='quickedit'/>
  </b:includable>
  </b:widget>
  <b:widget id='Image4' locked='true' title='Banner4' type='Image'>
    <b:includable id='main'>
    <b:if cond='data:title != &quot;&quot;'>
      <h2><data:title/></h2>
    </b:if>
    <div class='widget-content'>
      <b:if cond='data:link != &quot;&quot;'>
        <a expr:href='data:link' expr:title='data:caption'>
          <img expr:alt='data:title' expr:height='data:height' expr:id='data:widget.instanceId + &quot;_img&quot;' expr:src='data:sourceUrl' expr:width='data:width'/>
        </a>
      <b:else/>
        <img expr:alt='data:title' expr:height='data:height' expr:id='data:widget.instanceId + &quot;_img&quot;' expr:src='data:sourceUrl' expr:width='data:width'/>
      </b:if>
    </div>
    <b:include name='quickedit'/>
  </b:includable>
  </b:widget>
</b:section>
</div>

<div class='clear'/>
</div> 
</div>

<div class='footer'>
<div class='footerTopBar'/>
<div class='footerMain main'>
<b:section class='footerBox' id='column1' preferred='yes'>
  <b:widget id='HTML1' locked='false' title='Contact info' type='HTML'>
    <b:includable id='main'>
  <!-- only display title if it's non-empty -->
  <b:if cond='data:title != &quot;&quot;'>
    <h2 class='title'><data:title/></h2>
  </b:if>
  <div class='widget-content'>
    <data:content/>
  </div>

  <b:include name='quickedit'/>
</b:includable>
  </b:widget>
</b:section>
<b:section class='footerBox' id='column2' preferred='yes'>
  <b:widget id='HTML2' locked='false' title='Our offices' type='HTML'>
    <b:includable id='main'>
  <!-- only display title if it's non-empty -->
  <b:if cond='data:title != &quot;&quot;'>
    <h2 class='title'><data:title/></h2>
  </b:if>
  <div class='widget-content'>
    <data:content/>
  </div>

  <b:include name='quickedit'/>
</b:includable>
  </b:widget>
</b:section>
<b:section class='footerBox' id='column3' preferred='yes'>
  <b:widget id='LinkList1' locked='false' title='Latest projects' type='LinkList'>
    <b:includable id='main'>

<b:if cond='data:title'><h2><data:title/></h2></b:if>
 <div class='widget-content'>
   <ul>
     <b:loop values='data:links' var='link'>
       <li><a expr:href='data:link.target'><data:link.name/></a></li>
     </b:loop>
   </ul>
   <b:include name='quickedit'/>
 </div>
</b:includable>
  </b:widget>
</b:section>
<b:section class='footerBox' id='column4' preferred='yes'>
  <b:widget id='FollowByEmail1' locked='false' title='Subscribe to our newsletter' type='FollowByEmail'>
    <b:includable id='main'>
  <b:if cond='data:title != &quot;&quot;'><h2 class='title'><data:title/></h2></b:if>
  <div class='widget-content'>
    <div class='follow-by-email-inner'>
      <form action='http://feedburner.google.com/fb/a/mailverify' expr:onsubmit='&quot;window.open(\&quot;http://feedburner.google.com/fb/a/mailverify?uri=&quot; + data:feedPath + &quot;\&quot;, \&quot;popupwindow\&quot;, \&quot;scrollbars=yes,width=550,height=520\&quot;); return true&quot;' method='post' target='popupwindow'>
      <input class='footerNewsletterText' name='email' placeholder='Email address...' type='text'/>
      <input class='footerNewsletterButton' type='submit' value=''/>
      <input expr:value='data:feedPath' name='uri' type='hidden'/>
      <input name='loc' type='hidden' value='en_US'/>
      </form>
    </div>
<div class='clear'/>
<ul class='footerSocial itemList'>
 <li class='footerSocialRSS'><a class='imageLink' expr:href='data:blog.homepageUrl + &quot;feeds/posts/default&quot;'/></li>
 <li class='footerSocialFacebook'><a class='imageLink' href='#'/></li>
 <li class='footerSocialTwitter'><a class='imageLink' href='#'/></li>
</ul>
<div class='clear'/>
</div>
<span class='item-control blog-admin'>
<b:include name='quickedit'/>
</span>
</b:includable>
  </b:widget>
</b:section>
<div class='clear'/>
</div>
<div class='footerText'>
  Copyright &#169; 2013 <a expr:href='data:blog.homepageUrl' id='copyright'><data:blog.title/></a> and <a href='http://gooyaabitemplates.com'>Blogger Templates</a>
</div>
</div>
<script type='text/javascript'>//<![CDATA[
var posts=4,
    num=2,
    previous="&#171;",
    next="&#187;";
eval(function(p,a,c,k,e,r){e=function(c){return(c<a?'':e(parseInt(c/a)))+((c=c%a)>35?String.fromCharCode(c+29):c.toString(36))};if(!''.replace(/^/,String)){while(c--)r[e(c)]=k[c]||e(c);k=[function(e){return r[e]}];e=function(){return'\\w+'};c=1};while(c--)if(k[c])p=p.replace(new RegExp('\\b'+e(c)+'\\b','g'),k[c]);return p}('3m((1U(x){11 d="";11 p=0;3n(p<x.1i){12(x.1W(p)!="`")d+=x.1W(p++);1k{11 l=x.1x(p+3)-28;12(l>4)d+=d.1y(d.1i-x.1x(p+1)*3o-x.1x(p+2)+3p-l,l);1k d+="`";p+=4}}1m d})("11 G = \\"/\\", C = 1X.1d, H, D, B, F;I();1U 1Y(3q) {11 1n = \\"\\";3r = 3s(1z / 2);12 (` 7\'= 1z - ` *%) {1z =` (& * 2 + 1;}3u = B` E(` m!` 4\\"< 1) {` >$1;}3v`!>(`!p& / 3w)` y!` b!` H$- 1 == ` 80{` j\'` D(;}3x = `!;\\"+`\\"3#` t\\"` 6\\">` I%) {` F%` ,#;}`#?!+= \\"<17 1o=\'3y\'>3C \\" + B + \\" 3D` (!`!9%+ \\"</17>\\";11 1A`\\"!`\\"P(B)`!H%B >`#)!` &\\"== 2` &#D == \\"3E\\") {`!I&a 1d=\\\\\\"\\" + G + \\"\\\\\\">\\" +`!%!3F`!=\\"a>\\";} 1k` 3G/3H/3I/\\" + F + \\"?&1Z-3J=` q!3K` n!` 3M`! #`!3N#\\\\\\" 3O=\\\\\\"3P(` v$`#(\\"+ \\");1m 1B`!3Q` 3R`\\"O!` 3S}21 (11 1a`&>$; 1a <= `&\'!; 1a++`$h(1a`\\"a)`&+\'\\\\\\"22`!)#1a`%u)`#P\'1a ==`%b%`%3U`$3V` o$`$3W`\\"Y\\"`#3Y`\\"r$`$T[` 40}11 23`)25`,@$B <`+>(`!~``!)&`!42`\\"&a` 44`\\"o!45 = 26.46(`\\"]!48\\")`-B!49`#E!` D/4a(\\"4b-4c\\");`(}%p = 0; p <`!3%.1i; p`)#!` /$[p].4d =`2g!;}12 (`!l%&&` U, > 0`$B$`33!` L!`!g%) {` #%` p)\\"<1p`)}%4e`#2#`$(\\" \\"</1p`+/\\"`4V$4f(2a`4U#1C = 2a.1C`#5!` A%`&X(1C.4g`)s!$` @!R`)b\\".$t, 10);1Y(` ]%);`!A&I(`!2#4h = C`\'S!` )#.2c(`*p,) != -`,$$` =-?4i-1Z` A\'F =`!\\"$.4j` i?+ 14,` Q%` 4k)`(!%` 7l&` x$`%T!` ..q=\\") == -1 &&` N..1n` :$`\\"4l`!<-` F$D `+F$`$4!C` I&#4m=`#V\'B = C`\\"I\'` 82+ 8, C`\'w#`#-&B = 1;}`)T%4n(\\"<4o 1q`4q(4r/`0)!/4s?`0@(1&2d=4t-4u-` ^\\"&4v=`\'u+\\\\\\"></` >\\">\\"`!H&`\\"W!`\\"m!`\\"W\\"`#%-`1P*`#+&`4w\\"= 20`*\'\\"`\\"4~`\\"\\\\V/-`3d\'`\\"4x`\\"O)1\\\\\\" `#5*`+f\'`4y)4z) {4B = ` /\' - 1) * `!c!;H = ` 2&`,.!4C`/4D`/}\\"4E\\")[0]` O\\"4F` N(4G` V#(\\"`!|\\"\\");` D&.4H = \\"1D/4I` >#` 8(4J(\\"1q\\",`&4L`\\"N!-`% !=\\" + `\\"]&+ `&&*`\'(:4N`!n!4O.4Q(`!W&`.J(`3{*`#/~`#/~`#R[`\'v)`#;~`$ 9` K(`43$4R`4+(.4S`#?$4T =`$=!.4W.$t`+M\'0, 19) +` (4X, 29)` l* = 4Y(`!/&)`-Z!D =`4Z$) {11 51 = `52$`3\'(`#Y!` y&`#N,\\"`!b#s + `->& + H`-3%` 53`1{$`$h%` 54.1d =`!1#;}(`$Q%($) {$.2e.2f = ` 5&1E`\\"o#16 = ` ;*, c = 16.c, $55 = $([\\"<17 1o=\\\\\\"\\", c.` :!56, \\"\\\\\\"> \\\\57\\\\58</17>\\"].59(\\"\\")), 1r`!:)`!>#$$` }!1F), 1e = 5a($$);5b(1e.5c);$$.5d`!v$5e().5f().5g` 0);}, 5h` 5i, o`\\"t\\"1E`!78` \\"( = 2i` @$`!%)o.5j`$ !5k($$[0], o.$2j) > -1;$$`!x/12 (` @#`4&# && $$.5l([\\"1f.\\", o.2k`$E!`$(\'` M$< 1) {1r.2l` l$);}}, o.2m`#4!`\\"f#`#0)$1e`#;#`#-#` .!`!:\'13.`%j!1e`%f$:2n`%U([0];`#X!`#^#[`#C\\"5m];1m` }!;}, 5n`&u#`!@\'a) {$a.1G`!\\"!(c.5o`\\"S\\")`-,#(`\'P\\".5p());}` u$1F.2o`$<*`(D! =` 9\\"`!J\\"`!\\\\#`#:#`,=!o`$`!5q({}, 16.2p, 1E);`#P#`&@!`$4! + o.2j`\\"n#`&U!.2q(0,` 5#5r)`!E/`\'$#`\\"E&[`$|(, c.5s`%&) \\")).5t(\\"1f:2s(13)\\").2t` `\\"`!H\');})`$/![s]`\'s$ = o;`!|!` W%`!s#[`+D!`!=!5u && !o.5v ? \\"` 4\'\\" :` )#\\"](1r`)U!`\\"60`\'c\\"5w`%0!s) {`%9$($(\\">a`&(\\"-2u`!G$);}}).1s(\\"`#f!`\\"f%`*5x`*[!a`$5\\"a` Z$;$a`!=,i`+$$1f = $a.1t(i)`\'c%\\"1f\\"` Q\\"` 2!5y`*H+`(}%$1f);}).5z` 5+2v` 6);});o.5A` 2#`!Y\\"}`\\"5B`)@$`\\"F!5C = [`)/\']`+0!`$d!.5D`$E!($.5E.5F`+G!` )%5G < 7)) {` w\'.5H(c.s` f!`%p$`&l-` F(`&e&`\\"9!`#y!`18/`&V! = [`*o&{};16.5I`/5J`.x&12 `!5K> 6 && o`\\"1H,o.5L`3c\\"1I != 2w) {`*l!5M`(T#16.`\\"[) + \\"-5N\\");}`!t!c = {`&`#:\\"16-5O\\"`1-\\"` 1&5P-5Q\\", `,]\'` 8!5R-13\\", `3z&` 4!5S-5T\\", `!C\'` :\\"` +!\\"`!I!`,7$ = {`+/&:\\"5U`)Q!, `*a%:\\"5V` 7#`,9\\":1, `5W!:5X, `#1%:{`#4#:\\"1u\\"}, 5Y:\\"5Z`!{!`*-%:1h, `#}\'` *$`+9$:1B, `(%\\":`%1)}, 61` */62` \\"63` (+};`&d!`/E$`+ +` ?*`&I), 1s = o.64`/k!== 1h ? `/{$: \\"\\";` 7* `\\"7!`,#\\"13`,%!`4A:`2x$1G`)%#1s(1s`/?,` S&).2y(\\">13\\"`-@\\"().1J(\\"65\\", \\"2A\\"`+p\\"1L`,(#13)`3 (;}, 1u`\\"66 `!V!`!-&:` s$`34#`#/.67` &\\"`(68,`\\"v#` q!`+S%`\\"-3`!#&`\\"1/` )!69\\"`2<!`+K\\"`\\";\'o.`&!(` .\'$13`*r#e(`*x\', o.`\'U!,`,&*` 6a` g+});}`#L)`/p!(2B);`/W\'$) {`&x!6b`-;)6c`#Q#6e`.6!`\'G$},`.B\\"` X&`*a%, ` X$`$|(`6f`+6!22` f!:0, ` )#2D:\\"\\", 2E` :!s:0, 2F` 7!1N`*2$6g` &$2G` &\\"`0=#`\\"H$`6h#;` +\\".2H(\\"1v:2I\\",`!W!` 6%`%9!2J\\", \\"2K`%8!` =\\"`&\\"%` a!`\\"p\\"\\")`!0!1w =`!5#.6i();6j`\\"6k` A!`!]\'11 2M = \\"\\"`1V!!` >!.1O(\\"1c\\")`(G#` ,&a` /!` *\\"`!P*-6l\\");` o#` C!;}`!0$` Q\\"`(#\\"1c:2n\\");}`!T%6m`+q!` D\\"1Q()`!U!` 3(= 0`!=$` C*6n(\\"` R!` j)6o` >%h` *!` m(` 9$` o\'` E+` u\\"` T\\"\\");}`!E+>`$\\"$`!m#) {` $)` A&` P(` }#` T%`!Q$` T&` +#` C\'` Y#`#]!!= \\"\\") {2M`&*\\"6p`+F!2N\\")`#w#` &6q.`\'\'++;}`\\"r\\"`)]$.6r`(a\\" >`\\"z!` %5=`\'\\\\!` c() {` 60` 7. - 1`$L!s.`)m( =`+$%` U\'`\\"\\\\\\"$(1w[` C-])`\'3)` 4(`*X!`\'|!` 2O;} 1k` \'L`\'6s`!A?`(h\\"` *7`$F,1R\\");}`+8(2Q\\", \\"2R(\\" +`#\\\\\\"`!u(`\'<#1q\\") + \\") 2T-2U\\");21 (11 i = 0; i <`#p\'6t; i++`/;$6u`)5$2V.`!<!(`\'x* /` T,`&6\\"i =`$m(` 5! - 1`\'n&6v($(\\"<1p 1o=\\\\`+c\\"` K!\\\\\\"></1p>`3A#{6w:`!L\'* i + \\"2X\\", `!J!:`!M+-`!y(` D&})`%;&` 6x` 5$`!-\'`$p$` 6y`2h!\\\\\\"><p></p`!,+`%g#:`*<\\", 1I:`#f%` Y#O` 2\\"})`$-\\"`%6z\\")`+b%11 ` /!`)}$` :6` s!` \'!.1y(0, 1) == \\"#\\") {` `$$` @\\").1n();}$(\\".`\\"@( p\\",`-]#` >#` K\\";` 9,` <\'2Y`,?&2Z`6A#6B`4P!0`2S\\"` ?%1S &&`3e!.30`/b!1`!s!` U\\"6C`6D*6E`(\'#,` ^!,`\'h%, 1B);}` *&.31`+3#` 0%32` u!35`(/-`%L/` D(\\\\\\"><a` 1*1A` 4\\"6F</a` 1-23` <\\"6G` =!`&:#`0**` }(1L`,e!`$(#` 0(`$O(6H();`24$1r`#+*` A<1u(`#4!` *I`!1#}`&5\\"a` F\\"`\\"c#` <\'6I(\\"6J\\"` s+`(:%1N) {1m`$f\\";}6K`%E%`%]!);`%a$\\"\\"`3c\\"`2.)-= 2;`%J<\\"1A\\"`!v!`!p&`$;#` x~`!u!`!B=6L`2L!`\'*,36`\'2\\"11 6M` /\\"`*Q!`,25` K%`.)\'`%i$`\'n#` \\\\\'`6N`)g\'`1l$`!6O`!X#2u =` Y\\"1t(i`\'k\\"!` 3!`4K!1c`4M!` B$` 4\\"2y` 7!:38`\\"f!` 6P`+!#`\\"##`*(&`)@+` W#\\\\\\" 39=\\\\\\"\\" +`6Q\\"\\\\\\"><1c 1q` 0#`!I\\"`.^\\"39\\")` A\\" 2d=\\\\\\"\\\\\\" /></a>\\"`27&` 6R\\").6S`\\"6T`->\'` 1,R` \\\\\\"`!6U`!6V\\" + (i + 1`!(!` v%`0{&`!R% a:1t(\\" +`2W)`*2\\"+ \\")`)P\'6W(\\"3a\\"`1j(` f\'`)6X ($(1F).2s`!,+`*,M`)3#1J(\\"2Q\\", \\"2R`\\"P-2D`%4(`\\"h! 2T-2U\\")`-5/= `!h$`\'.(- 1`+X>`#9#`+6Y`+x\\"$(3b).6Z`1-\'70`#U#` \'!.71 == \\"37\\"`.~~`/^>`!72` 73`/:E`#V-74) {`%h#2k`#W\'`.;\\"` G#d = 1h;`!6<}`\'m+` U*`\\"5\\"12 ` T\\"`\\"j!\\" && !`!T%1S) {` t$2i`!.%` u)`\\"H<`!/!);}`,D\'`!K!75`\\"w#`\\"[#b`0/!1v:3f`),`$J(`\\"+%$(1w).2o`!R*`*1(1O(\\"a`*-!` *$`)`!3g\\", \\"2N`$N#` S\\"1w[`&X-]` ^*` ,5` o,1R`&s$`#t,`$@(`#2~`#76` ,%77.2l`#/\\"`+4!);`!)%` n<79`$S\\"`-5! =`//#.2H`%+#2I\\"`#o\\"(`\\"e! ||`-b\\"2G)`\\"l!` a$`)[*`!e%7a`!].12 (` S%`.,m`3B$12 (`! !`$m!`+}\\"` ;p` z*`+1H\\"` 4p}`\'?-++`#F!`1;/=` x\\"2E` .!s`)`$`1g+0;`$E%`!m!3h`&0)` 7b< 0` ]3`!+,`2b!` a!`)1H;1c`){!`\\"i-`3Z!` 2O`%(%` )J.f`,y!1c:38`$b%`\\"g%`41#`3t$\\".1v-` ,& a\\",`(Q#).7c(\\"3a\\");` 7d:1t`%/-`#5\\"+ \\")` i\'1G` a,`#{-`%m(7e\\") != \\"\\"`*8#` /!`$,$` :6`1<#7f.1y(0, 1)`\'M!#\\"`,}!` b\\"$` @\\").1n(`!J#`\\"=&7g`!y\'`.C)` j\\"`.L#`#H(` Q\\" p` N\'7h`$%&2Z`1/+`7i$`!L!`!W\\";` ,$2Y` Q/`-m\\"`%q#`!+9` k(}`\\".7` 7j` 7k`\\")A);}11 i`)g!` Y%2q` U\'`3T.11 ` A!7m = 2V.`, !`1T#.1Q() /`1+&` M!s`#7&1J({7n:\\"7o\\", 1I:\\"0\\", `,p&:`,7p -\\" + (`!^\'+ i *`!n(-` \\"\'` Z!2X 0%\\"});i++;}`\'5\\"`!x%7q`&C!7r`(!$7s = 7t 7u(\\"` s!7v\\", ` (&7w` \'&3i` 3*3i` 0+7x` 3\'` U(7y`/p!7z\\");`\\"w!2F =`!P\\"[`$6!7A(`$@\\"`!u!() * (` =!.30`\\"x!1))]`/k&` `&= 2w`-y$` |\'`!9\\";}`,s*`#&\\".2c(\\",`+6\\"-1`#$+` A,7B` J!`!-$.7C`!o\\"`!{8`\\"*()]`\'^\\"s.1N = 1h`$`5`$=%\\" ||`!N,` 4*`$S\\" ||`&p\\"`#$(` 10` 7D`$n!` L;` ?!`.R%7E`)u!`)z&`)P%s`.*!`){2`\\":>`!\\"H` n=.7F();}` H\\"`+78`0\\"\\"7G);` +!`/`\\"3j\\", `+!!`!z\\"i =`%r\'`!>#- 1) {7H` u*` i\\"7I`+p&3k%`+o(1.0\\"},` r&`1T\'\\"\\"`1T+`-&#7J(\\"1v:3f\\"`0\'\\", 3k +`$N%`/.&` 2v` 2`%n%+= 50`,}$`!E#`%:7K`\'\':`,`$`%[7` 7(` 7L`&=<` ;#`\'(}` ~H`\'#~7M(\\"7N`\'&~`\'&~`\'&~`\'.v`/{>` >\\"`\'m?` 7O`&G>`/7P`\'7Q`!*N`\'7R`(%%0`%n%`2x/++`&I&`(7S`\\"!}12 (v`\'~`\'~`\'~`(c:v`(\\\\7T`%7U` 6!`\'>:`%7V`%7W 7X =` :\\".1Q(`.Z({3j:`%b!, `\\"~+` H!` 6\\"}`.6d` n\\"`!P%`$}~`%7Y`!<O`.7Z`%81`%y$`%?M`%]#`+&\\"`%/\\"\\", `%1\\"`$h=` U$`\\"{%`\\"Q> * 2`$+W`$L#` 83);}`#f$}};$.2e`#\\"!S`!7\\"2p = {`#t\\":\\"84`-y!`\\"R\\":15, ` j%:85, 31:86, 87` n!:0, 32`\\"B!35:1h` %*1L` 0#36` >&` \'&88:89` %/8a` \'8b:\\".8c\\"` -.8d:\\"8e` ?#8f`!D&`\\"B!8g` ,#1S`!6%8h`$*#0.8, 8i:`%+)}, 8j` %3`%R!3h` .+`$Y#`3L$ = [].` &#;})(2B`\'=\\"$(\\"#8k`\'Z!).1i`\'<!\\"<a 1o=\\\\\\"` :%8l\\\\\\" 8m=\\\\\\"8n: 8o !8p; 1D-8q: 0` .)3g: 8r` I*2J: 2K` 1*`!%!8s`! 2z`!.!x: 8t` -)8u-8v: 8w` /)8x: #8y` /(\\\\\\" 1d=\\\\\\"8z://8A.8B.3l\\\\\\"> - T` ,# 8C <17`#!%` x$8D` r*>8E` S$s</17></a>\\").8F`$;*`$U$.`$/\'\\").1O(\\":2A\\")) {26.1X.1d = `!8G\\";}`%S!8H\\").2t(`!,%a[`\\"a.` Y$8I.3l/\\\\\\"]`&,(3b` M`!#3` 4~`\\" L`!M~` <u$(` S\\").8J`2],\\"13.16-1e\\").2f({2m:3`/\\\\!`/w!\\"8K\\", 8L`.w%8M` (\'`1b\\"8N:{`3^\\":\\"1u\\"}, 8O`,o*$(\\"`!>$ 13\\"`47#`+I#\\", \\"1R\\");}}`2r!`!u;#`3X\\"\\")`2C\'({`1M)`!s$`1K,`8P-`0\\"(`2P!8Q`!@\\"`!.%8R(8S,`-`!`!F!` +!).8T(1D == ` }! ? \\"\\" : ` 5)`%$$ == 0 ?` a!` 3-);}}"))',62,552,'|||||||||||||||||||||||||||||||||||||||||||||||||||||||||||||||var|if|ul|||sf|span|||jj||img|href|menu|li||true|length||else||return|html|class|div|src|over|not|eq|show|nivo|kids|charCodeAt|substr|num|prev|false|feed|text|op|this|add|_|opacity|css||Hide||running|is||width|block|manualAdvance|01|function||charAt|location|loophalaman|max||for|current|next||i0|document||||root||indexOf|alt|fn|superfish|||set|path|hover|call|delay|first|each|defaults|slice||has|remove|child|ut|undefined|0H|find||hidden|jQuery||Image|total|randAnim|stop|data|vars|position|relativ||link|none|C4||background|url||no|repeat|Math||px|fadeIn|animSpeed|leng|pauseTime|dire|||Nav|control||firs|rel|active|window||||animFinished|display|showEnd|Up|top|100|com|eval|while|96|3104|banyakdata|nomerkiri|parseInt||mulai|maksimal|posts|akhir|pages||||Page|of|page|ious|H1|search|label|results|ost||l6|PA|onclick|redirectpage|rP|x2|UV||1I1|Yr|Ug||u1||ZD||O4next||ZM|pageArea|getElementsByName||Area|blogPag|ById|blog|pager|innerHTML|pagenavi|hitungtotaldata|openS|thisUrl|updated|substring|o3|z4|PageNo|write|script||0j|feeds|summary|json|in|callback|1_|iG|0v|numberpage||jsonstart|nBody|g5Tag|head|ewInclude|create|type|java|setAttribute||n6||finddatepos|Body||appendChild|post|entry|timestamp1|||published|923|encodeURIComponent|0D||alamat|0x|n1|Mblocation|arrow|Class|xC2|xBB|join|getMenu|clearTimeout|sfTimer|showS|Ul|siblings|hide|out|tP|retainPath|inArray|parents|erial|addA|ancho|clone|extend|Levels|bc|filter|Intent|disableHI|auto|b0|focus|blur|onIni|x0|es|dropShadows|browser|msie|version|push|IE7fix|00|lA|anim|toggl|off|breadcrumb|js|enabled|with|sub|indicator|sfH|overideThisToUse|0B|800|speed|norma||onBeforeShow|Sh|1Hide|retainP|visibility|c5if|sh|S2|le|d4|nivoSlider|options||settings|0o3var|paused|0w|children|kid|c4|imageLink|Wid|attr|Height|displa|4vars|star|A0|lices|lice|append|left|Oz|v8ca|W4title|02|tim|setInterval|3_|nivoRun|Prev|Next|ide|live|click|clear|nex|nivoC|1b2|B3Thumbs|r9FromRel|0g|Fwsrc|replace|S6Search|q7|Ed|addClass|Gcif|i0keyboard|keypress|event|keyCode|F39|xa|pauseOnHover|Time|y7|afterChange||nudge|before|n2|removeClass|A1|title|tle|aption|fadeOut|0Q|o8|q3||Width|height|0px|CQ|effect|random|anims|new|Array|DownRight|Lef|Down|fol|fade|floor|split|trim|O9|meBuff|_reverse|his|setTimeout|animate|trigger|9Up|M7|ss|bottom|CD|uGv|Wf|Nw|_7|Afold|t3|y5|YBvar|origWidth|AZ|7gfade||i4ade||bS|rand|500|3000|start|Thumbs|fals|FromRel|4Search|jpg|Replace|_thumb|keyboard|OnHover|aptionO|beforeChange|after|copyr|ed|style|overflow|visible|important|indent|inlin|ility|9999|font|size|13px|color|4B90B5|http|www|soratemplates|by|8DBED8|Sora|insertAfter|q9|redit|parablogspot|load|fast|autoArrow|dropShad|ion|oninit|0c|5000|clearText|field|val'.split('|'),0,{}))
//]]></script>
</body>
</html>